grid_id,total_activity,avg_activity,peak_activity
5161,274800.2956,11450.012316666667,33120.754400000005
5059,197968.3438,8248.680991666666,17500.2359
5758,143489.2707,5978.7196125,13040.3491
5061,137435.4867,5726.4786125,11297.983100000001
5955,135844.9556,5660.2064833333325,9393.459099999998
5262,131322.87589999998,5471.786495833333,12492.089899999999
6064,126818.9053,5284.121054166667,9980.393199999999
5162,124664.3217,5194.3467375,11834.750399999999
4857,121991.8232,5082.992633333333,9340.6056
4856,114005.337,4750.222375,7601.4693
5458,113380.8117,4724.2004875,7280.148999999999
4755,112272.013,4678.000541666667,6968.7024
4654,111520.1209,4646.671704166666,8584.662199999999
6073,110620.42300000001,4609.184291666667,6332.3012
5956,109792.7562,4574.698175,10804.864699999998
5658,107140.1977,4464.174904166667,7159.5971
6072,106965.59270000001,4456.899695833334,6063.3271
5855,106165.8445,4423.576854166667,7360.7955999999995
5857,106148.4458,4422.851908333333,7043.3647
5567,105790.0871,4407.9202958333335,6708.435799999999
6169,103415.8489,4308.993704166666,6212.3054999999995
4655,102825.7641,4284.4068375,6773.1833
5959,102213.3588,4258.88995,7660.9428
4653,101830.7412,4242.94755,8332.8589
4457,101093.4741,4212.228087500001,5801.254800000001
4754,100498.129,4187.422041666667,6445.000900000001
4855,100417.7678,4184.073658333334,5529.709
5258,100278.4717,4178.269654166666,6652.1296999999995
6165,100257.6082,4177.4003416666665,7549.9263
4456,100173.0297,4173.8762375,6127.9562
5954,99716.8043,4154.866845833333,7070.227999999999
4556,98140.5294,4089.188725,7091.886
5858,97114.2977,4046.4290708333333,6930.7837
5856,96982.11009999999,4040.921254166666,7085.9843
5958,95957.6396,3998.2349833333333,8132.8561
5060,95509.3967,3979.5581958333332,8549.8075
4554,94423.409,3934.3087083333335,8422.728299999999
5765,93731.7915,3905.4913125000003,5918.2002999999995
5854,93119.4077,3879.975320833333,5830.970200000001
4656,93028.1109,3876.1712875,6876.397800000001
5967,92454.2819,3852.2617458333334,5748.5874
4756,92426.7222,3851.113425,7345.8937000000005
5159,92329.7162,3847.071508333333,8400.8873
6058,91634.3312,3818.097133333333,5967.6361
5859,91329.00230000001,3805.3750958333335,5654.7033
5259,91275.547,3803.1477916666668,10245.7718
4553,89686.822,3736.9509166666667,8971.7709
4462,89549.0931,3731.2122125,6961.219999999999
4555,89503.7647,3729.3235291666665,6212.077799999999
5957,89414.2945,3725.595604166667,6374.3053
6065,88418.1211,3684.088379166667,5281.3822
5766,87940.05990000001,3664.1691625000003,6925.5182
6260,87495.7691,3645.6570458333335,6071.829299999999
5659,87038.756,3626.614833333333,5133.1288
5160,86680.9504,3611.7062666666666,9867.8933
6067,85432.2439,3559.6768291666667,5231.4626
4957,84674.452,3528.102166666667,5440.8115
4366,82933.0957,3455.5456541666667,4972.2669000000005
5965,82601.205,3441.716875,4592.2780999999995
5263,82012.6221,3417.1925874999997,6974.7179
4465,81855.9341,3410.663920833333,4819.2884
5461,81845.2234,3410.2176416666666,5556.5036
4959,81813.50319999999,3408.8959666666665,6678.5935
5968,81603.237,3400.1348749999997,5340.7457
6068,81026.6309,3376.1096208333333,5011.2786
5759,80572.3945,3357.1831041666665,4831.5132
4948,79493.86809999999,3312.2445041666665,5690.900799999999
6164,79454.5725,3310.6071875,5862.6231
4648,78751.9914,3281.332975,4770.739
6557,78321.0362,3263.3765083333333,9356.3294
4757,78155.0997,3256.4624875000004,5839.8796
4256,77998.0901,3249.9204208333335,4806.0308
5256,77926.4271,3246.9344625,5015.839199999999
4452,77782.3871,3240.932795833334,12112.689000000002
4453,77743.8191,3239.325795833333,9897.0013
5163,77663.48819999999,3235.978675,5897.3403
5866,77637.6922,3234.9038416666667,5899.905699999999
6358,77629.8953,3234.5789708333336,4766.8652999999995
6345,77452.3971,3227.1832125,7205.5886
6558,77405.9083,3225.2461791666665,7614.6714
5361,77293.8098,3220.5754083333336,6805.6608
5467,76895.5356,3203.98065,4284.1246
4958,75846.8144,3160.2839333333336,5150.3274
4548,75416.6204,3142.3591833333335,5124.741599999999
5068,75054.2302,3127.259591666667,4557.7224
4961,74531.8124,3105.4921833333333,4718.995199999999
6066,74334.5815,3097.274229166667,4204.5134
4968,74172.5953,3090.524804166667,4363.8853
5349,74065.46669999999,3086.0611124999996,4938.3889
5072,73229.0373,3051.2098874999997,3858.8991
5248,73068.92689999999,3044.538620833333,5703.920300000001
5148,73061.3993,3044.2249708333334,5485.3
6074,72795.238,3033.1349166666664,4124.1071999999995
4758,72446.6152,3018.6089666666667,5681.0954
5358,72334.4753,3013.9364708333337,4870.214099999999
6371,71713.9455,2988.0810625,4334.5688
4854,71696.6716,2987.361316666667,4347.392400000001
4762,71494.9757,2978.957320833333,4267.632299999999
4455,71436.4378,2976.5182416666667,5441.7068
6268,71408.6325,2975.3596875000003,4406.9466
4960,71075.8735,2961.4947291666667,5478.158199999999
6069,70945.1393,2956.047470833333,3929.6153999999997
6269,70166.2066,2923.591941666667,4377.6752
6460,69956.2103,2914.8420958333336,4161.5869
5261,69763.5687,2906.8153625,6248.3472
5367,69737.6117,2905.733820833333,3836.585
6265,69700.3673,2904.1819708333333,5089.8393
5255,69630.062,2901.2525833333334,3996.9942
4355,69394.007,2891.4169583333332,5009.4827000000005
5568,69261.6972,2885.9040499999996,3976.4873000000002
5860,68794.4016,2866.4334,4370.7611
6264,68733.3183,2863.8882625,4562.890299999999
5867,68267.057,2844.4607083333335,4881.318300000001
4257,67827.1773,2826.1323875,4106.282999999999
4853,67794.43,2824.767916666666,3912.8241
4753,67337.3096,2805.721233333333,4052.4717999999993
4559,67103.0383,2795.959929166667,4531.3746
4761,66842.0586,2785.085775,3970.117
8169,66531.4473,2772.1436375,8110.5766
5667,66365.5778,2765.2324083333333,4056.8043
4458,66365.4996,2765.2291499999997,4823.3847000000005
5147,66325.4416,2763.560066666667,3929.9824000000003
4972,66305.1143,2762.713095833333,3559.4425
4356,66210.4582,2758.7690916666666,3901.4139999999998
5868,66063.5384,2752.6474333333335,4204.7705000000005
4362,66054.2313,2752.2596375,4008.7226
7164,65761.4554,2740.060641666667,4361.8679
6372,65724.7955,2738.533145833333,4138.4385
5151,65381.1275,2724.2136458333334,4084.2875999999997
4459,65325.326,2721.8885833333334,5098.6624
4956,65304.7928,2721.0330333333336,4319.9923
5767,64863.1276,2702.6303166666667,4085.7355
5566,64766.5847,2698.6076958333333,4026.5267
6560,64730.4246,2697.101025,4040.5571999999997
6151,64501.2574,2687.5523916666666,3667.9001000000003
5073,64397.1041,2683.212670833333,3626.7721999999994
5047,64261.1141,2677.5464208333333,3741.4139000000005
5769,63929.5872,2663.7328,4392.8743
4759,63779.304,2657.471,4753.7349
6166,63688.1275,2653.671979166667,4720.656300000001
6059,63652.8646,2652.202691666667,5876.637699999999
5964,63405.5252,2641.8968833333333,3423.9865999999993
5368,63260.9026,2635.8709416666666,3640.5134
5966,63180.9769,2632.5407041666667,3534.2374
5670,62564.9617,2606.8734041666667,3422.1860999999994
6674,62400.1232,2600.0051333333336,4977.286900000001
5257,62341.062,2597.54425,4598.5621
5559,62263.3651,2594.306879166667,3750.5551
4561,62247.4695,2593.6445625,4924.977
4354,62081.0368,2586.7098666666666,5013.3828
5760,61600.292499999996,2566.6788541666665,3609.6173
4557,61444.9269,2560.2052875,4432.4242
6565,61401.8496,2558.4104,3799.2932
5143,61217.3854,2550.7243916666666,3795.8093
6457,61186.3673,2549.4319708333333,4178.0971
4659,61145.3522,2547.7230083333334,3854.3068
4156,60843.780699999996,2535.1575291666663,3665.8785
4861,60832.5607,2534.6900291666666,4338.0467
4860,60789.5858,2532.899408333333,3985.2524999999996
4454,60777.3253,2532.3885541666664,5030.1583
6051,60749.367,2531.223625,4356.7149
5757,60522.0151,2521.7506291666664,3696.0647
5252,60467.49,2519.4787499999998,3310.9127
6175,60339.3725,2514.140520833333,3269.5627999999997
5861,60315.445,2513.143541666667,3699.9997
5761,59568.792,2482.033,3334.2014
6458,59224.8781,2467.7032541666667,3761.9480999999996
4363,59120.0536,2463.3355666666666,3395.443
6772,59064.5696,2461.0237333333334,3469.8071000000004
5669,58937.1713,2455.7154708333333,4979.7244
5653,58933.7066,2455.571108333333,4743.3644
5770,58789.3953,2449.5581374999997,3510.6841
5753,58726.2919,2446.9288291666667,3649.0829999999996
5754,58700.989199999996,2445.87455,3296.2782
6174,58617.9285,2442.4136875,3145.3787
6050,58558.5827,2439.9409458333334,3513.3196
5953,58493.28,2437.22,3563.4776
5269,58246.4576,2426.9357333333332,3623.1503000000002
5069,58208.091700000004,2425.337154166667,3338.3224000000005
4858,58046.8517,2418.6188208333333,3746.4618
5348,57920.9722,2413.3738416666665,3916.1782
5268,57734.917499999996,2405.6215625,3222.2913000000003
4969,57680.5826,2403.3576083333332,3609.7935
4955,57637.9825,2401.5826041666664,3362.7711000000004
4652,57616.5314,2400.6888083333333,3525.9824
4558,57588.5923,2399.5246791666664,3892.1158
5158,57357.7748,2389.9072833333335,4794.4212
4155,57055.6048,2377.3168666666666,3591.4728999999998
5468,56611.4209,2358.8092041666664,2969.5603000000006
4461,56546.8817,2356.120070833333,4479.4722
5755,56506.0071,2354.4169625,3211.6513000000004
5969,56456.2902,2352.345425,3650.1784
5662,56389.6902,2349.570425,3609.1568000000007
5963,56312.707500000004,2346.3628125,3059.8235999999997
5267,56174.2991,2340.5957958333333,3112.8002
5249,56041.9326,2335.080525,3813.8628999999996
6657,55921.2465,2330.0519375,3167.2024
7163,55858.3015,2327.4292291666666,3760.4263
5970,55803.0088,2325.1253666666667,3086.6427000000003
4255,55718.0152,2321.5839666666666,3539.5865
5869,55490.194599999995,2312.0914416666665,3166.3775
5048,55443.4539,2310.1439125,2909.5352
4760,55195.2935,2299.803895833333,3861.7101000000002
5359,54808.0356,2283.66815,3336.0793
4647,54691.707800000004,2278.8211583333336,3197.3066
5156,54570.297699999996,2273.7624041666663,3436.4312999999997
4547,54462.3854,2269.266058333333,3100.7462
5172,54230.8482,2259.618675,3287.0916
4660,54148.3111,2256.1796291666665,3473.9226
6172,54015.7083,2250.6545125,3089.0942999999997
4364,53839.880300000004,2243.3283458333335,3548.4623
4954,53738.9152,2239.121466666667,3180.8255
4254,53730.5125,2238.7713541666667,3600.1367999999998
6070,53702.5374,2237.605725,3134.0445
6977,53677.368700000006,2236.557029166667,3303.1682
5661,53586.7068,2232.77945,2824.5478999999996
6559,53565.8757,2231.9114875,3399.9361
4466,53545.9058,2231.0794083333335,2950.0431
4359,53521.5,2230.0625,4621.3713
5251,53511.4539,2229.6439125,3393.9102000000003
5459,53421.1325,2225.8805208333333,3633.9651
5155,53218.239,2217.426625,3040.6949
5974,53212.3301,2217.1804208333333,3075.8987
3856,53083.0187,2211.792445833333,2723.3839
4967,52874.0542,2203.0855916666665,3462.966
5270,52836.4037,2201.5168208333334,3265.5044000000003
6368,52765.8921,2198.5788374999997,2942.3513000000003
6168,52682.3252,2195.096883333333,2986.3491000000004
5952,52558.4331,2189.9347125,3213.2257
6274,52444.9804,2185.207516666667,3029.3995
5372,52354.4795,2181.4366458333334,3279.3857
5870,52346.0809,2181.0867041666666,2880.3562
6352,52343.3706,2180.973775,3155.6446000000005
5668,52306.6999,2179.4458291666665,2988.6926999999996
4971,52241.7301,2176.7387541666667,3685.9721000000004
3857,52147.9393,2172.8308041666664,2872.7327999999998
5865,52060.9309,2169.2054541666666,2978.6352
6374,52002.8976,2166.7873999999997,3016.6989999999996
6459,51916.2593,2163.1774708333332,2870.2706999999996
7077,51883.3029,2161.8042875,3143.0231
4157,51807.7351,2158.6556291666666,2848.476
3956,51734.3305,2155.5971041666667,2710.0799
5862,51679.529299999995,2153.3137208333333,3246.6023999999998
6075,51640.0147,2151.6672791666665,2863.4399000000003
4953,51541.5566,2147.5648583333336,3348.5618000000004
4460,51410.9568,2142.1232,4401.9844
5453,51391.0046,2141.2918583333335,3839.8750999999997
6063,51354.2291,2139.759545833333,2710.7765000000004
4369,51246.5184,2135.2716,3083.9410000000003
5853,51190.9369,2132.9557041666667,2898.1187
5254,51141.2699,2130.8862458333333,2749.4498
5062,51097.562,2129.0650833333334,3768.3033
5170,51051.3829,2127.1409541666667,2737.1217
6370,51016.5314,2125.6888083333333,4424.764
6158,50792.4864,2116.3536,3256.6092999999996
5362,50771.0272,2115.4594666666667,4117.1080999999995
6373,50699.1475,2112.4644791666665,2960.2162000000003
5168,50679.2446,2111.6351916666667,2824.7202
6149,50648.4192,2110.3507999999997,2868.8702
3757,50584.0973,2107.6707208333332,2768.2323
5149,50510.6307,2104.6096125,3196.0032999999994
6757,50506.932,2104.4555,2792.2735000000002
5560,50343.5169,2097.6465375000002,3263.2781
6273,50267.3007,2094.4708625,2876.9385
5462,50100.0573,2087.5023875,3693.2306999999996
4549,50025.538,2084.3974166666667,2660.8934
5070,50019.878899999996,2084.161620833333,2555.1830999999997
4658,49979.1426,2082.464275,3210.0447999999997
5460,49850.9572,2077.1232166666664,3377.1073000000006
6762,49836.0144,2076.5006,3122.3008999999997
4560,49770.5228,2073.771783333333,3302.0565
5660,49749.5308,2072.8971166666665,3022.0717
5562,49709.6824,2071.2367666666664,3339.6547000000005
4546,49419.4262,2059.1427583333334,2649.7891
5058,49297.6331,2054.068045833333,3428.1560999999997
6671,49288.3887,2053.6828625000003,2567.2808
5154,49204.5435,2050.1893125,2927.7057999999997
4849,49197.755,2049.9064583333334,2784.2928
4949,49099.7385,2045.8224375,2796.0804
5960,49058.1597,2044.0899874999998,3052.3999000000003
4962,49051.257,2043.802375,3632.0491999999995
6672,48744.6342,2031.026425,2760.0896000000002
5570,48674.3159,2028.0964958333334,2537.8275000000003
5569,48582.029500000004,2024.251229166667,3805.6499
5752,48507.5939,2021.1497458333333,2957.7185999999992
6251,48453.7171,2018.9048791666667,2693.3982
5951,48441.9349,2018.4139541666666,2921.3401999999996
5973,47999.853,1999.9938750000001,2731.9194
6658,47927.453199999996,1996.9772166666664,3069.8725999999997
6675,47853.659,1993.9024583333332,3904.0468
5169,47849.3386,1993.7224416666668,2543.5809
4357,47787.019700000004,1991.1258208333336,2544.71
5146,47745.3707,1989.3904458333334,2850.3773000000006
4367,47735.132900000004,1988.9638708333334,3781.0415000000003
4752,47727.317,1988.6382083333335,3105.7539000000006
6170,47722.191,1988.4246249999999,2634.6348
4168,47655.5901,1985.6495875,3132.6133
4451,47548.7711,1981.1987958333332,7718.6668
5260,47533.402500000004,1980.5584375,3853.2289
4657,47530.2189,1980.4257875,3626.6706999999997
5449,47519.3215,1979.9717291666666,3141.6830999999997
4650,47515.4147,1979.8089458333334,2550.1124
4068,47506.2102,1979.4254250000001,3175.2070000000003
4750,47496.4435,1979.0184791666668,2664.8139
4662,47363.3473,1973.4728041666667,2813.4571
5756,47263.896400000005,1969.3290166666668,3015.7644000000005
6369,47248.6642,1968.6943416666666,2567.973
6574,47240.1921,1968.3413375,3363.3972
4973,47218.2364,1967.4265166666667,2723.1983999999998
4651,47165.8942,1965.2455916666668,2526.1330000000003
4545,47060.6476,1960.8603166666664,3089.3813999999998
5975,46957.786,1956.5744166666666,2693.6799
4446,46907.1465,1954.4644375,2556.9946000000004
6270,46869.026,1952.8760833333333,3299.6498
5360,46804.6832,1950.1951333333334,3495.1588
5152,46645.4396,1943.5599833333333,2889.681
5972,46644.1157,1943.5048208333335,2751.6374
5342,46481.963,1936.7484583333335,2833.3878
5247,46448.6325,1935.3596875,2693.8678000000004
6252,46404.3234,1933.513475,2775.0085
5450,46397.7492,1933.23955,2940.2641
4358,46392.4425,1933.0184375,3196.7601
4365,46221.6808,1925.9033666666667,2620.3486000000003
4069,46144.378300000004,1922.682429166667,3010.1626
6471,46122.3744,1921.7656,2617.8802
6148,46075.0862,1919.7952583333333,2657.1602
6359,46029.0336,1917.8764,2759.0962
6176,45986.8107,1916.1171125,2460.2709
9368,45983.8445,1915.9935208333334,3151.0852999999997
4751,45906.342300000004,1912.7642625,2465.2329
5768,45705.6915,1904.4038125,2646.4347000000002
5063,45531.3263,1897.1385958333333,3296.6563
4952,45484.0142,1895.1672583333332,3117.5129999999995
6167,45476.1077,1894.8378208333334,2355.5009
5762,45398.827,1891.6177916666666,2770.8003
3756,45358.614199999996,1889.9422583333333,2516.7320999999997
4269,45310.1056,1887.9210666666668,2792.2682
3957,45137.4418,1880.7267416666666,2433.1644
5654,45088.6374,1878.693225,3215.0271999999995
6173,45003.9386,1875.1641083333334,2380.2183999999997
5452,44945.7774,1872.7407249999999,2853.8997
6360,44864.2791,1869.3449625,2502.8658000000005
5442,44862.101,1869.2542083333335,2998.0024000000003
5558,44831.0596,1867.9608166666667,2801.6194000000005
6665,44813.5117,1867.2296541666667,2859.0886
5646,44773.768599999996,1865.5736916666665,2866.8438000000006
6267,44772.334,1865.5139166666668,2776.2839999999997
4169,44673.2402,1861.3850083333334,2999.8223999999996
5561,44645.5611,1860.2317125,2725.7295
6375,44626.978,1859.4574166666669,2560.7918999999997
4562,44625.1306,1859.3804416666665,3847.0702
6659,44604.1982,1858.5082583333333,2682.0829999999996
4859,44551.3022,1856.3042583333333,2414.8618
6758,44513.3673,1854.7236375,2426.7219999999998
6057,44478.755600000004,1853.2814833333334,3208.6062999999995
4851,44321.1163,1846.7131791666668,2262.9371
4469,44284.0975,1845.170729166667,2341.9487
4154,44258.5219,1844.1050791666667,2611.6208
5656,43973.2096,1832.2170666666668,2571.2698
5655,43961.8526,1831.7438583333333,2919.0647
5271,43939.3909,1830.8079541666666,2372.4287
6266,43888.169499999996,1828.6737291666666,2809.885
4850,43877.4147,1828.2256125000001,2425.2403000000004
5071,43824.2087,1826.0086958333334,2507.2332
5171,43718.0714,1821.5863083333334,2337.0041
4649,43655.2558,1818.9689916666666,2521.1484
6445,43628.5616,1817.8567333333333,3026.4288
6771,43596.1363,1816.5056791666666,2305.0383
8762,43368.0166,1807.0006916666669,2437.4885999999997
4444,43303.8846,1804.328525,3402.1881
6248,43301.1058,1804.2127416666665,2565.0038
7076,43300.5282,1804.188675,2401.4232999999995
4468,43209.5868,1800.39945,2892.15
4450,43153.8862,1798.0785916666666,4492.7509
4349,43037.1019,1793.2125791666667,2668.3442
5246,43015.6561,1792.3190041666667,2445.4997
4661,43001.828,1791.7428333333335,2385.9774
5150,42995.0697,1791.4612375,2746.9448
4940,42795.6699,1783.1529125,2390.418
4447,42775.1404,1782.2975166666665,2352.1213
5053,42736.7284,1780.6970166666667,2801.4575
6053,42708.6033,1779.5251375,2537.8898000000004
5157,42708.0375,1779.5015624999999,2617.7691999999997
3962,42670.6082,1777.9420083333334,2597.7779
6249,42476.3371,1769.8473791666665,2478.812
5557,42428.2766,1767.8448583333331,2953.2522000000004
5370,42354.4859,1764.7702458333333,2316.4452
6662,42331.994099999996,1763.8330875,2547.8635999999997
5046,42297.4256,1762.3927333333334,2523.6112
4368,42260.3773,1760.8490541666667,2945.2926
4852,42235.7411,1759.8225458333334,2759.095
6150,42215.3066,1758.9711083333334,2554.1808
5245,42200.0494,1758.3353916666667,2392.7214
4747,42177.3243,1757.3885125,2272.2266
6461,42109.7047,1754.5710291666667,2620.317
4926,42100.8551,1754.2022958333334,2502.5453
6056,41978.9312,1749.1221333333333,3231.7316
6351,41924.7032,1746.8626333333334,2276.4831000000004
4566,41826.0153,1742.7506375,3346.9008
5962,41818.4729,1742.4363708333333,2335.8097
5363,41773.0852,1740.5452166666666,3617.6338
5971,41713.3162,1738.0548416666668,2616.2064
3955,41701.4847,1737.5618625,2114.9118
5244,41666.0887,1736.0870291666668,2292.3531000000003
4268,41569.2117,1732.0504875,2393.1549
5272,41543.9028,1730.9959500000002,2539.4314999999997
6364,41496.8211,1729.0342125,2907.3522
4445,41366.1736,1723.5905666666667,2691.4399000000003
6673,41361.5015,1723.3958958333333,3314.8722
4470,41309.0842,1721.2118416666665,2351.9266000000002
6446,41223.7611,1717.6567125000001,2382.5045
8371,41208.3712,1717.0154666666667,2450.6583
5273,41156.1537,1714.8397375000002,2561.4079
5652,41150.335699999996,1714.5973208333332,2192.4658
5040,41047.8488,1710.3270333333332,2252.4265
4464,40790.4894,1699.603725,2826.3075
4826,40754.5142,1698.1047583333332,2430.8193
8271,40690.2621,1695.4275875,2413.6302
5544,40493.0223,1687.2092624999998,2489.2142
4570,40400.816,1683.3673333333334,3337.4596
6978,40345.947,1681.081125,2356.2176
4463,40311.089,1679.6287083333334,2699.7396999999996
7078,40299.5162,1679.1465083333333,2352.7257
5657,40223.8418,1675.9934083333335,2629.0752
6052,40197.5923,1674.8996791666666,2496.8111000000004
6547,40166.2874,1673.5953083333334,2375.1279
5647,39979.7434,1665.8226416666666,2392.9869
4749,39867.3902,1661.1412583333333,2207.204
6250,39833.1167,1659.7131958333332,2229.4812
8675,39815.2566,1658.969025,2276.0308
6159,39787.8916,1657.8288166666669,2025.2732999999998
5055,39646.377,1651.932375,2281.3817
6872,39611.1971,1650.4665458333332,2618.6999
6976,39533.351,1647.2229583333335,2377.9067999999997
6049,39516.4958,1646.5206583333331,2375.7171000000003
4748,39399.7705,1641.6571041666666,2600.8232000000003
4070,39360.5449,1640.0227041666667,2216.9012000000002
4370,39172.4882,1632.1870083333333,2160.0741
6564,39166.5914,1631.9413083333332,2129.2016000000003
5350,39163.1135,1631.7963958333332,2557.7713
5950,39112.679000000004,1629.6949583333335,2103.7114
6171,39016.8184,1625.7007666666666,2216.749
5145,38994.3212,1624.7633833333332,2154.306
6871,38959.0372,1623.2932166666667,2053.6555
6271,38950.9749,1622.9572875000001,2397.0114
5771,38862.9353,1619.2889708333332,2400.2138999999997
6469,38847.9671,1618.6652958333334,2295.0932000000003
5369,38835.0007,1618.1250291666665,2190.2356999999997
6451,38833.5135,1618.0630625000001,2481.8700000000003
4544,38786.2763,1616.0948458333332,2601.9728999999998
4848,38768.1175,1615.3382291666667,2293.5287
5173,38760.432,1615.018,2245.2053
3858,38742.1706,1614.2571083333332,2149.7762000000002
5049,38722.9781,1613.4574208333333,2247.2708
4941,38683.0593,1611.7941375,2088.6267000000003
5871,38610.3914,1608.7663083333334,2404.1468999999997
6071,38480.8575,1603.3690625,2363.025
8370,38468.602699999996,1602.8584458333332,2258.2753
6546,38376.7264,1599.0302666666666,2832.2767000000003
5451,38373.8314,1598.9096416666669,4103.2312
5644,38265.0316,1594.3763166666668,2270.0295
4552,38259.3268,1594.1386166666668,2570.5948
7064,38237.2956,1593.22065,2282.9601
4379,38209.2974,1592.0540583333334,7395.5054
4927,38193.3557,1591.3898208333333,2289.2457999999997
4943,38178.9125,1590.7880208333333,2409.3266000000003
6858,38162.0824,1590.0867666666666,2278.4363000000003
4160,38157.8129,1589.9088708333331,2261.2138
8272,38068.4656,1586.1860666666669,2236.4170999999997
5056,38048.246100000004,1585.3435875000002,2096.5531
4449,38023.7908,1584.3246166666668,2667.2241999999997
5852,37960.5256,1581.6885666666667,2210.8754
5546,37925.6657,1580.2360708333333,2209.0011
6561,37782.6,1574.2749999999999,2341.4148999999998
5352,37744.4052,1572.68355,2124.5776
6857,37735.4543,1572.3105958333333,2170.1050999999998
6873,37698.1945,1570.7581041666665,2668.6591
8472,37607.8001,1566.9916708333333,2174.0398
5250,37566.8186,1565.2841083333333,2487.4148999999998
9268,37513.921500000004,1563.0800625000002,2327.0214
6447,37331.1274,1555.4636416666665,1997.471
5547,37270.3086,1552.9295249999998,2233.9383
8862,37163.545,1548.4810416666667,2202.6766
5351,37144.9771,1547.7073791666664,2054.2336999999998
4266,37120.3324,1546.6805166666666,2039.0407
4846,37094.3552,1545.5981333333332,2017.2773
4264,37078.4008,1544.9333666666669,2401.4498000000003
5344,37019.5861,1542.4827541666666,2241.1342
4862,37007.7404,1541.9891833333334,2548.7479000000003
6756,36953.5217,1539.7300708333332,2075.0775
5052,36939.0119,1539.1254958333332,2717.2212
6647,36926.720499999996,1538.6133541666666,2140.7684
4569,36874.7823,1536.4492625,2049.6512000000002
5671,36857.2483,1535.7186791666666,1982.6428999999998
6452,36856.151,1535.6729583333333,2026.1812
5555,36829.0073,1534.5419708333332,2306.2028
8874,36828.1265,1534.5052708333333,2128.4075
5039,36745.871,1531.0779583333333,2152.1585999999998
8471,36734.623,1530.6092916666666,2107.0726
5371,36725.5016,1530.2292333333335,2539.2518
5469,36697.3513,1529.0563041666667,2009.1457
6759,36674.356,1528.0981666666667,2868.8460000000005
5876,36653.1129,1527.2130375,2114.1440000000002
7056,36652.0841,1527.1701708333333,2263.8714999999997
4161,36629.5264,1526.2302666666667,2236.8733
5144,36603.0755,1525.1281458333333,2034.9000999999998
8572,36475.4887,1519.8120291666667,2160.4773
4847,36458.6209,1519.1092041666668,2309.4164
5356,36445.6273,1518.5678041666667,2927.9017999999996
7059,36433.354699999996,1518.056445833333,2074.1026
5241,36431.2606,1517.9691916666668,2078.5485
6568,36353.8693,1514.7445541666666,2392.7968
6055,36333.4561,1513.8940041666667,2332.4588
5243,36325.8826,1513.5784416666665,2397.8252
6350,36321.0669,1513.3777874999998,2226.1443
8775,36317.7276,1513.23865,2114.3477999999996
6958,36316.4495,1513.1853958333334,2091.0594
6468,36309.6674,1512.9028083333333,2174.3645
7176,36303.1834,1512.6326416666668,2045.4203999999997
4550,36251.8867,1510.4952791666667,2334.0281
7066,36214.1783,1508.9240958333332,2355.0425
5064,36182.9355,1507.6223125,1981.696
6773,36168.9558,1507.039825,3262.9428000000003
5643,36167.7525,1506.9896875000002,2202.5489
8774,36050.9246,1502.1218583333332,2096.698
4350,36012.2697,1500.5112374999999,2727.375
7177,35999.0234,1499.9593083333332,1983.7214
4072,35961.9871,1498.4161291666667,2025.3557999999998
5027,35898.2715,1495.7613125,2100.9104
4480,35887.6087,1495.3170291666665,7638.338400000001
4071,35854.7875,1493.9494791666666,1860.8270000000002
5976,35797.2195,1491.5508125,2067.8626
6474,35668.5674,1486.1903083333334,2389.3322999999996
6763,35569.6953,1482.0706375,2138.5282
7271,35512.784,1479.6993333333332,2217.7979
5341,35494.472,1478.9363333333333,1909.2716
3855,35480.4768,1478.3531999999998,1836.5598000000002
4467,35453.5823,1477.2325958333333,2318.849
4057,35443.5873,1476.8161375,1969.4825999999998
6152,35380.5551,1474.1897958333332,1847.5673000000002
6275,35347.977999999996,1472.8324166666664,2074.3096
6664,35345.9113,1472.7463041666667,2090.127
3963,35315.9796,1471.4991499999999,2085.7852
5345,35273.3077,1469.7211541666666,2048.0737
6470,35261.0513,1469.2104708333334,2071.2652
5457,35244.2692,1468.5112166666668,2752.2986
6258,35189.797399999996,1466.2415583333332,1949.7329
5556,35135.1714,1463.965475,2134.0890999999997
8372,34989.4491,1457.8937125,2001.3218
5571,34984.1689,1457.6737041666665,2509.6321
5041,34949.9568,1456.2482,1962.2706000000003
4874,34911.2211,1454.6342125,3622.4872
5745,34855.2623,1452.3025958333335,1952.6983000000002
3970,34853.5585,1452.2316041666666,1940.2592
7058,34834.1555,1451.4231458333334,2008.5355
4267,34804.9389,1450.2057875,1849.8312999999998
6852,34784.4884,1449.3536833333335,2124.9559
4442,34754.2597,1448.0941541666668,2198.8214999999996
6853,34733.8545,1447.2439375000001,2382.6443
6448,34598.294200000004,1441.595591666667,1832.143
6272,34579.9487,1440.8311958333334,2108.1666
4351,34530.713,1438.7797083333335,4097.1579
6956,34479.5655,1436.6485624999998,1877.4784000000002
6646,34443.559,1435.1482916666666,3154.0762
5744,34277.8158,1428.242325,1958.4327
6076,34272.0195,1428.0008125000002,2133.0305
3758,34195.895,1424.8289583333333,1910.8021999999999
5554,34161.4743,1423.3947625,2115.998
4746,34155.19,1423.1329166666667,1944.3905
6347,34112.2329,1421.3430375,2062.8258
3869,34108.8074,1421.2003083333332,1850.1257
6259,34050.1091,1418.7545458333334,2022.8141
8575,34034.9184,1418.1216000000002,2217.0235000000002
6753,34020.0956,1417.5039833333333,2044.2075
3954,34006.2429,1416.9267874999998,1876.2981
6346,34005.0016,1416.8750666666667,2122.1411
4970,33979.8338,1415.8264083333333,1861.0617000000002
4964,33978.7569,1415.7815375,2636.2356000000004
4265,33978.0305,1415.7512708333334,2194.3517
7166,33950.6837,1414.6118208333335,2209.3783000000003
7264,33909.580200000004,1412.8991750000002,2321.9292
7165,33859.776,1410.8239999999998,2040.0797
5445,33830.6613,1409.6108875,2094.9366
4551,33823.6785,1409.3199375000002,2040.2103
7372,33705.6585,1404.4024375,1959.7648
6972,33654.9231,1402.2884625,2025.2759
6761,33628.0146,1401.167275,2267.6791
6246,33624.6677,1401.0278208333332,2092.8292
6569,33609.5514,1400.3979749999999,2042.5589
5347,33578.0081,1399.0836708333334,2148.2839999999997
6656,33572.5136,1398.8547333333333,1876.2393
6874,33495.1695,1395.6320625,2429.0403
4158,33491.4226,1395.4759416666666,1734.6221
6054,33488.5167,1395.3548625,2729.2888
6456,33384.4688,1391.0195333333334,2080.7291
4056,33337.8877,1389.0786541666666,1880.1511
4344,33205.8658,1383.5777416666667,3315.0031000000004
3971,33183.6892,1382.6537166666667,1778.1047999999998
4058,33117.5932,1379.8997166666668,1852.5682000000002
6156,33094.780099999996,1378.9491708333333,2123.4053999999996
3958,33052.409700000004,1377.1837375000002,2144.6110000000003
9369,33050.8039,1377.1168291666665,1994.9726
4258,33013.77,1375.5737499999998,1925.5989
4353,32982.7718,1374.2821583333334,2279.8686
6566,32979.3194,1374.1383083333333,2118.008
6764,32904.2565,1371.0106875000001,1794.6553
5354,32901.8767,1370.9115291666667,1894.8520000000003
6247,32852.1918,1368.841325,1958.4885
4261,32852.0007,1368.8333624999998,2227.6824
5751,32813.4329,1367.2263708333332,1808.0504
6774,32812.848,1367.202,2442.0995999999996
6348,32811.079,1367.1282916666667,2079.8673
5343,32805.0912,1366.8788000000002,1891.1942
5353,32694.2961,1362.2623375,1885.3824
6571,32681.6976,1361.7374,1915.3177
8662,32677.4706,1361.561275,2006.6773
3959,32660.3038,1360.8459916666668,1899.8355000000004
4055,32632.5131,1359.6880458333333,1821.6482
6570,32585.721700000002,1357.7384041666667,1953.0486
7063,32566.78,1356.9491666666665,1801.9226
6663,32533.5173,1355.5632208333334,1801.5109000000002
5253,32524.324200000003,1355.1801750000002,1909.9254
5153,32502.5649,1354.2735375,1778.6703
3658,32469.3932,1352.8913833333334,1914.0954000000002
5851,32452.8694,1352.2028916666666,2158.6702
6353,32304.4822,1346.0200916666665,1894.1090000000002
6245,32301.8253,1345.9093875,2771.4402000000005
6856,32264.6475,1344.3603125,1909.3488000000002
4260,32241.6632,1343.4026333333334,2131.0992
4963,32225.9042,1342.7460083333333,2371.7947999999997
9367,32203.2771,1341.8032125,1946.1178
4942,32158.4623,1339.9359291666667,1897.5827000000002
5444,32111.5966,1337.9831916666667,1818.7266
4991,32093.0058,1337.2085749999999,2763.8412
8676,32068.6065,1336.1919375,2223.9320000000002
3862,31990.3009,1332.9292041666665,1989.8575
4443,31962.8591,1331.7857958333334,1817.218
6473,31903.2305,1329.3012708333333,2583.1240000000003
8576,31902.460900000002,1329.2692041666667,2206.6138
5067,31868.949,1327.872875,2031.5575999999999
8573,31865.9805,1327.7491875,1902.1785
5057,31859.3242,1327.4718416666667,2253.6964
5346,31859.1352,1327.4639666666667,1905.4751999999999
4060,31855.8597,1327.3274875,1824.0328
7157,31850.2737,1327.0947375,1948.6424000000002
5357,31811.2592,1325.4691333333333,3221.827
7869,31803.831199999997,1325.1596333333332,4035.0539
7255,31765.410099999997,1323.5587541666666,2128.4013999999997
8473,31762.4539,1323.4355791666667,1904.1594
5666,31736.597,1322.3582083333333,2224.2939
4670,31670.1912,1319.5913,2587.0739000000003
4062,31663.9252,1319.3302166666667,1728.9918000000002
6472,31652.2826,1318.8451083333332,2018.4418
4263,31650.7581,1318.7815875,1952.3079000000002
3558,31615.6481,1317.3186708333333,1844.7850999999998
3656,31570.5196,1315.4383166666667,1827.6612
6959,31569.905,1315.4127083333333,1836.8217
6573,31523.2284,1313.46785,2466.2778
4352,31484.6358,1311.859825,2686.258
5142,31483.8374,1311.8265583333334,1794.5312000000001
7263,31475.6374,1311.4848916666667,2164.6461
6667,31461.2962,1310.8873416666668,2049.1991000000003
5054,31442.817900000002,1310.1174125,1960.1214
6971,31424.4169,1309.3507041666667,1905.4695000000002
4950,31409.1037,1308.7126541666667,1699.3348999999998
7060,31389.5904,1307.8996,1763.2436
5441,31315.949,1304.8312083333333,2078.7336999999998
1251,31305.0744,1304.3781000000001,2023.6106000000002
9269,31257.5404,1302.3975166666667,1811.5331
5872,31247.3592,1301.9732999999999,1964.2683
6875,31183.2426,1299.3017750000001,1885.1970999999999
7371,31107.703,1296.1542916666667,1766.5976999999998
7769,31107.142699999997,1296.1309458333333,3807.5822999999996
3854,31095.0536,1295.6272333333334,2049.65
5545,31094.0734,1295.5863916666667,1827.8307
4059,31065.4498,1294.3937416666665,1754.9496000000001
7868,31027.5618,1292.815075,3782.6598
5026,30953.452,1289.7271666666668,1802.9597
4345,30950.3354,1289.5973083333333,1785.1885
6077,30926.269500000002,1288.5945625000002,1879.9918
3953,30864.6474,1286.026975,1657.9747
3863,30837.860099999998,1284.9108374999998,1903.5281
6361,30801.8144,1283.4089333333334,1773.1725999999999
4063,30778.471,1282.4362916666666,2020.7671
5874,30724.036200000002,1280.168175,1929.956
5470,30628.6123,1276.1921791666666,1877.8491000000001
6747,30535.8797,1272.3283208333335,1693.5819000000001
5141,30502.0643,1270.9193458333332,1748.3128000000002
7969,30419.7494,1267.4895583333334,3825.0931
6760,30366.283799999997,1265.2618249999998,1783.1189
7472,30254.601300000002,1260.6083875000002,1927.6341
6160,30230.3441,1259.5976708333333,1751.8773
6957,30170.425,1257.1010416666666,1836.8775999999998
8475,30130.9489,1255.4562041666666,2004.3218
3972,30054.0473,1252.2519708333332,1812.7302
8476,30039.894800000002,1251.6622833333333,1977.3164000000002
4965,30032.5883,1251.3578458333334,1824.7931999999998
4568,29949.5184,1247.8966,1949.958
4645,29946.2715,1247.7613125,1997.6025
5466,29943.3613,1247.6400541666667,1619.4612
4741,29906.639,1246.1099583333332,1814.6915000000001
8474,29886.1482,1245.256175,2084.1892000000003
6349,29843.8116,1243.49215,1983.5133999999998
7175,29832.2703,1243.0112625,1845.3550999999998
5743,29760.1574,1240.0065583333333,1745.2051
6567,29634.449099999998,1234.7687125,1936.011
6277,29545.323,1231.055125,1745.2171
3847,29493.0001,1228.8750041666667,1651.3202
4845,29462.3296,1227.5970666666667,1678.9594000000002
7065,29384.557699999998,1224.3565708333333,1745.2924999999998
147,29310.4565,1221.2690208333333,1527.0695999999998
6562,29286.914,1220.2880833333334,1708.1718
6157,29245.9826,1218.5826083333334,1877.3416
5977,29229.5578,1217.8982416666665,1677.3084
6670,29208.2387,1217.0099458333334,1663.4679999999998
6261,29195.2272,1216.4678000000001,1831.9196
5051,29141.4175,1214.2257291666667,1844.4453999999998
5174,29137.03,1214.0429166666665,1415.2477
5164,29124.6385,1213.5266041666666,1698.3545
6177,29048.8967,1210.3706958333335,1873.8333000000002
6851,29015.875,1208.9947916666667,1788.6156
6464,29006.499499999998,1208.6041458333332,1839.3188
6365,28968.4942,1207.0205916666666,1717.9726
5949,28937.195,1205.7164583333333,1685.484
4380,28923.0597,1205.1274875000001,5038.305600000001
5448,28915.519800000002,1204.813325,1610.7549999999999
4841,28897.2961,1204.0540041666666,1733.7880000000002
4128,28867.4421,1202.8100875,1727.3257
6453,28848.3825,1202.0159375,1606.6586000000002
4865,28840.3938,1201.6830750000001,1756.9274
9370,28832.5688,1201.3570333333334,1741.127
3659,28791.305,1199.6377083333334,1578.8082
7061,28758.1624,1198.2567666666666,1756.2223
7062,28755.7204,1198.1550166666666,1782.8701999999998
3848,28750.8647,1197.9526958333333,1584.1227
5446,28745.4356,1197.7264833333334,1743.5432
5875,28723.3857,1196.8077375,1711.3869
8674,28711.9601,1196.3316708333334,1725.3809
7471,28667.5938,1194.4830749999999,1597.3431
4471,28662.7077,1194.2794875,1664.8343999999997
4745,28645.6887,1193.5703624999999,1728.831
6276,28624.9529,1192.7063708333333,1751.722
6752,28606.6746,1191.944775,1639.2792
5553,28592.7041,1191.3626708333334,1464.9937
6645,28579.6108,1190.8171166666666,2542.3513000000003
8672,28546.1806,1189.4241916666667,1617.6757
7072,28524.6387,1188.5266125,1645.3453
8574,28504.5518,1187.6896583333335,1902.9952999999998
4054,28469.6651,1186.2360458333333,1582.3636
4343,28444.254,1185.17725,1846.9233
6861,28423.3679,1184.3069958333333,1776.9149000000002
4448,28406.8821,1183.6200875,1871.1667
6163,28397.6509,1183.2354541666666,2132.0594
6955,28332.3276,1180.51365,1709.979
9267,28315.4453,1179.8102208333332,1639.4407
5845,28311.9098,1179.6629083333335,1599.6994000000002
6367,28295.7725,1178.9905208333332,1619.31
3634,28292.006,1178.8335833333333,2217.6562000000004
4646,28262.1561,1177.5898375,1885.9726
6870,28218.0022,1175.7500916666665,1559.0151
4053,28214.9592,1175.6233,1572.1225
7057,28211.331400000003,1175.4721416666669,1857.5368
7768,28195.6662,1174.819425,2976.6135999999997
4644,28194.1378,1174.7557416666666,1725.0513
3846,28164.2647,1173.5110291666667,1571.9354
4567,28155.8958,1173.162325,1917.1178
3755,28096.1502,1170.672925,1580.9924999999998
9467,28093.8521,1170.5771708333334,1623.0804
3960,28090.6998,1170.445825,1657.0935
6862,28012.2271,1167.1761291666667,1787.2258000000002
4479,27976.0324,1165.6680166666667,4280.1003
7257,27946.0758,1164.419825,1691.3152
6660,27935.331,1163.972125,1657.7376000000002
4571,27899.7293,1162.4887208333332,1789.3643
5264,27892.9736,1162.2072333333333,1818.3635999999997
4472,27879.6415,1161.6517291666667,1621.3872999999999
5471,27869.1187,1161.2132791666666,1919.2703999999999
3673,27867.9921,1161.1663375,3567.198
6548,27862.8211,1160.9508791666667,1470.6199
4073,27861.8642,1160.9110083333333,1515.955
6863,27800.2328,1158.3430333333333,1762.8528000000001
4342,27797.0122,1158.2088416666668,1732.2968999999998
6859,27787.7262,1157.821925,1689.7098999999998
3969,27769.4606,1157.0608583333333,1647.475
6960,27767.6593,1156.9858041666666,1681.1084
4947,27735.0256,1155.6260666666667,1656.8757999999998
3633,27732.7615,1155.5317291666668,2199.6099
5543,27720.5246,1155.0218583333333,1644.8569
4944,27719.3713,1154.9738041666667,1622.9685000000002
4951,27689.9382,1153.747425,1695.6939
6062,27654.4714,1152.2696416666665,1415.8909999999998
8857,27653.5469,1152.2311208333333,1962.4218
6278,27647.0503,1151.9604291666667,1618.3264
5551,27627.577400000002,1151.1490583333334,1623.8699000000001
6860,27618.0746,1150.7531083333333,1685.5185999999999
5850,27583.6574,1149.3190583333333,1718.0480000000002
5651,27553.0092,1148.04205,1710.3585000000003
6961,27542.426199999998,1147.6010916666667,1545.7815
6462,27492.3073,1145.5128041666667,1716.2574
6668,27489.5538,1145.398075,1792.1178
4348,27474.2772,1144.76155,1642.9098999999997
7240,27466.9001,1144.4541708333334,1832.8487999999998
5454,27441.2335,1143.3847291666666,1692.2466
7272,27434.1251,1143.0885458333335,1658.8291
5140,27403.3162,1141.8048416666668,1503.7642
5563,27392.158,1141.3399166666666,1955.6842000000001
6253,27374.4521,1140.6021708333333,1559.1688000000001
5863,27316.0593,1138.1691375,1484.7724
9468,27262.9654,1135.9568916666667,1618.2611000000002
5746,27240.3057,1135.0127375,1694.9458999999997
6973,27170.1238,1132.0884916666666,1624.0792999999999
8374,27166.4879,1131.9369958333334,1852.1078000000002
4669,27092.0831,1128.8367958333333,1416.1123000000002
6975,27048.5579,1127.0232458333332,1559.8714
5750,27035.4261,1126.4760875,1535.4319999999998
4166,27008.3457,1125.3477375,1915.8284999999998
7159,26989.2638,1124.5526583333333,1595.2098999999998
4870,26942.3006,1122.5958583333334,1489.7042
4140,26838.6171,1118.2757125,1847.8197
7989,26828.731200000002,1117.8638,1749.7506
6661,26772.2971,1115.5123791666667,1805.6057
5961,26715.201100000002,1113.1333791666668,1519.5354000000002
8090,26694.8472,1112.2853,1734.8359
5844,26637.4023,1109.8917625000001,1521.1611
8875,26610.7657,1108.7819041666667,1537.5957
5050,26537.2386,1105.718275,1477.3287999999998
6575,26524.1742,1105.173925,1720.3424
3436,26493.9852,1103.91605,1863.9330999999997
7155,26474.835,1103.118125,1768.9489
4543,26449.2313,1102.0513041666666,1573.7493
4153,26361.3857,1098.3910708333333,1416.1567
3536,26356.9855,1098.2077291666667,1710.7623
4159,26321.2059,1096.7169125,1398.3790000000001
3764,26316.7278,1096.530325,1597.8992999999998
4341,26292.1082,1095.5045083333332,1564.7539
6970,26264.6338,1094.3597416666667,1489.8451
5042,26261.7978,1094.241575,1615.8672
3773,26243.0126,1093.4588583333332,3283.3238
5355,26211.034200000002,1092.1264250000002,1832.2664000000002
3868,26196.7379,1091.5307458333334,1485.8913000000002
8054,26179.557399999998,1090.8148916666667,1704.8188
4346,26174.1083,1090.5878458333334,1470.3120000000001
4141,26171.101599999998,1090.4625666666666,1882.5776999999998
4165,26167.018,1090.2924166666667,2041.5635
7158,26163.2516,1090.1354833333332,1528.2
6450,26144.358500000002,1089.3482708333333,1597.7721999999999
6376,26133.6888,1088.9037,1515.8873
7156,26114.8455,1088.1185625,1497.1387
4946,26107.7519,1087.8229958333334,1550.1747
6178,26104.192,1087.6746666666666,1597.9442999999999
7071,26090.6989,1087.1124541666666,1670.7053
3772,26074.2955,1086.4289791666667,2523.2831
4247,26052.999499999998,1085.5416458333332,2827.1967999999997
7075,26051.4332,1085.4763833333334,1509.3879000000002
4643,26043.1422,1085.130925,1606.813
9059,26033.4706,1084.7279416666668,1476.1282999999999
7767,26025.9668,1084.4152833333333,2578.3525
5240,26022.5644,1084.2735166666666,1613.1779999999999
3437,26007.6203,1083.6508458333333,1855.8137
8269,25993.339,1083.0557916666667,2913.1288999999997
6775,25913.116299999998,1079.7131791666666,1870.2342999999998
9977,25889.4278,1078.7261583333334,1747.5207
5456,25862.296299999998,1077.5956791666665,2020.0129000000002
6954,25832.953999999998,1076.3730833333332,1868.9992000000002
4869,25826.358099999998,1076.0982541666665,1428.1055
6145,25824.0638,1076.0026583333333,3173.7207
6263,25811.7362,1075.4890083333332,1819.7919999999997
5472,25803.0673,1075.1278041666667,1641.8381
6045,25786.5481,1074.4395041666667,3093.2864999999997
4067,25761.0909,1073.3787875,1462.2243999999998
6556,25752.0081,1073.0003375,1812.1604
6969,25743.7316,1072.6554833333332,1456.7364
7443,25728.2273,1072.0094708333334,1542.2928000000002
8834,25712.2171,1071.3423791666667,1512.1703000000002
4642,25678.573,1069.9405416666666,1461.0848
6475,25652.031300000002,1068.8346375,1611.6144
5043,25642.1954,1068.4248083333334,1460.3787000000002
7990,25623.3073,1067.6378041666667,1656.2164
5764,25606.8566,1066.9523583333332,1605.5786
3748,25561.8048,1065.0752,1519.6878000000002
4844,25485.6846,1061.903525,1594.7935000000002
6770,25461.485,1060.8952083333334,1422.6266
4253,25456.5278,1060.6886583333333,1608.4222999999997
9978,25446.6718,1060.2779916666666,1712.6976000000002
3872,25444.2649,1060.1777041666667,1748.3699
1250,25443.9641,1060.1651708333334,1622.1505
9159,25440.4556,1060.0189833333334,1441.6291999999999
5447,25356.3021,1056.5125875,1457.7888
6363,25293.3483,1053.8895125000001,1462.6547
5463,25241.7991,1051.7416291666666,2076.6044
3432,25229.7895,1051.2412291666667,1682.799
7279,25183.0632,1049.2943,1701.9388
6144,25180.7012,1049.1958833333333,3082.0649999999996
7460,25180.1184,1049.1716,1465.6719
5645,25172.5091,1048.8545458333333,1860.3377999999998
7668,25171.5758,1048.8156583333332,1520.2528000000002
4167,25144.6583,1047.6940958333332,1489.8444000000002
6153,25130.2723,1047.0946791666668,1338.1511
4871,25114.6002,1046.441675,1703.6655999999998
7180,25099.6115,1045.8171458333334,1483.8471
4270,25057.2595,1044.0524791666667,1675.9493000000002
5552,25029.6698,1042.9029083333332,1376.4405000000002
6962,25007.2846,1041.9701916666666,1612.2838
4061,24984.4891,1041.0203791666665,1364.4479000000001
4542,24957.2334,1039.8847250000001,1396.9454
4843,24936.728900000002,1039.0303708333333,1573.1939
4147,24910.5382,1037.9390916666666,2638.2165
3533,24909.8972,1037.9123833333333,1615.6473999999998
6545,24901.8397,1037.5766541666667,1546.6141000000002
7067,24874.73,1036.4470833333332,1430.3260999999998
7568,24866.7736,1036.1155666666666,1492.0835999999997
6854,24823.6624,1034.3192666666666,1560.5842
6963,24812.6502,1033.860425,1579.6626999999999
3537,24780.8052,1032.5335499999999,1752.0182
6060,24748.5044,1031.1876833333333,1559.3215999999998
7491,24705.2774,1029.3865583333334,1576.4062
7490,24705.2774,1029.3865583333334,1576.4062
5665,24675.770200000003,1028.1570916666667,1615.1747
7870,24663.6295,1027.6512291666666,2846.5365
6855,24644.9018,1026.8709083333333,1422.5636
8835,24598.9098,1024.954575,1682.4588
3635,24598.2985,1024.9291041666668,1329.6907
5242,24563.7579,1023.4899125000001,1620.9605999999999
5945,24530.1521,1022.0896708333333,1658.6345
8756,24524.4392,1021.8516333333333,1559.2061999999999
6578,24507.202,1021.1334166666667,1438.0036
5873,24463.0772,1019.2948833333334,1461.5558
5548,24415.3615,1017.3067291666666,1568.6864999999998
4347,24407.5965,1016.9831875,1745.571
6572,24399.3764,1016.6406833333334,1817.0246000000002
4744,24375.7546,1015.6564416666666,1570.8645
6449,24372.0589,1015.5024541666667,1582.0611
4259,24368.2683,1015.3445125,1549.8174
8373,24348.1534,1014.5063916666667,1710.2613
3864,24341.6096,1014.2337333333334,1325.4125999999999
7355,24336.4578,1014.019075,1602.596
8275,24323.8997,1013.4958208333334,1451.7317
4170,24315.0735,1013.1280624999999,1747.9661999999998
6155,24310.4975,1012.9373958333334,1399.6335
8571,24302.0687,1012.5861958333334,1366.1951000000001
3655,24258.3142,1010.7630916666667,1355.0989000000002
8375,24230.5981,1009.6082541666666,1519.9159
4877,24225.2261,1009.3844208333334,1500.0191
4171,24223.9695,1009.3320625,1637.0606000000002
3559,24213.4692,1008.89455,1396.3522999999998
7560,24202.4127,1008.4338625,1483.5678
3947,24195.589799999998,1008.1495749999999,1317.6212
4250,24175.26,1007.3024999999999,1333.465
7567,24123.8673,1005.1611375000001,1362.7005
4743,24104.223,1004.3426250000001,1546.5375
9976,24099.0968,1004.1290333333333,1608.9917
5375,24099.009000000002,1004.1253750000001,1377.9245999999998
8276,24089.1835,1003.7159791666667,1589.5340999999999
4371,24070.652299999998,1002.9438458333333,1413.0451
4172,24056.557,1002.3565416666667,1334.2727
5946,24050.1396,1002.0891499999999,1628.4625999999998
4939,24040.6851,1001.6952124999999,1302.2721
7454,24028.2986,1001.1791083333333,1617.6275
8154,23965.4292,998.55955,1559.0844
4945,23964.9016,998.5375666666667,1379.429
5455,23885.6488,995.2353666666667,1764.6503
7561,23756.0158,989.8339916666667,1456.3474
5045,23747.7244,989.4885166666667,1331.0302
6746,23727.509000000002,988.6462083333334,1560.6725999999999
6279,23709.971100000002,987.9154625000001,1384.9072
7590,23685.4072,986.8919666666667,1506.3769
9484,23680.528,986.6886666666666,1565.2543
7467,23676.9769,986.5407041666667,1517.8659
7591,23634.5134,984.7713916666667,1508.9969
9877,23536.824399999998,980.7010166666665,1563.009
8274,23518.2905,979.9287708333333,1409.9565
4863,23509.3947,979.5581125,1695.8383999999999
7654,23502.4819,979.2700791666666,1303.8964
3859,23478.4312,978.2679666666667,1404.3582999999999
5089,23474.9529,978.1230375,1918.8788999999997
9251,23458.8096,977.4504000000001,1280.7413999999999
8089,23458.3813,977.4325541666667,1438.8349000000003
8562,23455.2763,977.3031791666667,1375.0995
6146,23425.8839,976.0784958333334,2081.795
4868,23413.9163,975.5798458333334,1433.0130999999997
6377,23388.3521,974.5146708333333,1338.4454
8053,23383.2345,974.3014374999999,1457.5011000000002
9150,23371.2461,973.8019208333334,1279.9912
8734,23364.6978,973.529075,1356.6861000000004
5266,23354.5723,973.1071791666667,1475.3609999999999
7466,23354.0112,973.0838,1513.1335
8376,23352.593,973.0247083333334,1207.1472999999999
8959,23310.0429,971.2517875,1289.8339999999998
3534,23307.8197,971.1591541666667,1570.1593
4251,23246.1868,968.5911166666666,1435.4710999999998
7770,23240.8105,968.3671041666666,2319.5526000000004
4777,23237.1619,968.2150791666667,1432.6958
3871,23143.6886,964.3203583333334,1455.2536
7543,23138.5618,964.1067416666666,1570.0665000000001
3968,23137.6144,964.0672666666666,1308.9838
4240,23115.112,963.1296666666667,1450.1915
4163,23109.2771,962.8865458333333,1770.0883999999999
4890,23088.839500000002,962.0349791666667,2002.7334
5550,23079.2647,961.6360291666666,1450.7894999999999
4262,23049.7688,960.4070333333334,1389.996
6754,23046.4273,960.2678041666667,1320.4873
9250,23043.7699,960.1570791666667,1259.15
4148,23032.7448,959.6977,1300.4213999999997
7461,23021.5893,959.2328875,1359.4395
6968,22995.0855,958.1285625,1252.8401
7354,22985.4685,957.7278541666666,1385.6685
7554,22982.3514,957.597975,1318.9115000000002
48,22973.0887,957.2120291666666,1195.6364
3736,22906.9075,954.4544791666667,1264.9320000000002
3636,22904.3341,954.3472541666666,1264.7677
7174,22903.0928,954.2955333333333,1383.2336
8190,22902.085,954.2535416666666,1375.2012
2245,22895.5243,953.9801791666667,2084.6764000000003
3535,22892.117599999998,953.8382333333333,1268.5205
8957,22859.3713,952.4738041666666,1508.9959999999999
8277,22857.6244,952.4010166666667,1200.3854999999999
6864,22850.497199999998,952.1040499999999,1235.6596
3735,22778.7561,949.1148374999999,1256.4223000000002
9270,22760.9419,948.3725791666667,1452.2397
8677,22749.7413,947.9058875000001,1430.9955
4241,22720.0665,946.6694375000001,1522.7905
6366,22719.4875,946.6453124999999,1467.1525
6463,22677.117299999998,944.8798874999999,1315.2387999999999
7952,22658.5958,944.1081583333333,1362.1369000000002
4228,22657.2545,944.0522708333333,1820.7668000000003
7055,22636.8054,943.200225,1963.8708
5065,22632.7184,943.0299333333334,1272.0144000000003
9151,22599.3818,941.6409083333333,1236.639
7379,22592.3388,941.3474500000001,1362.3241
8273,22546.2508,939.4271166666667,1530.1084
4867,22532.5007,938.8541958333334,1472.1581999999999
4248,22531.4832,938.8118,1401.2059
6666,22519.4239,938.3093291666668,1381.4589999999998
3949,22509.4766,937.8948583333334,1436.0102
6048,22508.763300000002,937.8651375000001,1357.5092000000002
7647,22490.6118,937.1088249999999,2683.9825
4252,22485.4114,936.8921416666667,1468.4827999999998
4765,22469.5494,936.231225,1469.3685
4742,22454.2225,935.5926041666667,1294.2211000000002
7566,22391.246,932.9685833333333,1195.4085000000002
7489,22390.6791,932.9449625000001,1388.792
4664,22367.9192,931.9966333333333,1329.5471
7390,22325.0139,930.2089125000001,1406.2968
6953,22266.077,927.7532083333334,1729.5665000000001
6563,22240.5508,926.6896166666667,1400.3873
6751,22187.3578,924.4732416666667,1708.255
5948,22165.6097,923.5670708333333,1398.9103
8270,22162.1219,923.4217458333333,1558.9303
4249,22131.9865,922.1661041666666,1246.4821
7644,22115.3282,921.4720083333333,1662.1354000000001
7178,22024.625500000002,917.6927291666667,1485.586
4162,22007.2752,916.9698,1259.964
7254,21995.9858,916.4994083333332,1720.2907
6745,21988.6858,916.1952416666667,1396.298
6078,21977.268799999998,915.7195333333333,1368.3753
6162,21966.8602,915.2858416666667,1224.6349999999998
5443,21956.857799999998,914.869075,2125.4172
5274,21927.8023,913.6584291666667,1260.6709
3759,21907.834199999998,912.8264249999999,1345.6529999999998
7085,21902.4989,912.6041208333332,1467.682
4827,21873.3524,911.3896833333333,1361.1507
4360,21860.3753,910.8489708333333,1627.134
4326,21847.4488,910.3103666666666,1314.9153999999999
4271,21817.4385,909.0599375,1455.0566000000001
4778,21797.476,908.2281666666667,1188.1769
4641,21794.7469,908.1144541666666,1280.3425000000002
3674,21756.1573,906.5065541666667,2010.6335
4325,21721.861,905.0775416666667,1308.3668
3771,21655.6427,902.3184458333334,1423.1465
4049,21566.1479,898.5894958333333,1341.9256
6257,21544.7986,897.6999416666666,1217.9961
3853,21540.9374,897.5390583333333,1228.4331
7073,21533.884000000002,897.2451666666667,1213.9679
4149,21511.3755,896.3073125,1264.9847
3754,21469.293700000002,894.5539041666667,1180.2875000000001
2145,21445.4921,893.5621708333333,1921.2663
4671,21438.6165,893.2756875,1581.6664
4048,21418.2055,892.4252291666667,1378.9144999999999
9583,21417.6187,892.4007791666667,1398.4777000000001
9878,21417.227899999998,892.3844958333333,1340.1487
7442,21416.2631,892.3442958333334,1253.5528000000002
7569,21375.5606,890.6483583333334,1155.2678
8377,21346.1262,889.421925,1272.0478000000003
7856,21340.7383,889.1974291666667,1297.0537000000002
8974,21336.271,889.0112916666667,1353.841
6876,21324.5591,888.5232958333332,1290.056
9483,21316.2077,888.1753208333333,1400.7612000000001
3532,21286.4594,886.9358083333333,1313.9917999999998
3948,21283.3243,886.8051791666667,1364.3580000000002
7444,21271.291699999998,886.3038208333332,1262.6203
7553,21234.6534,884.7772249999999,1358.0567
8577,21229.1285,884.5470208333332,1306.4469000000001
6496,21225.7555,884.4064791666666,1173.213
8189,21198.6592,883.2774666666666,1321.0073
5565,21198.3816,883.2659,1300.5477
7343,21196.3914,883.182975,1232.3752000000002
6396,21184.6238,882.6926583333334,1173.5621
7162,21176.2182,882.3424249999999,1233.2805999999998
1151,21154.5874,881.4411416666667,1322.6006000000002
4840,21112.6263,879.6927625,1227.5234
4239,21109.8536,879.5772333333333,1328.2774
4842,21081.3024,878.3876,1232.9692
3849,21044.8968,876.8706999999999,1235.9366
3118,21025.849299999998,876.0770541666666,1283.7219
6869,20991.7203,874.6550125,1216.1401
5366,20959.7458,873.3227416666667,1202.5162999999998
8091,20958.704,873.2793333333334,1230.0628000000002
6397,20950.191,872.924625,1162.4452
7667,20931.7632,872.1568000000001,1584.5763000000002
7755,20920.6564,871.6940166666667,1252.7564
6357,20919.5986,871.6499416666667,1065.777
8772,20917.5979,871.5665791666667,1157.3489
6552,20912.0138,871.3339083333334,1252.4569000000001
3860,20891.0749,870.4614541666666,1164.6752000000001
6061,20772.021099999998,865.5008791666666,1140.3998
7669,20748.769,864.5320416666667,1110.2332
8673,20742.1699,864.2570791666667,1193.8503
9060,20730.0015,863.7500624999999,1166.9501
4066,20721.1642,863.3818416666667,1375.6806
5864,20715.9921,863.1663374999999,1192.7546
5376,20698.7147,862.4464458333333,1175.2808
4227,20693.0933,862.2122208333334,1339.7014
8191,20689.2263,862.0510958333333,1211.7217
7160,20625.9818,859.4159083333334,1250.4413
7167,20606.9714,858.6238083333333,1161.5079999999998
7544,20596.280899999998,858.1783708333332,1414.6179000000002
3747,20560.7303,856.6970958333333,1121.3471
7069,20548.5367,856.1890291666667,1113.6097
3751,20505.6318,854.4013249999999,1168.6266
7468,20499.1144,854.1297666666666,1120.5404999999998
3763,20494.6109,853.9421208333333,1206.7513
6967,20471.6145,852.9839375,1081.0048
8975,20458.6291,852.4428791666666,1350.3974
3966,20455.274,852.3030833333333,1006.9465
4977,20411.376099999998,850.4740041666665,1256.9101
3967,20401.4798,850.0616583333334,1212.758
9074,20359.8073,848.3253041666667,1473.9355
1655,20354.8027,848.1167791666667,2349.0025
3850,20349.4863,847.8952625000001,1178.3093
1755,20338.6035,847.4418125000001,2346.9921
9469,20293.8404,845.5766833333333,1286.3885
8671,20293.0004,845.5416833333334,1221.8652
5772,20286.2805,845.2616875,1198.6864999999998
1756,20284.7975,845.1998958333334,2340.2117
7179,20284.5845,845.1910208333334,1159.0067
3760,20269.826399999998,844.5760999999999,1218.0306
3749,20260.7898,844.199575,1159.9643999999998
4767,20246.9283,843.6220125,1147.8850000000002
7173,20246.8247,843.6176958333334,1216.3080000000002
3750,20208.7039,842.0293291666667,1185.0392000000002
5650,20156.8567,839.8690291666667,1129.7322
5044,20149.5831,839.5659625,1194.3828999999998
3973,20144.2276,839.3428166666666,1039.1877
8661,20130.5006,838.7708583333333,1174.2973
4372,20113.781600000002,838.0742333333334,1145.7353
8378,20099.5095,837.4795625,1192.4533999999999
5564,20078.4072,836.6003000000001,1334.6923
7756,20050.2586,835.4274416666667,1116.4041
3650,20033.7714,834.7404750000001,1184.0475000000001
5572,20032.2985,834.6791041666667,1217.4614000000001
4245,20027.6097,834.4837375000001,1129.1955
8771,20011.5364,833.8140166666667,1220.5531
9158,20007.5729,833.6488708333333,1152.2622999999999
8477,20007.5435,833.6476458333333,1168.8254
8773,20002.1948,833.4247833333334,1159.329
1856,19975.1607,832.2983625,2290.6692
7953,19968.9373,832.0390541666667,1195.9747
7465,19968.9013,832.0375541666667,1019.8752
6465,19960.983,831.707625,1131.8850000000002
4565,19929.9302,830.4137583333332,1153.7223
7652,19900.9053,829.2043874999999,1110.6353
7366,19891.1687,828.7986958333332,1291.8468999999998
7455,19882.7226,828.446775,1209.7428
3218,19880.2272,828.3428,1200.6677
7161,19848.5447,827.0226958333333,1160.5901999999999
6979,19834.9726,826.4571916666667,1105.3565
7079,19834.9726,826.4571916666667,1105.3565
7666,19828.2634,826.1776416666667,1479.0275000000001
4226,19820.8293,825.8678875,1193.4631
3961,19800.966399999998,825.0402666666665,1084.2358
7284,19798.7369,824.9473708333334,1382.4218999999998
4340,19789.8729,824.5780374999999,1182.591
3733,19788.3694,824.5153916666667,1275.2014
4770,19760.2795,823.3449791666667,1087.8779
5877,19725.8146,821.9089416666667,1394.4003
9075,19711.3784,821.3074333333334,1335.8489
7559,19676.2181,819.8424208333332,1176.2752
7492,19660.9202,819.2050083333334,1155.6341
6980,19660.4618,819.1859083333334,1086.1771
3453,19647.930099999998,818.6637541666665,1131.6854999999998
5672,19634.6768,818.1115333333333,1204.1575999999998
9569,19623.122900000002,817.6301208333334,1234.6701
6362,19602.8953,816.7873041666667,1115.1019
6669,19585.4777,816.0615708333333,1223.8739
7280,19582.2641,815.9276708333333,1261.722
9477,19567.1538,815.298075,2310.1699
9058,19555.5311,814.8137958333333,1125.4418999999998
4768,19547.135299999998,814.4639708333333,1078.8823
8055,19504.839799999998,812.7016583333333,1218.7859999999998
4441,19485.2939,811.8872458333334,1163.8926999999999
8873,19481.2163,811.7173458333333,1172.6255
4164,19473.1212,811.3800500000001,1352.1997000000001
3965,19465.583000000002,811.0659583333335,1156.9287000000002
6551,19443.2461,810.1352541666666,1135.1709
3870,19394.9253,808.1218875,1126.8403
8278,19394.3875,808.0994791666667,1113.6008000000002
3852,19366.3351,806.9306291666667,1054.9224
8171,19360.4317,806.6846541666667,1273.1336000000001
7646,19340.2029,805.8417875,2183.5786
5373,19327.3285,805.3053541666667,1249.4695
6550,19326.6724,805.2780166666666,1221.521
1656,19325.89,805.2454166666666,2213.5675
7855,19316.3439,804.8476625,1152.9682
3433,19305.6537,804.4022375,1023.6141
6877,19301.8325,804.2430208333334,1159.3486
6795,19300.9463,804.2060958333333,1106.996
6895,19300.9463,804.2060958333333,1106.996
4152,19284.0364,803.5015166666667,1262.5080999999998
7080,19279.2158,803.3006583333334,1083.3501
7655,19232.2886,801.3453583333334,1059.0566999999999
8852,19218.6557,800.7773208333333,1138.2383
3649,19217.4764,800.7281833333333,1078.1233000000002
3851,19196.557099999998,799.8565458333333,1039.3465
3845,19188.8908,799.5371166666667,1051.1171
6966,19170.9113,798.7879708333334,1024.2281
7555,19161.9356,798.4139833333334,1049.0739
7656,19153.798,798.0749166666666,1060.051
9152,19145.4471,797.7269625,1027.9266
9551,19135.054799999998,797.2939499999999,1119.1056
4478,19133.3421,797.2225875,1967.0829
4150,19131.477600000002,797.1449000000001,1206.0994
7653,19108.533,796.1888749999999,1074.4696000000001
8858,19096.9034,795.7043083333333,1446.5699000000002
8085,19087.076399999998,795.2948499999999,1417.8448
4866,19084.3036,795.1793166666666,1194.1826999999998
8958,19072.8713,794.7029708333333,1157.6444999999999
8470,19071.3577,794.6399041666667,1141.2737
5074,19046.922599999998,793.621775,967.6084000000001
3774,19036.19,793.1745833333333,1573.3560000000002
6878,19030.2622,792.9275916666667,1095.9882
6476,19024.5107,792.6879458333333,1318.3693999999998
6355,19020.4147,792.5172791666668,1361.3721
7086,19019.2862,792.4702583333333,1274.2381
7068,19019.1966,792.4665249999999,975.9226
5978,19011.4104,792.1421,1304.1993000000002
7340,18997.2491,791.5520458333334,1229.7255
7339,18977.0847,790.7118624999999,1242.5799
5475,18974.3712,790.5988000000001,1254.1845
9466,18971.3623,790.4734291666667,1094.8231
9552,18963.9716,790.1654833333333,1112.0154
7754,18955.4626,789.8109416666666,1074.0894
1855,18948.1339,789.5055791666667,2120.2296
7657,18940.6547,789.1939458333333,1047.142
8176,18931.7389,788.8224541666667,1097.6374
4229,18928.6207,788.6925291666666,1558.1149999999998
4279,18895.3479,787.3061625,2252.7658
9451,18876.5318,786.5221583333333,1107.0187
9651,18871.497799999997,786.3124083333332,1106.59
9652,18871.3993,786.3083041666667,1107.2621000000001
9352,18865.9909,786.0829541666667,1107.5372
9452,18865.921,786.0800416666666,1107.4854
9351,18863.927499999998,785.9969791666666,1107.3733
5549,18854.7765,785.6156875,1327.9318
3946,18793.5685,783.0653541666667,1029.1936
7274,18786.5278,782.7719916666666,1455.042
7968,18781.0361,782.5431708333334,2039.7372999999998
6262,18778.9366,782.4556916666667,1132.2204
9174,18773.7938,782.2414083333333,1273.5404
8952,18768.286,782.0119166666667,1090.5984
3651,18756.6794,781.5283083333334,1066.2586000000001
6894,18746.0431,781.0851291666667,1073.8556
6549,18736.2511,780.6771291666668,1120.3442
6868,18720.5934,780.0247250000001,1091.8772000000001
9167,18714.1362,779.755675,1117.9771
8960,18707.2718,779.4696583333333,1042.8074000000001
6395,18702.6657,779.2777375000001,1036.4924
6161,18699.6918,779.153825,967.8891
3353,18684.4828,778.5201166666667,1096.1998
7344,18658.3462,777.4310916666667,1065.6361
3336,18641.8835,776.7451458333334,1104.9218
247,18635.056,776.4606666666667,968.995
4027,18620.0223,775.8342625,1105.7134999999998
7662,18616.984,775.7076666666667,1144.9245
7265,18586.6748,774.4447833333334,1220.453
7391,18583.1737,774.2989041666666,1135.714
1684,18529.4951,772.0622958333333,2591.8316999999997
7651,18517.8883,771.5786791666666,1023.2446
7278,18512.4034,771.3501416666667,1116.9933999999998
6974,18476.7303,769.8637625,1109.0238000000002
6497,18468.0164,769.5006833333333,1020.3737
8855,18451.0606,768.7941916666667,1493.2207999999998
6880,18437.7954,768.2414749999999,1045.2787
7661,18411.3524,767.1396833333333,1129.2195000000002
3775,18400.8213,766.7008875,1288.8094999999998
6046,18397.0081,766.5420041666666,1572.3020000000001
7766,18392.3523,766.3480125,1281.8688000000002
7241,18389.8388,766.2432833333334,1182.1793
6755,18378.3149,765.7631208333333,983.4408000000001
3964,18370.3072,765.4294666666666,1068.7902000000001
6495,18366.1017,765.2542374999999,1009.4227000000001
9653,18363.5773,765.1490541666667,1078.8014
7889,18361.7814,765.074225,1087.1595
7991,18355.2536,764.8022333333333,1038.4214000000002
8757,18350.7765,764.6156875,1105.4904000000001
4541,18346.9217,764.4550708333333,1121.6899
4127,18340.6833,764.1951375,1135.9484
8084,18332.0024,763.8334333333333,1412.8018
6579,18329.6695,763.7362291666667,1075.0299
7364,18304.8835,762.7034791666666,1168.2501000000002
4236,18298.5954,762.441475,1497.679
3672,18235.9581,759.8315875,1571.0887
6444,18233.2739,759.7197458333334,1265.0800000000002
7378,18186.0136,757.7505666666666,1010.7649999999999
4679,18185.2377,757.7182375000001,1115.2625
7986,18179.7451,757.4893791666667,1498.3077999999998
9057,18175.6606,757.3191916666666,1062.4508999999998
1757,18143.7676,755.9903166666667,2057.7176
6653,18142.365,755.9318750000001,1012.1967000000001
7565,18130.0436,755.4184833333334,972.7769000000001
5277,18120.658199999998,755.0274249999999,1155.3013999999998
4989,18114.2225,754.7592708333333,1482.6972999999998
3734,18113.6613,754.7358875,1050.3489
4329,18112.7082,754.696175,1586.8032999999998
5846,18104.4198,754.350825,1025.0977
9476,18099.2127,754.1338625,2131.9979000000003
4246,18097.4882,754.0620083333333,1033.1722
5090,18086.6173,753.6090541666667,1425.5175
7469,18060.8491,752.5353791666666,1071.5219000000002
9560,18038.2608,751.5942,1001.4714999999999
9561,18038.2608,751.5942,1001.4714999999999
9460,18038.2608,751.5942,1001.4714999999999
9562,18038.2608,751.5942,1001.4714999999999
6553,18037.8169,751.5757041666667,1056.0147
8478,18033.9242,751.4135083333334,1074.0938
5275,18033.4013,751.3917208333334,1029.403
6867,18033.3181,751.3882541666667,959.4272
8976,18032.1889,751.3412041666667,1204.3381
9661,18025.9434,751.080975,1000.5880999999998
9461,18016.5641,750.6901708333334,1000.4787
7373,17999.3491,749.9728791666666,1518.1917000000003
7365,17988.0421,749.5017541666666,1012.4685000000001
9568,17987.363400000002,749.4734750000001,1110.3291
9252,17986.4929,749.4372041666667,1006.8924999999999
7643,17985.882,749.4117500000001,1248.5040999999999
9584,17971.9827,748.8326125,1150.7787
6879,17969.9304,748.7471,1007.2788
6652,17933.863699999998,747.2443208333333,1085.3768
8670,17929.8216,747.0758999999999,1062.8709
7571,17907.039099999998,746.1266291666666,1176.6126
3648,17895.2505,745.6354375,991.6248
3654,17871.4279,744.6428291666666,992.1777999999999
9662,17868.410499999998,744.5171041666666,990.4186
8052,17867.9759,744.4989958333334,1086.9576
3435,17855.4987,743.9791125,971.3357
7988,17852.8982,743.8707583333334,1103.4053
4540,17841.3783,743.3907625,1109.6513
3337,17833.9497,743.0812375,1167.2099
7358,17824.665699999998,742.6944041666666,1173.4989
7479,17797.8235,741.5759791666666,1085.4399
8856,17789.6395,741.2349791666667,1153.1808
4769,17770.5898,740.4412416666668,977.6143
6794,17766.809,740.2837083333334,1015.3731
7542,17761.613699999998,740.0672374999999,1541.6051
7570,17739.9374,739.1640583333333,1067.4819
4064,17723.055800000002,738.4606583333334,1013.4454000000001
7470,17710.3666,737.9319416666667,1227.4770999999998
5947,17705.7857,737.7410708333333,1311.733
8851,17692.6782,737.1949249999999,1049.5552
3434,17672.9423,736.3725958333333,954.6259
3334,17672.9423,736.3725958333333,954.6259
9175,17664.3136,736.0130666666668,1308.0484
8186,17662.069,735.9195416666666,1321.8735000000001
1584,17648.2661,735.3444208333334,2475.2187999999996
7074,17638.9941,734.9580875,1070.1451
3737,17608.8621,733.7025874999999,982.0095
4244,17597.3145,733.2214375,1088.0981000000002
8291,17575.8776,732.3282333333333,1199.4226
7306,17553.4049,731.3918708333334,1041.8689
3553,17542.9277,730.9553208333333,1048.7692000000002
5038,17534.0634,730.585975,949.7018
9271,17463.0851,727.6285458333333,1108.1069
3873,17445.0084,726.8753499999999,1729.1063
8656,17433.5835,726.3993125000001,1101.7176
7670,17431.5569,726.3148708333333,1035.2142999999999
7239,17431.1182,726.2965916666667,1143.5281
6768,17423.0361,725.9598375,1104.0229
7645,17419.0424,725.7934333333333,1360.1043
5878,17397.8509,724.9104541666667,1281.2779
1857,17372.7913,723.8663041666667,1956.7383
4440,17366.0192,723.5841333333333,1060.9871
8751,17356.4614,723.1858916666666,1171.9231
9577,17353.1269,723.0469541666666,1962.5629999999999
9360,17351.5594,722.9816416666666,953.0814000000001
9985,17349.248199999998,722.8853416666666,1058.8676
7592,17320.6979,721.6957458333333,1058.1964
3253,17313.601,721.4000416666667,1035.7689
7370,17310.2028,721.2584499999999,1248.6155999999999
4029,17306.0109,721.0837875000001,1249.3692
3861,17300.299899999998,720.8458291666666,998.1463
4726,17288.554200000002,720.3564250000001,1099.8646
9170,17280.8098,720.0337416666666,1511.4235
7852,17275.2592,719.8024666666666,1019.7774000000001
4878,17261.2991,719.2207958333333,933.6093999999999
5378,17250.8733,718.7863874999999,1100.9105
9361,17233.8528,718.0772000000001,950.3209999999999
1247,17230.8436,717.9518166666667,1006.7456999999999
6576,17210.1961,717.0915041666667,1062.9405
4144,17205.268500000002,716.8861875000001,1071.116
1654,17192.8583,716.3690958333333,1761.8083000000001
4173,17147.421599999998,714.4758999999999,944.7415999999998
6354,17139.178,714.1324166666667,952.5816
6356,17135.9771,713.9990458333333,1062.988
8752,17122.9472,713.4561333333332,1152.2816
3554,17111.8251,712.9927124999999,1056.3083000000001
8088,17107.7663,712.8235958333333,1018.8775
9171,17096.2697,712.3445708333334,1400.3423
5374,17091.238400000002,712.1349333333334,1000.5988
7970,17072.0557,711.3356541666667,1590.0422999999998
3333,17068.085900000002,711.1702458333334,1297.6579000000002
7275,17036.7709,709.8654541666666,1067.6389
8173,17026.1273,709.4219708333334,1077.0495
4361,17023.4649,709.3110375,1341.5546
3752,17022.5326,709.2721916666666,1059.7482
6378,17019.3376,709.1390666666666,1000.6134
7342,17007.3925,708.6413541666667,956.3148
9366,17002.9806,708.4575249999999,1056.7586999999999
4779,17002.2595,708.4274791666667,980.7826000000001
3950,16999.2177,708.3007375000001,997.8648000000001
4339,16991.4728,707.9780333333333,1046.9021
9462,16942.8218,705.9509083333334,944.1125999999999
9553,16928.7692,705.3653833333333,998.3834
6769,16928.2843,705.3451791666666,1072.9587000000001
8172,16913.4581,704.7274208333333,1242.2752999999998
3874,16907.99,704.4995833333334,1205.568
9194,16906.5183,704.4382625,1046.8137000000002
7665,16904.5017,704.3542375000001,1069.6378
6952,16877.3362,703.2223416666667,1035.6591999999998
8919,16856.2161,702.3423375000001,920.299
6467,16854.3887,702.2661958333333,1034.0451
3875,16853.057,702.2107083333334,1311.7685
8073,16852.7933,702.1997208333333,1067.4279999999999
9195,16848.4173,702.0173875,1043.6105
8719,16844.6032,701.8584666666667,919.3717
8720,16844.6032,701.8584666666667,919.3717
8621,16844.6032,701.8584666666667,919.3717
8819,16844.6032,701.8584666666667,919.3717
8721,16839.368,701.6403333333333,919.1836000000001
7046,16822.9954,700.9581416666666,988.3774999999999
3753,16821.9976,700.9165666666667,1144.3841000000002
8390,16818.899400000002,700.7874750000001,1293.2971000000002
9073,16817.6342,700.7347583333334,1190.6872
9173,16812.4546,700.5189416666667,1156.2348
3653,16804.6648,700.1943666666666,1164.4323
4766,16804.2809,700.1783708333334,1141.7563
9295,16796.9343,699.8722625,1044.8486000000003
7258,16791.7065,699.6544375,1228.4755
4930,16789.1136,699.5464000000001,1109.8175999999999
9172,16757.8559,698.2439958333333,1138.0652
8490,16755.4835,698.1451458333332,1344.7714
7562,16750.15,697.9229166666668,999.7587
8290,16749.3762,697.890675,1216.6390000000001
8391,16746.5325,697.7721875000001,1343.6465
3867,16736.3979,697.3499125,1050.1925
7762,16726.8695,696.9528958333334,1024.4396000000002
8153,16722.351,696.7646249999999,1030.4903
9377,16721.1576,696.7149,1862.7942
8561,16703.8566,695.994025,991.1093999999999
8491,16687.3628,695.3067833333333,1338.4403
6945,16673.613,694.733875,970.1427000000001
4966,16672.168700000002,694.6736958333335,1118.5832
3647,16670.748199999998,694.6145083333332,928.4859
4151,16670.5294,694.6053916666666,975.3307
7266,16647.285,693.636875,1169.6431
4727,16629.6614,692.9025583333333,1062.7986
3652,16627.7783,692.8240958333334,1147.4472
4028,16623.1051,692.6293791666667,1060.5608
8289,16620.6981,692.5290875000001,1246.5995
7045,16620.6099,692.5254125,971.0942
7541,16613.8292,692.2428833333333,1620.2113
7867,16596.3612,691.51505,1260.634
347,16583.7535,690.9897291666666,862.1224000000001
7540,16580.4866,690.8536083333333,1589.9722
3952,16579.5459,690.8144125,855.7813000000001
6586,16559.906600000002,689.9961083333334,1014.1414
3335,16558.7835,689.9493125,889.3747999999999
6845,16535.0972,688.9623833333334,1076.7634
9149,16527.4834,688.6451416666667,898.7082999999999
8175,16495.3382,687.3057583333333,889.5539
3865,16480.7904,686.6996,1023.481
8389,16475.8633,686.4943041666667,1073.7475
7361,16471.4894,686.3120583333333,1020.2709
6577,16452.3442,685.5143416666666,928.0439
9371,16431.482200000002,684.6450916666668,959.4525000000001
4990,16425.3521,684.3896708333333,1350.9984
9887,16417.7383,684.0724291666667,932.5937
6147,16400.4916,683.3538166666667,1028.2186
8188,16396.6482,683.193675,1143.8790000000001
8872,16392.5501,683.0229208333334,1030.2289
7360,16385.8571,682.7440458333334,1053.4544
8859,16378.0567,682.4190291666666,1293.4525999999998
8973,16377.6155,682.4006458333333,1128.5397
9650,16376.7389,682.3641208333333,948.3772
8820,16342.4115,680.9338125,895.3498999999999
7663,16328.735,680.3639583333334,961.5948
3454,16321.5376,680.0640666666667,887.9982
7854,16302.7588,679.2816166666667,927.3933999999999
9660,16300.7787,679.1991125000001,900.8559
7886,16298.9112,679.1213,1487.8582999999999
7367,16298.1622,679.0900916666667,1062.941
6585,16297.8074,679.0753083333333,1005.3114
6686,16278.726,678.28025,1004.0944
6256,16278.6152,678.2756333333333,915.6503999999999
8920,16277.5775,678.2323958333333,887.8331000000001
6951,16266.7118,677.7796583333333,1051.4017000000001
5030,16263.7973,677.6582208333333,1072.7195
1147,16254.6722,677.2780083333333,950.0722000000001
8072,16211.4192,675.4758,1205.9254
4929,16209.2713,675.3863041666667,1048.1453000000001
3637,16201.4199,675.0591625000001,1012.1959
8185,16179.454999999998,674.1439583333332,1191.8226999999997
4872,16157.365899999999,673.2235791666666,958.2386
6866,16150.4437,672.9351541666666,841.4552
4378,16149.8932,672.9122166666667,1350.9386000000002
3660,16136.274,672.34475,912.8146
4738,16129.4341,672.0597541666667,1225.6237
8935,16102.9442,670.9560083333333,1007.0763999999999
9986,16094.2618,670.5942416666667,908.0038999999999
5763,16084.4803,670.1866791666666,1201.8102000000001
7277,16073.4876,669.72865,980.0964000000001
6044,16068.6328,669.5263666666666,1742.2776999999999
3928,16068.5532,669.52305,1071.4639
7389,16056.0583,669.0024291666667,1017.7048000000001
9168,16053.529700000001,668.8970708333334,982.6278000000001
3538,16039.7876,668.3244833333333,1085.9075
4572,16038.2737,668.2614041666667,940.2857999999999
9157,16028.9364,667.87235,945.0545000000001
7641,16028.8678,667.8694916666667,1497.9553999999998
4678,16026.8745,667.7864375,1074.7993
7270,16025.055,667.710625,952.6088
7954,16021.4873,667.5619708333334,985.7716
7887,16019.465,667.4777083333333,1757.3197
8758,16007.647,666.9852916666667,1021.2743
5175,15990.2935,666.2622291666667,776.9177
3657,15990.1473,666.2561375,949.4828
7384,15985.402900000001,666.0584541666667,1138.0338
8619,15976.708499999999,665.6961875,914.8475
6244,15970.9762,665.4573416666666,1737.5529
8489,15964.6392,665.1933,1215.4326999999998
7556,15960.7873,665.0328041666667,1151.4669
6047,15960.785,665.0327083333333,942.0581999999999
8663,15919.999,663.3332916666667,963.6662
4928,15906.8154,662.7839749999999,996.2644
1051,15901.9787,662.5824458333333,1051.3381
7081,15899.3534,662.4730583333334,987.8033
7070,15894.0629,662.2526208333334,869.6394
8620,15868.5848,661.1910333333334,875.9156
5437,15857.1517,660.7146541666667,1452.9208999999998
5541,15855.699700000001,660.6541541666667,995.3670999999999
7369,15841.740300000001,660.0725125,1086.7766
7273,15828.1603,659.5066791666667,1178.4568
4828,15827.2013,659.4667208333334,1027.3427
9550,15820.878,659.20325,914.9979000000001
5139,15815.8741,658.9947541666667,946.1144999999999
4142,15805.393,658.5580416666667,923.834
8886,15760.0354,656.6681416666667,987.6105
7377,15755.9704,656.4987666666667,1027.8847
9450,15749.663700000001,656.2359875000001,911.7225
8560,15742.2263,655.9260958333333,1173.3152
7261,15727.6003,655.3166791666666,949.3983999999999
8885,15725.9234,655.2468083333333,986.5955000000001
4030,15714.391,654.7662916666667,1133.8381
4145,15707.802099999999,654.4917541666666,898.153
4139,15702.5992,654.2749666666667,1016.4561
5091,15698.057499999999,654.0857291666666,1230.3701999999998
7765,15695.9233,653.9968041666667,928.8462000000001
9052,15695.0605,653.9608541666666,884.7912
7359,15689.1126,653.713025,1049.7557000000002
3836,15664.772,652.6988333333334,916.9691
7545,15658.9961,652.4581708333334,944.1765
9885,15651.8678,652.1611583333333,912.5125
4047,15650.8249,652.1177041666666,930.6854000000001
8759,15647.6547,651.9856125,1075.2921
7973,15641.337300000001,651.7223875000001,966.8037
8761,15639.152399999999,651.63135,923.4440999999999
3549,15629.8397,651.2433208333333,855.9175
1150,15620.3654,650.8485583333334,969.5628
3927,15606.2128,650.2588666666667,1065.5217
9396,15592.2027,649.6751125,944.1366
8071,15592.0623,649.6692625,1207.5612999999998
7985,15590.2847,649.5951958333334,973.5744000000001
7757,15584.3326,649.3471916666666,831.9647
4129,15569.8595,648.7441458333334,1475.0593
6154,15568.0733,648.6697208333334,1010.2820999999999
7356,15560.9814,648.374225,1030.3887
9294,15557.8618,648.2442416666667,968.8
8578,15543.4887,647.6453625,1039.6888
3385,15533.538,647.2307500000001,957.4418
3285,15533.3415,647.2225625,957.4328
6964,15533.2989,647.2207875,939.3231
8174,15532.8913,647.2038041666666,899.9549999999999
8288,15531.2198,647.1341583333334,1102.2060000000001
7181,15518.7003,646.6125125,1080.0639999999999
9395,15498.9475,645.7894791666666,964.7707
8792,15484.5089,645.1878708333334,1073.0215
9984,15477.0826,644.8784416666666,1111.8718
8559,15456.063900000001,644.0026625,1086.7514
3876,15453.8629,643.9109541666667,1266.1958
951,15452.4164,643.8506833333333,985.9643000000001
3768,15435.2466,643.135275,1016.2522
6695,15433.7391,643.0724625,863.0539
8660,15433.3953,643.0581375,1004.6267
5664,15428.2014,642.841725,949.998
7965,15410.1614,642.0900583333333,969.003
4050,15405.4091,641.8920458333333,867.4955
4873,15386.9494,641.1228916666666,894.453
3929,15386.1176,641.0882333333333,1115.3313
1754,15369.221300000001,640.3842208333334,1482.6698000000001
3761,15366.413,640.2672083333333,817.3325
8011,15353.6891,639.7370458333334,958.9658999999999
9072,15350.5882,639.6078416666667,1084.3378
3332,15344.8893,639.3703875,1391.6448
8086,15323.3598,638.473325,985.4437
1052,15316.5059,638.1877458333333,966.2361000000001
7552,15316.0779,638.1699125,908.8207
7459,15269.0465,636.2102708333333,913.1757
9350,15266.7807,636.1158624999999,878.9342
8392,15247.9749,635.3322875,1195.3890000000001
3765,15239.2765,634.9698541666667,942.6166
4639,15207.822,633.65925,1070.1935
8821,15204.776600000001,633.5323583333334,841.5262000000001
4136,15173.3377,632.2224041666667,1043.9044999999999
7593,15171.081,632.128375,915.6108999999999
9397,15129.2037,630.3834875,947.6147000000001
3219,15121.4254,630.0593916666667,833.108
4143,15115.7135,629.8213958333333,910.2417000000002
3234,15104.0008,629.3333666666666,805.1607999999999
4640,15101.22,629.2175,1070.0311
4238,15096.9034,629.0376416666667,992.6500000000001
9258,15095.8491,628.9937125,852.3439
7671,15094.9794,628.957475,865.3862999999999
3555,15092.4876,628.85365,967.5013000000001
7580,15088.2182,628.6757583333333,860.3149999999999
4978,15086.0284,628.5845166666667,817.5998999999999
7691,15078.9617,628.2900708333333,878.1483
5379,15078.2575,628.2607291666667,1130.5844
7260,15071.3487,627.9728625,1085.4764
9475,15069.1172,627.8798833333334,1588.652
4638,15065.0559,627.7106625,1038.5495
7853,15064.3171,627.6798791666666,861.5689
9987,15063.145199999999,627.63105,863.3616999999999
4740,15027.836,626.1598333333333,898.7420999999999
7763,15020.8308,625.86795,867.6022
7172,15000.7049,625.0293708333334,987.3917
6846,14997.8747,624.9114458333333,900.2394999999999
8818,14983.0687,624.2945291666666,824.7276999999999
1555,14982.4671,624.2694625,1576.3245000000002
8636,14966.1733,623.5905541666667,863.2620000000001
6765,14964.8566,623.5356916666666,867.5161
7589,14936.0838,622.336825,817.4388
9886,14935.056199999999,622.2940083333333,935.4612999999999
8180,14922.260400000001,621.76085,834.2314
6255,14918.3719,621.5988291666666,1164.3959
7955,14917.0618,621.5442416666666,918.4848000000001
8659,14905.8567,621.0773625,1038.093
7154,14900.8672,620.8694666666667,1135.6861000000001
9497,14890.0422,620.418425,909.9524000000001
6254,14881.2356,620.0514833333333,977.1804000000001
8739,14877.941,619.9142083333334,884.2069
8080,14871.7052,619.6543833333334,878.1487000000001
5775,14867.7061,619.4877541666666,1001.1304
8287,14846.2395,618.5933125,966.5301999999999
3827,14838.0242,618.2510083333333,1010.9248
7044,14809.0102,617.0420916666667,1092.9048
3386,14808.946899999999,617.0394541666666,909.5806
9979,14801.0329,616.7097041666667,870.2031000000001
7464,14796.2413,616.5100541666667,884.8663999999999
5364,14780.0268,615.83445,1117.0965
4041,14766.657500000001,615.2773958333333,969.0826999999999
3762,14763.1841,615.1326708333333,795.0242000000001
5167,14724.7915,613.5329791666667,923.7112
4146,14718.6701,613.2779208333333,1077.7948000000001
6454,14713.8697,613.0779041666666,832.2018
6344,14712.12,613.005,1071.3217
7890,14711.9937,612.9997375,880.8409
7441,14704.275300000001,612.6781375,989.574
5380,14697.0907,612.3787791666667,1198.0665
3352,14682.2745,611.7614374999999,776.1741999999999
4280,14681.869999999999,611.7445833333333,885.5357
5031,14680.8305,611.7012708333333,916.9283
7374,14674.6668,611.4444500000001,1378.1561000000002
5381,14673.700100000002,611.4041708333334,1195.1973
8953,14669.748899999999,611.2395375,863.706
8519,14662.479800000001,610.9366583333334,862.3062
7966,14659.0348,610.7931166666666,885.5826000000001
6865,14656.4479,610.6853291666666,844.8574
3236,14655.548400000001,610.6478500000001,822.6109000000001
9080,14654.9687,610.6236958333333,1916.2944000000002
4830,14638.7852,609.9493833333333,943.9177
6981,14635.8866,609.8286083333334,923.5512
7385,14628.8056,609.5335666666666,955.6534000000001
4829,14627.517899999999,609.4799125,936.0990999999999
7040,14614.7546,608.9481083333334,1001.2638
8635,14609.454600000001,608.7272750000001,843.7428000000001
3354,14608.5798,608.690825,781.2347
7453,14606.7525,608.6146875000001,928.205
7557,14602.5436,608.4393166666667,957.4495
9081,14588.784,607.866,1909.7844999999998
8459,14585.769,607.740375,1088.6585
9181,14577.416000000001,607.3923333333333,1837.9321
3548,14575.7546,607.3231083333334,809.1993
1152,14555.003200000001,606.4584666666667,968.7502
8638,14546.4215,606.1008958333333,849.2941
8460,14535.8878,605.6619916666667,1116.5754
7865,14532.393900000001,605.5164125,894.7994
5480,14527.6689,605.3195375,1185.4499999999998
3671,14522.546699999999,605.1061125,863.4167
4277,14520.1126,605.0046916666666,1021.9324999999999
3235,14516.3941,604.8497541666667,808.4287999999999
6965,14512.891,604.7037916666667,909.2697000000001
952,14507.9877,604.4994875,930.152
8836,14506.0592,604.4191333333333,921.1387
7242,14499.374,604.1405833333333,965.9199
5737,14490.552,603.773,1397.1088
7256,14470.7053,602.9460541666666,943.7989
9752,14468.4189,602.8507875,843.002
4130,14456.7903,602.3662625000001,1210.7393000000002
9598,14441.2507,601.7187791666666,1420.8882
9698,14437.1893,601.5495541666667,1420.2248
9180,14427.5411,601.1475458333333,1713.0621
7243,14422.697100000001,600.9457125,952.5142
4979,14418.4813,600.7700541666667,795.9471
7440,14398.3932,599.93305,952.2774999999999
8735,14397.134,599.8805833333333,844.1614999999999
4739,14394.184,599.7576666666666,843.6412
7406,14377.3727,599.0571958333334,846.9383
9082,14376.0574,599.0023916666667,1873.0443
8177,14375.9526,598.998025,957.7498
4879,14372.1734,598.8405583333333,794.2353
7140,14369.6522,598.7355083333333,957.1684
7692,14362.6216,598.4425666666667,777.4131
6896,14362.5518,598.4396583333333,795.5955
5166,14354.6685,598.1111875,842.5241
3664,14352.1135,598.0047291666666,812.5264
7888,14349.279,597.886625,1221.0824000000002
7563,14339.6725,597.4863541666667,871.5284
7143,14331.866,597.1610833333333,856.1442999999999
9066,14330.6704,597.1112666666667,998.2798
8892,14330.368,597.0986666666666,911.8875
7564,14312.9959,596.3748291666667,869.9603
4328,14311.616899999999,596.3173708333333,1089.8751
3438,14306.065,596.0860416666667,932.7948
7145,14305.721,596.0717083333333,916.9122
7463,14292.703599999999,595.5293166666667,865.0382999999999
6944,14286.3947,595.2664458333334,829.7125
8918,14272.0492,594.6687166666667,825.6233
4242,14269.3796,594.5574833333334,833.1765
47,14257.8688,594.0778666666666,742.2822
4667,14252.3361,593.8473375,805.6663000000001
4728,14248.066799999999,593.66945,957.5699999999999
4771,14245.459,593.5607916666667,833.0302
851,14243.1968,593.4665333333334,909.8368
7259,14230.4237,592.9343208333333,1171.8330999999998
4763,14228.180699999999,592.8408625,1199.0028
3675,14214.7146,592.279775,1152.4332
9585,14209.5169,592.0632041666667,900.0967
4278,14202.1828,591.7576166666666,994.865
9160,14198.8586,591.6191083333333,785.5082000000001
8051,14192.362000000001,591.3484166666667,898.2839000000001
9019,14190.1465,591.2561041666667,771.2398000000001
9876,14163.4244,590.1426833333334,1049.2232999999999
7462,14157.8842,589.9118416666666,880.8061
8770,14150.9583,589.6232625,837.8378
9376,14139.4774,589.1448916666667,1309.4549
7478,14122.1223,588.4217625,844.946
9567,14119.3405,588.3058541666667,844.9876999999999
9485,14119.07,588.2945833333333,1112.0826
7891,14118.0794,588.2533083333334,859.3256
8951,14114.4681,588.1028375,778.9544000000001
8740,14104.941,587.705875,830.4377000000001
7791,14102.631300000001,587.6096375000001,858.5291
7792,14080.103,586.6709583333333,845.1792999999999
3563,14070.0376,586.2515666666667,849.6698
7341,14056.9527,585.7063625,988.0060000000001
7144,14055.2108,585.6337833333333,1211.7997
6651,14054.499,585.604125,1196.0960999999998
4889,14036.8937,584.8705708333333,1267.8808
7761,14032.8863,584.7035958333333,847.5607
3254,14028.3531,584.5147125,806.3144000000001
9770,14024.047999999999,584.3353333333333,889.4898000000001
5847,14016.8917,584.0371541666667,1027.3978
7244,14011.6811,583.8200458333333,1134.3456999999999
9076,13996.6452,583.1935500000001,913.2591
3776,13994.3928,583.0997,1220.8374
9182,13994.235,583.093125,1793.0284000000001
4243,13989.6716,582.9029833333333,913.0967
9169,13981.5483,582.5645125,1135.0366
7790,13978.564,582.4401666666666,845.0009
8012,13959.1139,581.6297458333333,818.784
7084,13958.4882,581.603675,966.6907
7892,13958.4609,581.6025375,851.8106
5663,13953.273,581.3863749999999,792.0649999999999
3564,13943.6238,580.984325,836.5201000000001
7664,13937.0293,580.7095541666666,815.2185999999999
4230,13932.2523,580.5105125,1186.4654
3117,13928.5187,580.3549458333333,921.2545999999999
8181,13914.7832,579.7826333333334,835.2752
4637,13911.3449,579.6393708333334,771.9979000000001
9771,13906.709,579.4462083333334,924.7537
5779,13906.2808,579.4283666666666,844.9481000000001
9470,13903.5012,579.31255,895.713
1346,13901.6314,579.2346416666667,835.9529
7363,13897.5881,579.0661708333333,900.0837
7480,13893.734400000001,578.9056,803.5344
9398,13890.336,578.764,877.4394
7746,13881.7399,578.4058291666666,1469.9143
9070,13875.6262,578.1510916666667,1004.789
8065,13875.5403,578.1475125000001,859.1329000000001
3930,13870.697,577.9457083333333,920.1668
9296,13870.0343,577.9180958333333,819.4234
7041,13868.8012,577.8667166666667,949.9882
4629,13867.5195,577.8133125,1075.4088
8977,13857.7858,577.4077416666667,871.9951000000001
7039,13846.8303,576.9512625,968.8203000000001
5476,13843.4427,576.8101125,926.6243000000001
5464,13835.8582,576.4940916666667,1079.2171
8639,13829.9909,576.2496208333333,812.6338000000001
8738,13828.4472,576.1853,804.8323
7551,13819.2482,575.8020083333333,788.9258
6654,13806.3447,575.2643625,780.9849
3663,13792.786,574.6994166666667,680.8447
3665,13790.7819,574.6159125,836.8771999999999
9699,13790.293099999999,574.5955458333333,1323.6954999999998
6885,13767.6336,573.6514,926.2782000000001
6687,13766.5067,573.6044458333333,802.7578
8755,13753.456699999999,573.0606958333333,951.9870000000001
7142,13747.0811,572.7950458333333,866.5532000000001
4272,13745.106399999999,572.7127666666667,824.8723
7138,13741.1575,572.5482291666666,947.8915999999999
4737,13731.2807,572.1366958333333,809.6484
7139,13722.314900000001,571.7631208333333,971.9659000000001
8718,13722.0978,571.754075,773.2877
2348,13721.1467,571.7144458333333,1916.5689000000002
7992,13717.3912,571.5579666666666,809.9366
7368,13696.6672,570.6944666666667,942.2283
7262,13695.533599999999,570.6472333333332,923.5754
7764,13687.7374,570.3223916666667,813.9527999999999
9559,13684.8625,570.2026041666667,753.4410999999999
7987,13684.8279,570.2011625,1353.9568
9778,13676.7558,569.864825,903.734
3638,13675.2521,569.8021708333333,970.4983000000002
7857,13670.458499999999,569.6024375,820.9179999999999
8187,13667.7724,569.4905166666666,887.5106000000001
3769,13664.9264,569.3719333333333,817.9948
7268,13657.2938,569.0539083333333,943.1472000000001
3866,13653.8028,568.90845,719.2275999999999
3136,13650.4464,568.7686,773.2183
3452,13649.986,568.7494166666667,724.6706
4043,13649.4002,568.7250083333333,791.3143999999999
5234,13647.4018,568.6417416666667,853.6655000000001
7362,13631.7731,567.9905458333334,921.0818
9453,13622.7163,567.6131791666667,811.8348000000001
5747,13616.4854,567.3535583333334,823.0559
8070,13613.3862,567.224425,1170.2557
8388,13610.8018,567.1167416666666,1061.4934
7267,13610.0497,567.0854041666666,943.0037
7866,13609.2197,567.0508208333333,1150.8229000000001
4536,13604.1936,566.8414,843.0976
5066,13590.5238,566.271825,855.2952
4174,13587.1828,566.1326166666666,770.627
6650,13583.1423,565.9642625,1771.3108
2246,13573.0316,565.5429833333334,1180.6681
3837,13567.3246,565.3051916666667,788.649
3828,13565.196,565.2165,888.6066999999999
4052,13564.806,565.20025,811.4636
9777,13556.9346,564.8722750000001,883.0810000000001
3626,13554.5534,564.7730583333333,1365.1331
3036,13554.4076,564.7669833333333,877.576
3119,13552.3664,564.6819333333334,757.6615000000002
9272,13543.5108,564.31295,876.3668
3625,13534.4974,563.9373916666667,1398.9914999999999
8192,13525.1919,563.5496625,880.5070000000001
8066,13524.004,563.5001666666667,838.5923
9884,13521.245200000001,563.3852166666667,803.4231
3727,13520.8693,563.3695541666667,1058.7754
8652,13514.7395,563.1141458333333,1173.7049
6379,13514.2225,563.0926041666667,797.3561
8193,13512.8484,563.03535,878.6689
7753,13501.2931,562.5538791666667,934.3796
8092,13500.1267,562.5052791666667,877.6739000000001
8658,13497.8781,562.4115875,845.6753000000001
3668,13485.9138,561.913075,876.1016999999999
8179,13479.118699999999,561.6299458333333,826.8116
8791,13475.0862,561.461925,864.4019999999999
8558,13474.6826,561.4451083333333,834.4044
9071,13460.5063,560.8544291666666,1024.2595999999999
8972,13459.1846,560.7993583333333,1034.6
7640,13458.0763,560.7531791666667,888.7261000000001
6485,13447.7883,560.3245125,844.2090000000001
8076,13440.9687,560.0403625,772.364
4564,13437.9346,559.9139416666667,773.7447000000001
4377,13432.0165,559.6673541666667,987.6867
7972,13425.556199999999,559.3981749999999,828.7377999999999
6679,13404.102,558.5042500000001,775.5699
4736,13404.0859,558.5035791666667,785.4974
8093,13398.5052,558.27105,867.1689
9280,13383.9319,557.6638291666667,1347.8052
9496,13382.9833,557.6243041666667,896.0181
4436,13377.5616,557.3984,885.9721
7642,13376.199,557.341625,1002.3434000000001
4636,13373.3259,557.2219125,726.9075
8776,13365.8504,556.9104333333333,764.4268999999999
2247,13363.4547,556.8106125,1807.5284000000001
5774,13350.5583,556.2732625,858.8557999999999
9281,13327.3384,555.3057666666667,1349.9686
7326,13322.1606,555.090025,1023.1767
3767,13315.2411,554.8017125,875.4065
9095,13312.7434,554.6976416666666,773.8104
8170,13307.5202,554.4800083333333,1315.2762
9275,13295.4408,553.9767,1070.3184
8853,13293.0521,553.8771708333334,842.5744
7227,13290.2524,553.7605166666666,996.3719
7690,13236.116399999999,551.5048499999999,729.2654
9690,13228.2821,551.1784208333333,1553.5439000000001
5235,13210.6674,550.444475,950.9004
2338,13206.3185,550.2632708333333,905.8111
3632,13201.8546,550.077275,814.673
8292,13201.5038,550.0626583333334,866.4103
4833,13194.5912,549.7746333333333,855.1155
5843,13187.638500000001,549.4849375,739.2383
8279,13180.5394,549.1891416666666,743.4705
8971,13173.1062,548.879425,1020.1269
7283,13163.0567,548.4606958333333,974.0396000000001
9785,13162.7301,548.4470875000001,837.0693
7141,13162.5236,548.4384833333334,926.6247
4836,13159.315200000001,548.3048,934.7364
3726,13140.1175,547.5048958333333,1284.1531
3551,13139.4642,547.477675,750.4497000000001
8590,13137.8587,547.4107791666667,880.6581000000001
7357,13137.3333,547.3888875,818.5275000000001
4733,13126.903699999999,546.9543208333333,854.3464
8281,13121.445,546.726875,736.6302000000001
9459,13111.1729,546.2988708333334,729.5883999999999
4237,13098.219000000001,545.759125,866.598
6796,13078.0345,544.9181041666667,722.1208
8871,13070.9562,544.6231750000001,851.6218999999999
4835,13058.2568,544.0940333333333,770.6244999999999
2632,13058.1837,544.0909875,757.7352
2631,13039.0993,543.2958041666667,756.3248
7168,13037.552,543.2313333333333,865.3149000000001
8891,13037.46,543.2275,847.775
9297,13037.0181,543.2090875,764.1648
2248,13035.2685,543.1361875,1785.8871
7054,13027.1632,542.7984666666667,876.3585000000002
1347,13025.3695,542.7237291666667,752.2416
9273,13023.5354,542.6473083333334,841.5981000000002
4138,13022.0113,542.5838041666667,907.498
8369,13018.2233,542.4259708333333,1022.9145
2339,13017.6491,542.4020458333333,879.6283999999999
3217,13010.8977,542.1207375,871.0241
246,13009.765599999999,542.0735666666666,675.4526
5165,13001.098899999999,541.7124541666666,711.4976
6787,12999.24,541.635,789.7228999999999
4834,12998.3316,541.5971499999999,850.0444
8280,12990.2505,541.2604375,769.3978
9381,12973.1121,540.5463375,1270.5211000000002
2732,12971.364599999999,540.473525,756.6294
8379,12966.900099999999,540.2875041666666,775.1129999999999
4666,12965.4162,540.225675,770.9043
8380,12949.9237,539.5801541666666,774.613
4837,12946.743,539.447625,1148.7205
6648,12935.0702,538.9612583333334,702.9389
9257,12930.1768,538.7573666666666,870.5662
8657,12930.1424,538.7559333333334,791.0073
1053,12926.948,538.6228333333333,814.9092999999999
5280,12926.6099,538.6087458333333,1031.0557000000001
9669,12915.7964,538.1581833333333,779.3661
4735,12913.6447,538.0685291666667,714.1794
4425,12890.3554,537.0981416666667,787.1344
4839,12859.9413,535.8308875,791.2460000000001
7579,12848.6094,535.3587249999999,795.9576
7043,12845.8215,535.2425625,867.7281
9576,12841.626,535.06775,1433.0691
8552,12840.8748,535.03645,1200.2502
9266,12838.4826,534.936775,875.7253
8387,12833.9699,534.7487458333334,1043.5720000000001
4137,12833.6288,534.7345333333334,863.6084
7325,12826.8077,534.4503208333333,892.5418999999999
9751,12824.6023,534.3584291666667,711.8524
6486,12822.6984,534.2791,895.007
7327,12820.4585,534.1857708333333,1046.155
4040,12811.8286,533.8261916666667,749.4007
4276,12807.5303,533.6470958333333,826.273
4934,12798.7989,533.2832875,775.8113
5131,12792.0193,533.0008041666666,736.7312000000001
6946,12788.3142,532.8464250000001,742.8492999999999
9879,12761.9875,531.7494791666667,751.5648
2733,12755.5236,531.48015,778.5248
7425,12750.0626,531.2526083333333,896.3026
9498,12741.3117,530.8879875,780.4877
3135,12731.1724,530.4655166666666,748.7950999999999
8956,12726.7161,530.2798375,810.866
7956,12721.782,530.07425,828.1046
8094,12721.2957,530.0539875000001,821.7612000000001
9762,12721.1886,530.049525,725.113
8283,12720.5997,530.0249875000001,840.1024
6297,12717.9103,529.9129291666667,708.5567
7282,12711.207999999999,529.6336666666666,972.2683999999999
8282,12707.6736,529.4864,839.3909
6386,12704.0861,529.3369208333334,899.6431
6385,12704.0861,529.3369208333334,899.6431
7456,12696.1885,529.0078541666667,1359.9559000000002
5265,12692.8585,528.8691041666667,815.701
6685,12682.9859,528.4577458333333,774.7402
7269,12680.6083,528.3586791666667,691.1238
7439,12674.7783,528.1157625,827.1363
6487,12671.5063,527.9794291666666,896.6144
9274,12669.1908,527.88295,855.2848
5377,12661.5576,527.5649,774.6507
7407,12655.2337,527.3014041666667,763.0020999999999
8458,12655.1616,527.2984,794.9034
4579,12652.9293,527.2053875,1237.3333
8557,12649.972899999999,527.0822041666667,761.0711
2731,12649.5484,527.0645166666667,727.9415999999999
4065,12646.4485,526.9353541666667,885.4393
9380,12638.1863,526.5910958333333,1267.9581
9768,12637.5121,526.5630041666667,755.4694
8452,12636.8964,526.53735,1135.5273
8383,12631.01,526.2920833333334,832.943
9166,12620.9684,525.8736833333334,815.5683
7392,12617.5242,525.730175,737.4412
3566,12598.2844,524.9285166666667,770.0882000000001
4933,12589.331400000001,524.555475,754.973
2347,12587.916,524.4965,1725.8643000000002
8640,12586.923,524.4551250000001,747.6468000000001
8985,12581.1549,524.2147874999999,789.5759
9256,12577.851700000001,524.0771541666667,883.9585
7226,12573.1709,523.8821208333333,860.9271
6387,12566.0777,523.5865708333333,882.5212000000001
8194,12564.679100000001,523.5282958333333,805.6501000000001
4729,12552.7336,523.0305666666667,813.6456
6455,12552.2676,523.0111499999999,949.4925
5481,12548.5934,522.8580583333334,1035.05
9090,12545.0985,522.7124375,768.4857
9094,12541.1953,522.5498041666666,706.8581
4281,12540.9026,522.5376083333333,745.5618000000001
6786,12540.316,522.5131666666667,770.4817
7639,12540.2572,522.5107166666667,890.5648000000001
8184,12529.6565,522.0690208333333,759.7821
7993,12519.7685,521.6570208333334,767.7203000000001
8152,12519.079600000001,521.6283166666667,748.0975000000001
8651,12513.7703,521.4070958333333,923.7899
7578,12505.1634,521.0484749999999,772.4761000000001
5334,12498.3334,520.7638916666666,811.7342000000001
9769,12491.7429,520.4892874999999,742.4757
7457,12491.096,520.4623333333333,1037.3222
8441,12473.27,519.7195833333334,751.6566
4734,12472.2043,519.6751791666667,792.6997
3565,12462.796199999999,519.2831749999999,775.1997999999999
6285,12461.6546,519.2356083333333,869.5661000000001
3732,12455.8499,518.9937458333333,833.3432
852,12454.3508,518.9312833333333,782.0959
7747,12451.300299999999,518.8041791666666,1278.9907
9888,12446.4061,518.6002541666667,673.9229
7539,12441.148,518.3811666666667,804.6562
7839,12433.031500000001,518.0429791666667,883.4183
7739,12426.3625,517.7651041666667,882.6902
9196,12419.2101,517.4670875,751.6531
9067,12413.295,517.220625,857.2312
6694,12410.65,517.1104166666667,721.2393
5917,12402.8608,516.7858666666667,796.0275999999999
4578,12402.378799999999,516.7657833333333,904.8913999999999
9677,12401.170100000001,516.7154208333334,816.0306
4537,12392.312600000001,516.3463583333333,769.5989999999999
7864,12387.2396,516.1349833333334,729.8011
1246,12374.621799999999,515.6092416666667,727.1888999999999
8442,12374.6046,515.608525,740.4658999999999
3835,12367.5754,515.3156416666667,726.4676999999999
9156,12361.4421,515.0600875,869.1835
9668,12353.914999999999,514.7464583333333,750.6524999999999
5335,12333.836,513.9098333333333,876.3619
3233,12333.5794,513.8991416666667,932.7135000000001
2833,12333.5606,513.8983583333334,759.4374
8182,12332.3664,513.8486,818.3463
9597,12327.3939,513.6414125,969.0113
3318,12327.2837,513.6368208333333,655.3623000000001
3418,12327.2837,513.6368208333333,655.3623000000001
5916,12326.871000000001,513.619625,789.3742
7752,12325.449,513.560375,846.5772000000001
2337,12318.3275,513.2636458333333,835.6817
8069,12316.5488,513.1895333333333,1113.6552
3037,12306.3919,512.7663291666667,802.368
4838,12304.2263,512.6760958333333,744.9406
7445,12301.201500000001,512.5500625000001,711.0968
4628,12297.6348,512.40145,876.6124
7740,12256.414499999999,510.68393749999996,869.4053
8966,12252.2582,510.51075833333334,824.9751
6676,12249.848399999999,510.41034999999994,783.4227
7572,12242.589100000001,510.1078791666667,677.4888
2936,12238.8131,509.9505458333333,823.8615
2654,12234.293899999999,509.7622458333333,778.9402
8991,12231.5325,509.6471875,896.256
2655,12223.841,509.32670833333333,778.1705
9298,12207.5218,508.6467416666667,710.9331
8488,12206.943800000001,508.6226583333334,1014.8482000000001
3550,12203.166799999999,508.4652833333333,708.4135
7840,12192.295,508.01229166666667,862.6527
9786,12188.3326,507.8471916666667,775.4412
9784,12182.8308,507.61795,674.1288999999999
7424,12178.1972,507.42488333333336,939.7348
9155,12168.4627,507.01927916666665,837.5391
8863,12167.6539,506.98557916666664,739.4005
8381,12156.7834,506.5326416666667,701.4889000000001
8854,12127.0659,505.29441249999996,887.9016999999999
3844,12116.3667,504.8486125,663.7411999999999
3945,12112.0582,504.66909166666665,713.1537
9375,12099.9549,504.16478750000005,1135.566
9789,12099.9373,504.16405416666663,691.1292000000001
8570,12084.8349,503.5347875,808.9617000000001
5133,12084.523000000001,503.52179166666673,732.5395
5132,12084.523000000001,503.52179166666673,732.5395
5033,12084.523000000001,503.52179166666673,732.5395
4668,12074.604299999999,503.10851249999996,691.4263000000001
8151,12069.7706,502.9071083333333,717.2740000000001
3319,12067.798,502.8249166666667,632.9532999999999
9359,12061.691200000001,502.57046666666673,675.0948000000001
7171,12060.6507,502.5271125,664.3471
5032,12051.225699999999,502.1344041666666,730.8106
7146,12043.0618,501.79424166666666,784.1213
8183,12041.8173,501.7423875,783.0472
5231,12039.1386,501.630775,722.4642
9091,12033.4703,501.39459583333337,738.9522
5778,12026.5839,501.1076625,897.7155
8414,12018.2432,500.7601333333334,764.6073000000001
7967,12018.212800000001,500.75886666666673,867.3414
2144,12018.0739,500.7530791666666,937.2811
5880,12001.2819,500.0534125,713.9587999999999
9870,11998.4279,499.93449583333336,856.4532
3728,11990.0442,499.585175,878.0029
8252,11983.9709,499.33212083333336,698.7637
5232,11981.576,499.2323333333333,727.626
5773,11981.3009,499.2208708333333,707.695
8342,11970.145,498.7560416666667,707.5268
9869,11967.5128,498.64636666666667,820.5331000000001
5034,11965.4422,498.56009166666666,727.7954
8884,11963.8637,498.49432083333335,748.1654
8622,11962.8168,498.45070000000004,662.1560999999999
5233,11958.0156,498.25065,726.9117
9249,11957.0479,498.21032916666667,652.9295000000001
6847,11953.646,498.0685833333334,752.5512000000001
7383,11953.5462,498.064425,817.7043000000001
5134,11942.2833,497.59513749999996,726.8163999999999
8899,11930.406500000001,497.10027083333335,723.3261
8900,11930.406500000001,497.10027083333335,723.3261
7771,11929.868,497.07783333333333,637.2908
5127,11926.8501,496.9520875,650.8773
8898,11925.681,496.90337500000004,721.1081
6284,11925.3034,496.8876416666667,828.3008
3431,11922.3823,496.76592916666664,750.2358999999999
5637,11921.7385,496.73910416666666,713.3548
8050,11916.6118,496.5254916666667,707.1598
3255,11911.727499999999,496.3219791666666,786.3529
6595,11909.7614,496.2400583333333,665.7463
3662,11906.3057,496.0960708333334,700.3982
4880,11903.1284,495.96368333333334,685.2236
9582,11899.448,495.81033333333335,755.0625
8155,11882.039,495.08495833333336,718.8512
4044,11877.8597,494.9108208333334,711.6961
8799,11869.971,494.58212499999996,718.7615
7672,11867.0337,494.4597375,677.2375999999999
9761,11853.6485,493.9020208333333,711.458
6398,11848.0735,493.6697291666667,650.3801000000001
4327,11841.359400000001,493.38997500000005,1130.7124000000001
5879,11840.1637,493.34015416666665,780.8165999999999
4535,11834.4342,493.101425,745.3714
8563,11833.356,493.05649999999997,725.0234
6748,11832.2368,493.0098666666667,649.8539000000001
6587,11831.0075,492.9586458333333,654.0765
7182,11824.916799999999,492.70486666666665,901.111
5078,11823.3649,492.6402041666667,820.1189999999999
8785,11822.5982,492.60825833333337,666.3369
9790,11815.327299999999,492.30530416666664,669.1675
8786,11801.6714,491.7363083333333,665.234
7815,11796.2286,491.509525,708.8171
4635,11792.7571,491.3648791666667,709.3301
6750,11790.2061,491.2585875,1136.2441
8688,11786.0607,491.0858625,819.5659999999999
8787,11781.3486,490.889525,803.6447000000001
7951,11780.0884,490.83701666666667,707.8963
8788,11773.9087,490.57952916666665,787.2841000000001
9089,11772.5437,490.52265416666665,701.1253
3423,11770.2127,490.42552916666665,1218.202
9357,11758.9108,489.95461666666665,647.7798
7493,11757.8338,489.90974166666666,686.3868
7426,11754.3109,489.7629541666667,850.1117000000002
7477,11752.4171,489.68404583333336,671.259
8589,11752.355,489.6814583333333,808.5878
5279,11750.9861,489.6244208333333,838.9515999999999
8502,11746.8175,489.45072916666663,1133.5758
7714,11732.2966,488.84569166666665,710.9413999999999
6384,11714.4916,488.10381666666666,783.5880000000001
6554,11709.2461,487.8852541666667,686.1253000000002
8520,11692.6598,487.1941583333333,679.4275
7458,11689.734699999999,487.07227916666665,774.8254
7558,11687.3462,486.97275833333333,770.4821999999999
8068,11671.246799999999,486.30195,845.1566
9051,11667.8469,486.16028750000004,638.6016000000001
9362,11663.5823,485.98259583333333,634.3891
7324,11660.2572,485.84405,869.8497
7483,11660.1041,485.83767083333333,848.7887999999999
3422,11659.489899999999,485.8120791666666,1200.9461
4935,11654.9681,485.62367083333334,731.0503
3725,11652.8261,485.53442083333334,1027.4328
8167,11647.9763,485.33234583333336,827.2177
7126,11646.167500000001,485.2569791666667,701.8255
7026,11646.167500000001,485.2569791666667,701.8255
9096,11638.3925,484.93302083333333,728.1406
8311,11637.0898,484.87874166666666,863.1564999999999
3639,11636.5685,484.8570208333333,868.5814000000001
7484,11635.0353,484.7931375,846.8838000000001
9097,11617.4969,484.0623708333333,726.8534
3137,11613.572,483.89883333333336,616.8585999999999
9190,11613.4761,483.8948375,733.8699000000001
3572,11610.863800000001,483.7859916666667,731.1298
1652,11610.390800000001,483.7662833333334,775.8772
7524,11607.7094,483.65455833333334,1002.4529
9951,11607.3699,483.64041249999997,687.0977999999999
9950,11606.9026,483.6209416666666,687.0626
9949,11606.0174,483.58405833333336,686.9961
9358,11604.8642,483.5360083333333,647.2545
9458,11604.8642,483.5360083333333,647.2545
9558,11604.8642,483.5360083333333,647.2545
9457,11604.2464,483.51026666666667,647.1752
9851,11604.122,483.5050833333333,686.8534
9557,11603.6734,483.48639166666663,647.1016
3463,11603.056,483.46066666666667,656.2067000000002
4042,11601.5197,483.3966541666667,688.6765
148,11595.991399999999,483.1663083333333,622.3705
8145,11592.2523,483.0105125,801.5211000000002
7583,11590.2903,482.9287625,833.5339000000001
9695,11587.2772,482.8032166666667,971.8239
9596,11587.2772,482.8032166666667,971.8239
9595,11587.2772,482.8032166666667,971.8239
9696,11585.3308,482.72211666666664,971.6806999999999
9670,11584.1584,482.6732666666667,696.6979
9365,11582.4747,482.6031125,791.2929
4337,11582.4646,482.60269166666666,789.2008999999999
7679,11581.2192,482.5508,623.3806000000001
9056,11578.3729,482.4322041666667,720.5491
8067,11576.901600000001,482.37090000000006,854.5870000000001
7042,11569.6518,482.068825,736.542
8997,11565.6665,481.9027708333333,720.8561
4381,11565.0447,481.8768625,901.3697000000001
9850,11561.2531,481.7188791666667,684.4896
7276,11557.782500000001,481.5742708333334,960.7175
8553,11551.7347,481.3222791666667,1021.9609
7932,11544.7884,481.03285,638.7707
9659,11538.3288,480.7637,674.6487999999999
9776,11523.079099999999,480.1282958333333,969.6068999999999
3627,11510.988,479.62449999999995,887.3479
6950,11506.2301,479.4262541666667,700.1398
8556,11504.4584,479.3524333333333,684.9702
8079,11502.7569,479.2815375,692.5717000000001
4074,11500.8838,479.20349166666665,653.1042000000001
9750,11496.6352,479.0264666666667,672.3299
7787,11492.3002,478.8458416666667,760.6277
4133,11484.2981,478.51242083333335,700.9806000000001
9372,11480.3916,478.34965000000005,728.3195000000001
9197,11480.2431,478.3434625,718.0328999999999
7186,11469.3734,477.89055833333333,754.5491
3738,11464.144400000001,477.6726833333334,757.8190000000001
4938,11463.5875,477.64947916666665,645.1749
8242,11461.8179,477.5757458333333,728.3189
3467,11461.0622,477.54425833333335,670.5576
8243,11460.9004,477.5375166666667,727.3655
3322,11458.5731,477.4405458333333,1089.3079
8343,11456.8639,477.36932916666666,694.9291
8876,11456.6665,477.3611041666666,668.7225000000001
8244,11452.4167,477.1840291666667,781.5839
8144,11450.5539,477.10641250000003,789.6052000000001
955,11448.878200000001,477.0365916666667,839.8855
8074,11445.0189,476.87578749999994,694.1125999999999
3552,11435.0434,476.4601416666667,658.2976
7380,11428.770400000001,476.1987666666667,617.3206
9980,11427.3195,476.1383125,648.8285
7931,11426.5421,476.10592083333336,635.2818
3937,11420.521700000001,475.8550708333334,743.0104000000001
1552,11417.8653,475.74438749999996,761.0012
4175,11403.3497,475.1395708333334,635.4243
3628,11401.8823,475.07842916666664,744.7812999999999
8033,11399.6757,474.9864875,656.1912
8168,11399.1437,474.9643208333334,808.5216
5126,11391.7888,474.6578666666667,749.1829
4336,11390.3124,474.59635000000003,767.8613
8588,11389.792300000001,474.5746791666667,747.7339
2485,11388.182700000001,474.50761250000005,827.3543999999999
3944,11381.4122,474.2255083333334,682.5012999999999
3974,11366.9467,473.6227791666667,733.5671
4376,11363.5667,473.4819458333333,780.3912
6484,11360.2603,473.34417916666666,687.8036
3975,11358.779,473.28245833333335,714.6103
8789,11354.9931,473.1247125,758.7750000000001
4037,11354.2276,473.0928166666667,742.0144
8591,11353.3654,473.0568916666667,841.7269
8753,11350.8433,472.9518041666667,796.9778
2585,11346.8087,472.7836958333333,815.2016000000001
2586,11338.0843,472.4201791666667,802.0284
6466,11331.893,472.16220833333335,675.7069999999999
9875,11328.255799999999,472.0106583333333,938.4256
4876,11327.8622,471.99425833333333,658.196
7285,11325.2202,471.88417499999997,737.1148
7353,11320.7818,471.6992416666667,738.4746
9697,11312.062,471.33591666666666,887.4453
5526,11311.5912,471.3163,762.1029
9478,11306.1793,471.09080416666666,1251.8359000000003
8453,11300.1564,470.83985,982.5204
7814,11298.1661,470.75692083333337,663.1285
8382,11292.7143,470.5297625,761.5002999999999
7127,11287.3802,470.3075083333333,681.1379
9753,11284.535,470.18895833333335,749.4427000000001
6584,11281.9968,470.08320000000003,685.3780999999999
4937,11279.4639,469.9776625,875.0351999999999
8253,11266.6776,469.4449,648.1587000000001
9570,11260.4685,469.1861875,757.5509999999999
8655,11255.541799999999,468.9809083333333,888.7876000000001
4936,11250.4472,468.76863333333336,869.6958
4429,11249.6301,468.73458750000003,944.0003
7786,11248.4232,468.68429999999995,890.1024
1055,11246.170399999999,468.5904333333333,819.7522999999999
7980,11245.595000000001,468.5664583333334,643.8281999999999
5333,11244.6715,468.5279791666667,686.3353
9471,11242.497,468.437375,755.188
8112,11242.4233,468.43430416666666,717.3946
9300,11239.5623,468.3150958333333,738.7173999999999
6780,11236.1179,468.1715791666666,807.311
3427,11233.8524,468.0771833333333,884.9875
7744,11229.869999999999,467.91124999999994,702.4869
4931,11225.112799999999,467.71303333333327,693.4037999999999
9657,11220.1931,467.50804583333337,625.7751999999999
2832,11211.996,467.1665,650.3248
9970,11210.386,467.0994166666667,748.0023
7847,11208.7459,467.03107916666664,1112.333
953,11206.2554,466.9273083333333,696.3989999999999
8689,11200.6494,466.69372500000003,794.9621999999999
4772,11200.2615,466.6775625,689.0126
2486,11199.6618,466.652575,807.9841000000001
5278,11199.0133,466.6255541666667,681.0537
8692,11198.8572,466.61905,702.9361
5479,11196.0798,466.50332499999996,719.513
850,11195.7916,466.4913166666667,711.6126999999999
2554,11189.5416,466.2309,713.3411999999998
5648,11186.895,466.120625,788.2312000000001
9889,11186.4056,466.10023333333334,621.5756
3323,11185.122,466.04675,1159.0654
9474,11179.7682,465.82367500000004,718.733
3877,11170.8897,465.4537375,764.421
3458,11167.516,465.31316666666663,662.0049
8457,11163.6956,465.1539833333333,649.5253
8887,11162.1189,465.0882875,676.0225
8352,11152.2872,464.6786333333334,665.125
8992,11152.0754,464.6698083333333,789.0238
3018,11150.9218,464.62174166666665,908.2361
5180,11145.3029,464.38762083333336,883.7992000000002
4338,11134.3447,463.93102916666663,693.1179
8521,11129.6076,463.73364999999995,616.5554999999999
8410,11113.8681,463.0778375,721.1713
8611,11112.957699999999,463.03990416666664,720.6779999999999
8510,11109.568,462.89866666666666,720.9621999999999
2734,11106.191200000001,462.75796666666673,707.3620000000001
3331,11103.8858,462.6619083333333,655.0035
9890,11099.2622,462.4692583333333,614.3646
8314,11097.6436,462.40181666666666,712.2753
8211,11093.3397,462.2224875,791.8583000000001
7741,11084.187899999999,461.84116249999994,670.9085
6185,11077.8737,461.57807083333336,662.3892000000001
4033,11077.0792,461.54496666666665,685.0619
5625,11070.1602,461.25667500000003,742.4676999999999
3661,11065.6689,461.0695375,611.4647
4633,11065.4399,461.0599958333333,685.7855
9658,11058.764200000001,460.7818416666667,619.6355000000001
8064,11058.5948,460.77478333333335,683.1853
9465,11054.7381,460.61408750000004,672.7482000000001
7582,11052.450200000001,460.5187583333334,752.4895000000001
8970,11052.4065,460.5169375,817.5002
3523,11051.6179,460.4840791666666,1156.4627
8990,11041.5267,460.06361250000003,717.0498
1653,11040.3164,460.0131833333333,813.9935
8511,11039.9866,459.99944166666666,701.4173
5079,11039.0385,459.9599375,838.6295
6785,11032.6039,459.69182916666665,678.6949000000002
4032,11027.7041,459.48767083333337,694.4789000000001
7393,11027.3187,459.4716125,640.2963
9691,11022.3668,459.26528333333334,1658.0731
7971,11018.0808,459.0867,631.9051
5226,11017.5761,459.06567083333334,863.7193
5780,11013.6414,458.901725,663.0044
4634,11006.696,458.6123333333333,683.6044
3770,10991.637999999999,457.9849166666666,685.5464
8492,10979.9736,457.4989,791.1482000000001
9253,10979.891,457.4954583333333,734.1626
9682,10971.8101,457.1587541666667,667.0543
9463,10970.7434,457.1143083333333,596.7029
7523,10952.008,456.33366666666666,963.3431
6286,10944.2012,456.0083833333333,681.3052
8890,10925.6168,455.23403333333334,707.3874000000001
8790,10920.655499999999,455.02731249999994,704.2384999999999
7681,10908.4997,454.52082083333335,645.2267999999999
7682,10905.1134,454.379725,797.9223000000001
8143,10900.3269,454.1802875,700.0441
4732,10889.6978,453.73740833333335,641.579
8087,10882.3774,453.43239166666666,642.9853
4534,10875.0884,453.12868333333336,683.2069000000001
6767,10873.9519,453.08132916666665,636.3859
4437,10872.959,453.03995833333335,673.7442
1956,10871.6217,452.9842375,821.9371000000001
1854,10868.5584,452.8566,807.8109
9472,10864.1618,452.6734083333333,692.2082
4864,10862.6729,452.6113708333333,784.1433
8996,10862.3582,452.5982583333334,660.3368
3286,10860.0699,452.50291250000004,650.5561
3237,10859.0262,452.459425,591.9113
9482,10854.4221,452.2675875,677.8658
8212,10845.0464,451.8769333333333,685.0128
8514,10842.1887,451.75786250000004,672.9519
6994,10835.9662,451.4985916666667,581.2169000000001
7225,10829.661399999999,451.23589166666665,703.0254
4031,10828.2667,451.17777916666665,767.3706999999999
9656,10826.1739,451.09057916666666,596.4302
8049,10822.3467,450.9311125,664.0300000000001
9969,10816.3624,450.68176666666665,680.7139000000001
4330,10808.2247,450.3426958333334,935.7257000000001
8986,10803.8963,450.16234583333335,677.8112
3380,10801.6839,450.0701625,649.067
3480,10800.234,450.00975,649.1195999999999
3481,10800.0221,450.00092083333334,649.1140999999999
1685,10798.5759,449.9406625,1350.1118999999999
3581,10792.7947,449.6997791666667,648.8096999999999
7051,10792.4848,449.6868666666667,688.0179
9053,10786.7791,449.44912916666664,765.9414999999999
7772,10786.6479,449.4436625,603.8364
9153,10784.9693,449.3737208333334,766.7040000000001
5179,10783.3353,449.30563750000005,887.8835
8245,10783.1771,449.29904583333337,700.8815
7546,10778.8914,449.120475,792.1604
3326,10769.2809,448.7200375,1006.5201000000001
3451,10769.2534,448.71889166666665,613.9051
4632,10761.8518,448.4104916666667,663.0133000000001
3547,10760.7121,448.3630041666667,610.218
3669,10759.6057,448.3169041666667,695.8167000000001
8081,10756.8962,448.2040083333333,598.7818
8178,10751.0702,447.9612583333333,633.5903
2345,10745.0633,447.7109708333333,958.3798
9255,10742.4903,447.60376249999996,725.9973
3230,10727.9787,446.99911249999997,663.5769
7813,10719.2147,446.63394583333337,621.4607
9952,10706.2013,446.09172083333334,650.8803
9276,10705.2725,446.0530208333333,1066.2431
7678,10697.9872,445.74946666666665,584.9522000000001
8353,10697.3933,445.7247208333333,668.0529000000001
5636,10689.7792,445.4074666666667,620.4958999999999
9259,10682.5373,445.10572083333335,616.7199
8487,10673.801300000001,444.7417208333334,909.9722
4273,10673.3365,444.72235416666666,666.4493
6583,10666.9207,444.4550291666667,653.3340000000001
8800,10664.4564,444.35234999999994,639.7296
5816,10661.0948,444.21228333333335,683.7449
8653,10660.5525,444.1896875,1005.4646000000001
6850,10650.5425,443.77260416666667,697.8904000000001
2834,10646.766,443.61525,751.9112
4036,10641.6074,443.4003083333334,701.9601
7680,10638.6171,443.2757125,603.5303
7974,10635.7611,443.15671249999997,635.6136
7885,10631.0315,442.9596458333333,779.5348999999999
6298,10624.090900000001,442.67045416666673,584.1139000000001
3580,10624.0278,442.667825,614.0815000000001
2555,10620.5731,442.52387916666663,678.932
7893,10619.2971,442.4707125,595.9964
8877,10619.2452,442.46855,618.9702
7027,10618.1961,442.42483749999997,641.5029
7307,10617.1207,442.38002916666665,627.6686
1585,10614.7404,442.28085000000004,1333.7678
8113,10607.5147,441.9797791666667,647.6979
5580,10604.6569,441.86070416666666,728.5240000000001
8044,10597.3474,441.5561416666667,716.1968
7841,10595.3279,441.4719958333333,655.0543
5276,10592.4172,441.35071666666664,607.7414
8443,10578.512200000001,440.77134166666673,592.3508000000002
3670,10571.217999999999,440.4674166666666,682.1367
8888,10563.017,440.1257083333333,669.8223999999999
9852,10561.1428,440.04761666666667,651.2087
4131,10558.7375,439.9473958333333,744.5529999999999
8315,10556.9549,439.87312083333336,630.541
7871,10554.9848,439.79103333333336,573.0218
8618,10551.7219,439.65507916666667,622.0375000000001
6684,10535.3067,438.97111249999995,646.0394
5465,10534.5445,438.93935416666665,627.6131
5679,10533.5417,438.8975708333333,586.4796
8981,10532.2867,438.84527916666667,1221.5744
8310,10526.6788,438.61161666666663,710.1656
1683,10525.0214,438.5425583333333,1448.1233
8690,10512.2403,438.01001249999996,710.0403999999999
5474,10509.9464,437.91443333333336,659.5797
4932,10509.1258,437.8802416666667,611.05
3153,10507.4494,437.81039166666665,572.3197
8998,10503.4084,437.6420166666667,640.2634
9948,10500.5729,437.5238708333333,687.3199999999999
7638,10497.6836,437.4034833333333,714.0150000000001
8936,10497.4531,437.3938791666667,652.5503
9756,10495.7295,437.32206249999996,656.2578000000001
7743,10494.4143,437.2672625,639.1487
8555,10491.8657,437.1610708333333,852.1332
4832,10489.059,437.04412499999995,622.7694
6478,10482.8845,436.78685416666667,628.7117
5626,10475.3958,436.474825,714.0408000000001
7742,10471.7235,436.3218125,638.1304
4533,10465.3158,436.054825,644.9533
6649,10458.644100000001,435.77683750000006,891.6412
8034,10456.4245,435.68435416666665,638.1809
6779,10453.2487,435.55202916666667,659.2587
3570,10453.1189,435.5466208333333,682.1818000000001
8950,10453.0643,435.54434583333335,572.1957
3256,10451.4353,435.4764708333333,658.7820999999999
5281,10447.3787,435.3074458333333,744.4686000000002
7660,10442.526100000001,435.1052541666667,644.9977000000001
9154,10437.8726,434.91135833333334,732.0436
9299,10427.1322,434.46384166666667,644.2546
6388,10423.9182,434.329925,679.2227
4580,10416.681,434.02837500000004,1684.0450999999998
8654,10415.9042,433.99600833333335,934.6469999999999
3833,10411.5354,433.813975,671.1002000000001
3623,10389.1475,432.8811458333333,1073.7301
3367,10388.9719,432.87382916666667,567.9861000000001
4665,10388.7392,432.8641333333333,601.9194
2089,10386.2701,432.7612541666667,584.3664
2190,10386.2701,432.7612541666667,584.3664
2438,10382.4031,432.60012916666665,583.6945000000001
6995,10379.2626,432.469275,536.9005
956,10378.7364,432.44735,730.8011999999999
7933,10375.5186,432.313275,557.0366
751,10375.5157,432.31315416666666,630.8406000000001
865,10372.981,432.20754166666666,582.9983
8166,10368.761199999999,432.0317166666666,649.4100999999998
9654,10363.7569,431.8232041666667,619.521
6596,10363.3405,431.8058541666667,605.1284999999999
2290,10358.333,431.59720833333336,582.3619
866,10349.4767,431.2281958333333,584.266
1753,10344.5477,431.0228208333333,653.1962000000001
3220,10344.2549,431.01062083333335,646.4239
8032,10339.103,430.7959583333333,564.276
9495,10336.8316,430.7013166666666,797.4662
5225,10330.5813,430.4408875,641.1782000000001
4038,10328.2449,430.34353749999997,684.2469
1752,10325.1318,430.213825,671.725
5130,10322.8758,430.119825,612.623
4045,10316.3506,429.84794166666666,636.366
4046,10316.3506,429.84794166666666,636.366
7822,10312.043800000001,429.66849166666674,1438.8024
4477,10302.892600000001,429.28719166666673,784.1442
9018,10302.401,429.2667083333333,610.4848
8612,10302.0002,429.25000833333337,780.3064
4529,10298.5755,429.10731250000003,857.2886000000001
3232,10296.3549,429.0147875,705.2278
7482,10295.0493,428.9603875,687.6821000000001
5135,10291.5777,428.8157375,714.4934
7842,10291.1957,428.79982083333334,625.2180999999999
9000,10290.731,428.78045833333334,637.3282999999999
8989,10286.062300000001,428.58592916666674,649.8803
9849,10285.8139,428.5755791666666,614.1327
8541,10282.693,428.44554166666666,639.3315
8419,10278.3902,428.2662583333333,562.8833999999999
9290,10276.3168,428.17986666666667,623.1163
9990,10275.6934,428.15389166666665,553.5079999999999
8513,10273.8865,428.0786041666667,767.2444
9591,10271.6039,427.98349583333334,1793.0021
5473,10267.5768,427.81570000000005,616.0899999999999
2189,10267.2359,427.8014958333333,577.3573
2584,10261.7994,427.574975,721.3533
9799,10260.3324,427.51385,878.4713
9590,10260.1949,427.50812083333335,1758.7577
5035,10259.0491,427.46037916666666,702.9116
9456,10253.9645,427.2485208333333,572.5132
7693,10249.736,427.07233333333335,613.5311
8469,10249.2304,427.05126666666666,757.8552999999999
6479,10245.1122,426.87967499999996,631.608
5128,10237.9178,426.5799083333333,574.6732
4776,10237.7667,426.5736125,628.9146
3381,10227.765300000001,426.15688750000004,587.3956
3231,10222.6465,425.9436041666667,634.6585
2090,10222.250600000001,425.92710833333336,572.8204000000001
5579,10220.5306,425.85544166666665,633.6383
4730,10220.0242,425.83434166666666,641.9440999999999
7238,10219.1461,425.79775416666666,660.8329
9871,10218.02,425.75083333333333,702.6033
2437,10209.1708,425.38211666666666,572.2633
9054,10207.8162,425.325675,713.3824999999999
9671,10205.0868,425.21194999999994,659.7384999999999
8111,10202.6112,425.1088,650.6493
3426,10202.317500000001,425.09656250000006,810.821
8512,10202.0437,425.08515416666665,797.5453000000001
8515,10200.7932,425.03305,670.6617
2391,10196.2883,424.84534583333334,574.0738
8793,10194.3475,424.76447916666666,609.6426999999999
9200,10190.8139,424.6172458333333,667.6373999999998
9464,10183.9683,424.3320125,595.6073
8251,10183.768,424.32366666666667,591.821
9399,10181.2993,424.2208041666667,637.1907
8889,10179.767100000001,424.1569625,654.211
2291,10153.5602,423.0650083333333,572.73
3528,10153.3249,423.05520416666667,595.0208
3455,10150.1532,422.92305000000005,600.539
8637,10148.154,422.83975000000004,547.2797
1553,10146.4898,422.7704083333333,676.3854
1583,10145.342700000001,422.7226125,1395.3138
7581,10145.3398,422.72249166666666,621.3509999999999
7780,10144.0636,422.66931666666665,572.0719
8554,10141.4731,422.56137916666665,1001.8471
6784,10135.3469,422.30612083333335,628.7085999999999
9356,10124.4939,421.8539125,637.9423
3134,10123.245499999999,421.8018958333333,620.6486
3222,10116.365899999999,421.51524583333327,1082.596
4974,10115.159,421.4649583333333,613.5645999999999
7577,10112.9311,421.37212916666664,567.5439
8999,10110.9526,421.28969166666667,643.6836
7183,10109.4149,421.2256208333333,727.7102
9700,10108.0016,421.1667333333333,865.2578999999998
8293,10107.1875,421.1328125,639.5894
3571,10105.723,421.0717916666667,658.3422
9954,10103.3199,420.97166250000004,700.8144
9955,10103.3199,420.97166250000004,700.8144
9953,10103.3199,420.97166250000004,700.8144
9853,10103.3199,420.97166250000004,700.8144
9755,10103.3199,420.97166250000004,700.8144
9854,10103.3199,420.97166250000004,700.8144
7025,10102.629500000001,420.94289583333335,583.1098
8897,10101.815,420.9089583333334,553.7128
7382,10101.6395,420.9016458333333,624.9319
7940,10099.881800000001,420.82840833333336,601.0133
3777,10099.8084,420.82535,571.9105999999999
9855,10099.646499999999,420.8186041666666,700.4682
8010,10099.64,420.8183333333333,605.3082
3931,10093.7954,420.57480833333335,620.2648
8031,10090.4778,420.436575,593.0620000000001
4980,10087.009,420.29204166666665,703.5318
9189,10086.5679,420.2736625,631.8860000000001
6766,10085.0752,420.21146666666664,595.7511
8133,10084.0399,420.16832916666664,608.932
5181,10081.2162,420.050675,829.6861
2935,10080.8926,420.0371916666666,1227.888
8934,10074.1491,419.7562125,654.23
2933,10073.9808,419.7492,703.7735
9678,10073.0886,419.712025,669.4179
8083,10072.8876,419.70365,726.0061
1657,10053.1299,418.8804125,991.7618
853,10050.7687,418.7820291666667,614.7119
9760,10044.6966,418.529025,640.7875
2755,10044.695600000001,418.5289833333334,618.0486
8954,10042.7584,418.4482666666667,628.4534
9775,10041.0589,418.37745416666667,863.8256
3932,10039.5081,418.31283749999994,605.1169
2587,10039.0969,418.29570416666667,638.7543000000001
9857,10038.3927,418.2663625,622.8566
5319,10037.1321,418.2138375,1931.7446000000002
2385,10031.1688,417.9653666666666,634.0318
8754,10026.3334,417.76389166666667,716.5867
3154,10018.6234,417.4426416666667,587.8004
346,10018.6226,417.44260833333334,552.1294
7050,10017.7078,417.4044916666667,779.1473000000001
5125,10017.104599999999,417.3793583333333,628.4035
6296,10016.67,417.36125,561.6862
9759,10015.5245,417.3135208333333,639.9579
9860,10015.5245,417.3135208333333,639.9579
9859,10015.5245,417.3135208333333,639.9579
9858,10015.5245,417.3135208333333,639.9579
9961,10015.5245,417.3135208333333,639.9579
9861,10015.5245,417.3135208333333,639.9579
9758,10015.3931,417.3080458333333,639.9486
9198,10014.4485,417.2686875,675.6641
7185,10014.3272,417.2636333333333,653.1279
9960,10013.6316,417.23465000000004,639.7954000000001
9599,10011.511,417.1462916666667,759.4945999999999
8035,10011.3873,417.1411375,631.6039000000001
7038,10010.5559,417.1064958333333,633.4775
7880,10004.8309,416.8679541666667,572.2698
7713,9993.2324,416.3846833333334,575.934
6143,9990.8238,416.284325,961.6568000000001
9556,9988.6614,416.194225,555.575
4891,9988.3741,416.1822541666667,827.1962000000001
5525,9977.4452,415.7268833333333,609.5300000000001
5320,9970.5834,415.440975,1911.4958000000001
3936,9969.7548,415.40645,681.7824999999999
6179,9960.1001,415.0041708333333,586.6518
3629,9951.7726,414.6571916666667,588.226
8411,9948.4019,414.51674583333335,623.2227
8569,9947.1724,414.46551666666664,740.1368
9689,9943.2359,414.3014958333333,690.5747
8341,9941.925799999999,414.2469083333333,641.4276
7835,9940.6881,414.1953375,628.6682000000001
7843,9936.9125,414.03802083333335,602.0437999999999
2934,9936.0688,414.00286666666665,1091.4494
3121,9930.3227,413.7634458333334,604.7169
7935,9927.4037,413.6418208333334,629.1557
6186,9927.2804,413.63668333333334,556.1241
8613,9926.6704,413.6112666666667,778.3061
6287,9921.9523,413.4146791666667,561.6983
3330,9919.5902,413.31625833333334,607.9018
1351,9915.9285,413.1636875,641.9666
6749,9914.7078,413.112825,668.3386
7934,9910.9866,412.957775,623.5694
3832,9904.6829,412.6951208333333,613.9127
8036,9903.8821,412.6617541666667,622.1044
7939,9900.7079,412.5294958333333,593.607
954,9896.8161,412.3673375,572.7291
9481,9895.6147,412.31727916666665,605.2993
3529,9891.0787,412.1282791666667,580.6021
3470,9889.7762,412.0740083333333,642.5145
4481,9889.2207,412.0508625,1397.1068
6184,9879.3708,411.64045000000004,634.3052
8134,9876.773,411.5322083333333,593.1231
7781,9875.264,411.4693333333333,595.5373999999999
3680,9874.871500000001,411.4529791666667,571.6777000000001
8933,9871.4449,411.31020416666667,580.6925
950,9864.3014,411.01255833333335,615.3704
7779,9859.4494,410.81039166666665,539.9669
3579,9857.8576,410.74406666666664,551.6128
1554,9848.9855,410.3743958333334,744.6871000000001
5419,9847.3208,410.3050333333333,1886.0128
5478,9846.832,410.2846666666667,525.7442
1260,9845.5325,410.2305208333333,562.7884
8409,9842.6371,410.10987916666664,652.3724000000001
8509,9842.6371,410.10987916666664,652.3724000000001
3569,9842.5553,410.10647083333333,624.2009
3120,9841.710299999999,410.07126249999993,602.0586999999999
7936,9839.0872,409.9619666666667,619.6672
7047,9837.3174,409.888225,569.7611
6187,9837.2223,409.8842625,552.5606
4225,9828.1478,409.50615833333336,596.1224
9199,9825.621,409.400875,673.8802000000001
9795,9819.6192,409.15079999999995,798.5341999999999
3486,9817.4533,409.06055416666663,594.7031
2244,9813.9389,408.9141208333333,723.6317
9754,9810.9408,408.7892,678.7651
4672,9810.6997,408.7791541666666,573.3583
3778,9792.9071,408.03779583333335,570.3629000000001
3679,9792.9071,408.03779583333335,570.3629000000001
3678,9792.9071,408.03779583333335,570.3629000000001
3780,9792.9071,408.03779583333335,570.3629000000001
3779,9792.9071,408.03779583333335,570.3629000000001
7789,9791.7151,407.9881291666666,549.5306
9098,9787.372800000001,407.8072,677.1152
9959,9771.635699999999,407.1514875,619.0357
8358,9768.7745,407.0322708333333,593.8688
8312,9764.9613,406.87338750000004,648.6113
3035,9759.3708,406.64045000000004,740.0372
7846,9752.6487,406.3603625,934.1831
9962,9747.5256,406.1469,621.4219999999999
766,9747.259,406.13579166666665,549.5639
2045,9740.5934,405.8580583333333,678.7334
8750,9735.7281,405.65533750000003,604.6851
1452,9733.9216,405.58006666666665,617.1193000000001
2439,9732.9427,405.53927916666663,546.8775
2653,9731.1741,405.4655875,596.3767
7125,9730.4868,405.43695,554.7034
9856,9726.6891,405.2787125,641.7517999999999
8415,9722.4535,405.10222916666663,573.3725000000001
8542,9721.8089,405.07537083333335,617.2365
3466,9715.8605,404.8275208333334,546.4331999999999
9055,9715.5638,404.81515833333333,624.5763000000001
9757,9715.3535,404.8063958333333,572.7038
9050,9712.8131,404.7005458333333,541.0206
9254,9711.1371,404.6307125,575.6178000000001
8722,9710.1879,404.59116250000005,583.2742000000001
8840,9700.548,404.1895,547.4489
1957,9697.9195,404.07997916666665,706.164
8691,9697.2117,404.0504875,687.9166
8839,9693.535,403.89729166666666,576.7531
7184,9689.6032,403.73346666666663,607.1063
3221,9689.3912,403.7246333333333,732.0011000000001
9975,9674.7387,403.1141125,695.4488
5578,9662.3767,402.5990291666667,540.2821
8833,9660.8526,402.535525,574.3555
8195,9660.6629,402.5276208333333,613.4689
8286,9656.6437,402.3601541666667,555.3492
6477,9650.0785,402.08660416666663,570.1211
2538,9646.7216,401.9467333333334,543.5215000000001
2633,9645.601,401.9000416666667,552.4425
8351,9644.6387,401.8599458333333,564.1327
8932,9643.9265,401.8302708333333,597.3345999999999
750,9634.0959,401.4206625,575.2494
8955,9625.5761,401.06567083333334,652.421
7950,9622.6582,400.9440916666667,521.7565999999999
3933,9618.2642,400.76100833333334,602.3756999999999
3830,9616.4892,400.68705,617.2134
4132,9614.817,400.617375,542.2797
1056,9614.0026,400.58344166666666,639.5594
4539,9603.4934,400.1455583333333,670.1435999999999
6683,9603.2137,400.1339041666667,605.5533
3022,9596.7778,399.8657416666667,606.0087
1350,9595.7958,399.824825,632.4829
2147,9595.5324,399.81385,813.8291
8931,9580.4657,399.18607083333336,619.2182
2239,9569.8184,398.74243333333334,634.1232
3562,9569.66,398.73583333333335,493.1662
9100,9568.9074,398.704475,678.2687999999999
3831,9567.7224,398.6551,613.2189
9353,9567.4223,398.64259583333336,583.3749
8830,9566.7197,398.6133208333333,635.0817
8082,9560.6561,398.36067083333336,667.0758000000001
1853,9556.739,398.1974583333333,716.7775
3284,9555.547,398.1477916666667,553.5721
8602,9555.1558,398.1314916666667,787.8335999999999
3878,9550.6569,397.9440375,555.4178
9099,9550.2363,397.9265125,678.5879
9049,9549.7193,397.9049708333334,532.737
4831,9549.5544,397.89810000000006,607.6106
3185,9548.642,397.8600833333333,559.0379
2146,9547.5787,397.8157791666667,736.6502999999999
8760,9547.5537,397.81473750000004,599.2402
5365,9537.4304,397.3929333333333,645.9439
6394,9536.5501,397.3562541666667,613.6719
8949,9532.5402,397.189175,518.8219
5575,9532.5269,397.18862083333335,676.7899
3321,9530.8115,397.1171458333333,738.0192
9486,9529.7488,397.07286666666664,940.5764000000001
3320,9529.222,397.05091666666664,737.3706
8685,9527.122,396.96341666666666,542.9037999999999
3676,9526.1839,396.92432916666667,812.1198999999999
3358,9522.0839,396.7534958333333,564.8951
9261,9519.4603,396.6441791666667,561.4601
8610,9514.7003,396.44584583333335,614.5905
3879,9512.302599999999,396.34594166666665,552.9377999999999
8777,9507.9641,396.1651708333333,545.5516
6217,9505.8976,396.0790666666667,679.4359000000001
3325,9504.4116,396.01714999999996,890.8963
8344,9498.0064,395.7502666666667,549.5282
5382,9491.6217,395.4842375,787.0937
9282,9491.4655,395.4777291666667,880.1029
5576,9490.0336,395.4180666666667,679.5471
4426,9489.4929,395.3955375,649.2732
5777,9487.0246,395.2926916666667,701.5227
2537,9484.0565,395.1690208333334,534.8193
7224,9483.7376,395.15573333333333,626.9394
9386,9478.9125,394.95468750000003,937.5194
9400,9478.2424,394.92676666666665,606.4359999999999
4731,9472.0467,394.66861250000005,603.6417
6483,9465.9992,394.4166333333333,610.5195
5236,9464.472,394.353,703.6335
2539,9459.865,394.1610416666667,533.8178
3527,9459.3676,394.14031666666665,805.1183000000001
3021,9453.5192,393.89663333333334,599.551
1349,9452.6808,393.8617,554.6341
3880,9445.3916,393.55798333333337,548.6943
2630,9436.7999,393.19999583333333,550.702
7169,9432.5338,393.0222416666666,493.2225
3464,9427.6086,392.817025,558.3834
9788,9419.6976,392.4874,526.6923999999999
2057,9418.6534,392.4438916666666,568.9579
8142,9417.568,392.39866666666666,558.9927
9068,9411.8055,392.1585625,678.5911
146,9408.952,392.0396666666666,489.0013
9563,9408.489599999999,392.02039999999994,552.8159999999999
7858,9406.6436,391.9434833333333,689.3684000000001
3666,9404.5439,391.85599583333334,558.2217
7376,9398.2755,391.5948125,586.3289
3482,9393.5623,391.39842916666663,514.9614
8930,9391.3343,391.30559583333337,627.6125000000001
8030,9388.1916,391.17465,528.1450999999998
8045,9383.7099,390.9879125,613.9285
5178,9379.5281,390.81367083333333,677.485
3724,9375.2249,390.6343708333333,720.6741
8165,9373.8812,390.5783833333333,559.8108
8420,9371.8048,390.4918666666667,518.1365
8551,9368.2239,390.3426625,766.4037999999998
8669,9366.6449,390.2768708333333,705.8691
6776,9366.085500000001,390.25356250000004,612.6263000000001
8967,9364.8224,390.2009333333333,615.7802
8386,9358.3831,389.93262916666663,584.5435
9989,9357.7406,389.9058583333333,523.4295999999999
8268,9355.3061,389.8044208333333,754.4735999999999
7881,9353.2489,389.71870416666667,601.8799999999999
6677,9349.6243,389.56767916666666,611.4863
8831,9347.2259,389.4677458333333,615.271
6318,9346.4009,389.43337083333336,768.5946
5230,9342.5615,389.2733958333333,524.5221
3560,9340.8143,389.20059583333335,512.2512
9554,9340.168,389.17366666666663,570.7576
6016,9336.105,389.004375,546.3103
7879,9334.1744,388.9239333333333,511.5707
3834,9329.8938,388.745575,630.2104999999999
1556,9329.6924,388.73718333333335,896.4615
2531,9327.693,388.65387499999997,575.0164
2656,9326.8095,388.6170625,573.7703999999999
4039,9322.3388,388.4307833333333,626.0068
4825,9319.9936,388.33306666666664,578.4001
5542,9311.5405,387.98085416666663,590.9648
6777,9310.996500000001,387.95818750000007,609.8355000000001
6678,9310.996500000001,387.95818750000007,609.8355000000001
6778,9310.996500000001,387.95818750000007,609.8355000000001
3034,9310.9747,387.9572791666667,728.1627000000001
8037,9307.1559,387.7981625,578.7937999999999
2349,9301.395700000001,387.5581541666667,1169.3364000000001
7738,9301.3305,387.5554375,586.6675
8870,9297.3147,387.38811250000003,641.7964
8137,9294.988,387.29116666666664,582.7238
9924,9289.1984,387.0499333333333,550.4291
3139,9286.364,386.9318333333333,545.1785
3138,9286.364,386.9318333333333,545.1785
3355,9284.8522,386.86884166666664,636.1085999999999
7245,9283.7783,386.82409583333333,654.0842
6884,9278.148799999999,386.5895333333333,613.076
1955,9275.7632,386.4901333333333,690.8166
4075,9275.0006,386.4583583333333,544.5167
9382,9269.8115,386.2421458333333,711.4996
9364,9261.5142,385.89642499999997,507.4607
3122,9259.4548,385.81061666666665,851.3299
3766,9252.6661,385.5277541666667,528.4932
3424,9241.684,385.07016666666664,895.2701999999999
3781,9240.8812,385.0367166666667,536.3286
3677,9237.0191,384.8757958333333,533.8845
3485,9235.7483,384.8228458333333,526.9856
4627,9235.7159,384.8214958333333,595.6985
2754,9234.5426,384.7726083333334,520.4571
6017,9234.4182,384.767425,611.6341
9925,9233.380000000001,384.7241666666667,557.9648000000001
2685,9230.1242,384.5885083333333,593.2912
5776,9227.7944,384.49143333333336,602.7927999999999
7981,9226.1029,384.42095416666666,621.6172
6494,9219.7981,384.15825416666667,609.2456
9573,9219.04,384.1266666666667,629.8606000000001
5138,9216.7181,384.02992083333334,500.42240000000004
6594,9216.2787,384.0116125,609.1028
6493,9216.174500000001,384.0072708333334,609.0857000000001
6393,9216.174500000001,384.0072708333334,609.0857000000001
7745,9213.8191,383.9091291666667,824.0515
9956,9213.7217,383.90507083333335,592.5106999999999
9191,9213.2845,383.88685416666664,596.6525
2786,9208.976,383.70733333333334,604.0073
8641,9208.7771,383.6990458333333,612.1273000000001
6593,9208.7429,383.6976208333333,608.3294
5748,9205.4543,383.5605958333333,607.6223
5229,9203.9262,383.496925,516.6069
7872,9202.8657,383.4527375,501.4448
8687,9200.5206,383.355025,621.1514
8678,9198.3841,383.2660041666666,630.9793
3573,9196.0146,383.167275,773.5938
3526,9185.5754,382.7323083333333,812.4821999999999
6218,9185.1233,382.7134708333333,747.3236999999999
4630,9184.448,382.68533333333335,567.3475
7938,9184.1491,382.6728791666667,572.557
8038,9182.7999,382.6166625,573.8228
6086,9182.684000000001,382.6118333333334,553.3249000000001
867,9179.9558,382.4981583333333,520.0669
3038,9176.882,382.3700833333333,519.5008
2686,9169.8387,382.0766125,601.2684
3539,9166.78,381.9491666666667,647.9071
6117,9166.3788,381.93245,611.2441
2886,9165.3237,381.88848750000005,600.9524
2887,9161.8227,381.7426125,600.7074
6655,9161.5321,381.73050416666666,599.3829
3624,9158.4937,381.6039041666667,892.8513
8921,9157.6427,381.5684458333333,528.0993
7053,9156.4958,381.52065833333336,697.623
7957,9150.6368,381.27653333333336,649.8720000000001
5136,9149.7609,381.24003749999997,671.1909
9655,9141.6785,380.90327083333335,539.4913
4428,9138.9683,380.79034583333333,743.5063
5418,9137.5596,380.73165,1598.9741000000001
5037,9135.412,380.6421666666667,669.0717999999999
5137,9135.412,380.6421666666667,669.0717999999999
5036,9135.412,380.6421666666667,669.0717999999999
7683,9133.873,380.57804166666665,660.2745
2756,9132.3052,380.5127166666667,669.8249999999999
2757,9131.266,380.46941666666663,669.8287
2857,9131.266,380.46941666666663,669.8287
5849,9126.8744,380.2864333333334,628.4386999999999
9772,9126.0275,380.25114583333334,799.8913
2237,9123.1341,380.1305875,594.1610999999999
6848,9114.5815,379.77422916666666,568.2111
8359,9108.0676,379.50281666666666,567.8663
5332,9101.0101,379.20875416666667,556.1135
8461,9099.482,379.14508333333333,576.8183
3881,9099.4586,379.14410833333335,526.4768
8451,9099.3454,379.13939166666665,739.3954000000001
1852,9094.5929,378.94137083333334,693.6117999999999
8164,9092.7766,378.86569166666663,539.3938999999999
3951,9092.7526,378.86469166666666,571.5075
6118,9091.2336,378.8014,599.5229999999999
7793,9079.2883,378.30367916666665,506.68180000000007
2787,9078.4433,378.26847083333337,594.7075
2758,9073.8655,378.07772916666664,667.0030999999999
6085,9073.674,378.06975000000006,547.6294
6087,9069.2412,377.88505000000004,547.432
5987,9068.0229,377.8342875,547.3842999999999
5986,9064.2032,377.67513333333335,547.2347
3384,9050.5785,377.1074375,561.3275
3522,9050.4018,377.100075,921.229
1146,9045.2631,376.8859625,529.0554
1953,9031.9454,376.3310583333334,664.7457
2785,9031.0299,376.2929125,592.2796000000001
8585,9016.3115,375.6796458333333,489.2069000000001
5677,9013.1352,375.5473,663.6177
3462,9011.1466,375.4644416666667,466.5522
2937,9009.8387,375.4099458333333,513.3113
2835,9005.0291,375.2095458333333,846.5957
8731,9005.0194,375.20914166666665,591.4239
5077,9004.6388,375.19328333333334,493.59159999999997
9454,8999.699700000001,374.98748750000004,551.3597000000001
5676,8999.2586,374.9691083333333,661.9069000000001
3459,8997.2397,374.8849875,507.4117
9354,8992.9217,374.70507083333337,550.8788
8284,8991.187,374.63279166666666,510.9973
9385,8989.5132,374.56305,840.6642
8592,8987.1184,374.46326666666664,607.1335
4563,8984.5335,374.35556249999996,498.06550000000004
9262,8984.0265,374.3344375,471.2874
8316,8982.0273,374.25113749999997,636.3385
2858,8979.9379,374.1640791666667,659.2749
3556,8978.5343,374.1055958333333,553.5807
2687,8977.8164,374.0756833333333,587.098
7286,8976.0783,374.00326249999995,590.9144
1348,8971.7886,373.824525,526.8757
8043,8969.7978,373.741575,534.4756
2885,8957.1548,373.21478333333334,587.0568000000001
7788,8951.5936,372.9830666666667,532.2103999999999
6634,8951.3929,372.9747041666667,903.9319
6293,8943.8437,372.66015416666664,580.7037
7338,8943.396,372.6415,646.5671000000001
9981,8940.2223,372.5092625,515.5895
3020,8935.1333,372.2972208333333,571.4045
8146,8931.8488,372.1603666666667,558.8051
2986,8928.8822,372.03675833333335,578.9915000000001
8416,8924.5187,371.8549458333334,549.9753000000001
8161,8914.2526,371.42719166666666,504.80730000000005
8650,8912.0736,371.33639999999997,753.2914000000001
5080,8911.7587,371.3232791666667,808.2543000000001
3428,8889.9382,370.4140916666667,560.4117
7658,8889.165500000001,370.3818958333334,581.2432
9581,8886.3269,370.26362083333333,548.0215000000001
5028,8884.8954,370.20397499999996,528.2604
9594,8882.5635,370.1068125,1023.4977
3730,8880.428,370.01783333333333,593.1035999999999
7958,8875.221,369.80087499999996,647.9896
5888,8874.0531,369.7522125,531.0653
1248,8873.8696,369.7445666666667,516.5699
7449,8868.7876,369.53281666666663,622.1302000000001
3155,8865.7229,369.40512083333334,569.4311
3379,8863.6054,369.31689166666666,518.3315
3479,8863.0681,369.2945041666667,518.3509
3746,8855.0847,368.9618625,507.7894
2856,8852.5781,368.8574208333334,634.5923
9787,8851.9275,368.8303125,537.5036
1797,8847.896,368.6623333333334,655.5074000000001
4335,8845.4732,368.56138333333337,712.5172
8237,8844.433500000001,368.51806250000004,553.6909
3140,8843.7356,368.48898333333335,517.7599
4677,8842.4303,368.43459583333333,904.5604999999999
9491,8839.435,368.3097916666666,1574.7772
8157,8836.9954,368.2081416666667,653.8752999999999
9179,8834.0647,368.0860291666667,837.0859
9947,8832.0724,368.0030166666666,645.1687999999999
7281,8827.9283,367.8303458333333,491.9678
8057,8826.3741,367.76558750000004,655.7982999999999
8056,8826.3741,367.76558750000004,655.7982999999999
7735,8824.5411,367.6892125,679.2277
8246,8818.1998,367.4249916666667,545.116
9571,8816.1068,367.33778333333333,651.2858
9083,8814.3235,367.2634791666667,896.7125000000001
4725,8813.5602,367.231675,549.7496
9685,8809.0794,367.044975,520.2794
752,8808.4949,367.02062083333334,529.5732
1989,8807.2764,366.96985,502.72860000000003
7884,8803.6186,366.81744166666664,586.2007
8132,8803.4064,366.8086,538.1331
1054,8799.8086,366.6586916666667,500.6748
8261,8798.303100000001,366.59596250000004,500.8038
8462,8794.8136,366.45056666666665,534.0549000000001
9020,8794.5702,366.440425,513.3321
8995,8789.813,366.24220833333334,488.86940000000004
2386,8786.4969,366.1040375,564.337
8568,8781.837,365.909875,667.7758
2730,8779.8937,365.8289041666667,518.0252
8454,8773.6147,365.56727916666665,834.7715
9868,8770.4995,365.43747916666666,483.0163
9119,8769.5082,365.396175,500.435
8213,8765.0954,365.21230833333334,581.3458
8543,8763.8844,365.16185,518.2649
3368,8759.5793,364.9824708333333,476.3595
7836,8758.8148,364.9506166666667,529.3233
3429,8753.7758,364.74065833333333,518.6375
1453,8746.3115,364.4296458333333,610.3676
2957,8745.1616,364.38173333333333,547.5923
8798,8744.2016,364.34173333333337,515.4118
9957,8742.6056,364.27523333333335,508.14279999999997
6317,8742.5377,364.2724041666667,709.1499
8978,8741.945,364.2477083333333,509.1445
8158,8741.1379,364.21407916666664,561.2478
9958,8740.2442,364.17684166666663,530.5567
9676,8733.4119,363.8921625,753.3480000000001
8160,8733.017100000001,363.8757125,504.64109999999994
7688,8728.394,363.68308333333334,515.3562
2238,8725.0404,363.54335,566.1379
9945,8723.9772,363.49904999999995,521.8362
9363,8723.4204,363.47585000000004,467.1762
9575,8720.7716,363.3654833333333,822.3761999999999
2191,8720.0555,363.33564583333333,485.2957
7481,8712.5208,363.0217,479.2445
9683,8710.1941,362.9247541666667,509.26120000000003
965,8706.4702,362.76959166666666,516.3772
8257,8702.878700000001,362.61994583333336,571.3965000000001
964,8696.5219,362.35507916666666,573.8956999999998
7636,8693.4761,362.2281708333333,684.1164
6488,8691.6503,362.1520958333333,490.1708
8540,8688.4655,362.01939583333336,520.5378000000001
849,8686.0124,361.9171833333333,547.0115000000001
3257,8685.8336,361.90973333333335,548.6861
3157,8684.2255,361.8427291666667,563.1080999999999
3156,8684.2255,361.8427291666667,563.1080999999999
3057,8684.2255,361.8427291666667,563.1080999999999
3056,8684.2255,361.8427291666667,563.1080999999999
8550,8677.599699999999,361.56665416666664,745.6559
3731,8677.304,361.5543333333333,560.0634
8384,8677.1194,361.54664166666663,498.5892
9574,8675.3923,361.47467916666665,604.0621000000001
8893,8674.0176,361.4174,481.09909999999996
7673,8670.9424,361.28926666666666,465.09309999999994
8162,8667.5399,361.1474958333333,489.98400000000004
4275,8665.0891,361.04537916666663,504.0537
9034,8659.1755,360.79897916666664,576.2583
5228,8650.6824,360.44509999999997,484.7388
8013,8648.8531,360.36887916666666,509.15279999999996
7838,8647.6543,360.3189291666667,534.6052
5573,8642.1794,360.09080833333337,487.30449999999996
9193,8637.948,359.91450000000003,558.2259
1796,8637.8026,359.9084416666667,639.7975000000001
767,8635.620499999999,359.8175208333333,496.1634
7689,8634.9608,359.7900333333334,502.1938
7345,8631.2409,359.6350375,575.8681
9279,8626.024,359.41766666666666,693.9443
6116,8624.7549,359.3647875,524.3008
9779,8623.774300000001,359.3239291666667,570.9721999999999
6288,8623.1051,359.2960458333334,510.33439999999996
3667,8616.1531,359.00637916666665,560.5905
9862,8614.824200000001,358.9510083333334,531.5688
8075,8610.4782,358.769925,466.5854
5736,8609.8042,358.7418416666667,500.6399
9684,8609.4082,358.7253416666667,503.6894
2888,8609.3283,358.72201249999995,552.9781
8156,8608.3391,358.6807958333333,638.8977000000001
6119,8602.4712,358.4363,551.4381000000001
7635,8582.4953,357.60397083333334,688.8437
1064,8580.432499999999,357.5180208333333,568.404
9848,8577.044,357.3768333333333,628.2322
3681,8565.8348,356.90978333333334,459.29499999999996
8313,8565.4622,356.8942583333333,530.7697
7878,8562.8491,356.78537916666664,475.04830000000004
6783,8562.5686,356.7736916666667,573.861
8440,8559.4807,356.6450291666667,514.0908000000001
8058,8558.3436,356.59765,617.4066
6849,8552.5085,356.3545208333333,623.4599
8869,8544.953300000001,356.0397208333334,593.0797
8614,8541.3435,355.8893125,570.4402
7984,8538.9209,355.7883708333333,621.1543
1795,8533.1122,355.54634166666665,652.0619
6219,8533.0267,355.54277916666666,677.8514
6018,8530.5421,355.4392541666667,566.1175000000001
3826,8528.1102,355.337925,515.8720999999999
4439,8527.2902,355.3037583333333,596.1506999999999
7170,8524.1037,355.17098749999997,468.5692
9991,8522.3459,355.09774583333336,495.3857
9749,8517.32,354.8883333333333,557.7767000000001
3943,8512.6987,354.6957791666667,533.3547
3419,8512.6011,354.6917125,445.9751
7549,8512.4208,354.6842,588.6369000000001
2985,8509.975,354.58229166666666,547.0488
5025,8508.8891,354.53704583333337,508.6506
7723,8505.6971,354.4040458333333,1131.495
9891,8504.6869,354.3619541666667,457.61069999999995
5029,8504.2733,354.3447208333334,521.2815
9492,8499.9718,354.16549166666664,1090.9970999999998
8309,8496.7405,354.03085416666664,574.7936
4526,8494.2608,353.9275333333333,610.0756
3825,8492.074,353.8364166666667,512.3869
8039,8491.539,353.81412500000005,537.8322000000001
7964,8490.3239,353.7634958333333,520.1403
7687,8487.4969,353.6457041666667,510.3536
8988,8487.4659,353.6444125,529.4026
9490,8485.1588,353.5482833333333,1520.1081
3019,8485.001,353.54170833333336,609.4513000000001
8346,8482.4478,353.435325,554.3643999999999
8061,8479.8763,353.32817916666664,451.3193
9592,8479.2245,353.3010208333333,1186.449
3131,8474.4417,353.10173749999996,509.2655
3359,8474.3858,353.0994083333333,485.3107
1952,8472.0245,353.0010208333333,556.6011
1164,8467.9311,352.8304625,554.0676
9946,8466.7978,352.7832416666667,589.9339
1050,8464.9854,352.707725,530.605
966,8464.5717,352.6904875,550.978
3258,8463.000900000001,352.6250375,483.60490000000004
9473,8455.744,352.3226666666667,523.431
2987,8455.0516,352.2938166666667,531.0974000000001
9048,8451.5994,352.149975,468.98749999999995
2491,8448.5853,352.02438750000005,478.8431
3938,8446.7698,351.94874166666665,502.53970000000004
1454,8446.46,351.9358333333333,625.9767
3130,8444.2691,351.8445458333333,502.6261
5915,8437.1897,351.54957083333335,510.88230000000004
3729,8433.5066,351.39610833333336,797.318
2390,8433.5008,351.3958666666667,473.3476
3824,8430.6146,351.27560833333337,505.18379999999996
9277,8421.4164,350.89235,769.7888
8345,8421.1746,350.882275,533.7741
7676,8416.1893,350.67455416666667,462.3579
8413,8411.7055,350.48772916666667,532.5494
3829,8411.6882,350.48700833333334,727.0396000000001
2956,8410.8153,350.4506375,530.8902
5577,8410.2911,350.42879583333337,607.3169
5224,8404.0221,350.1675875,499.66659999999996
5340,8401.9796,350.08248333333336,511.38910000000004
8668,8399.5623,349.9817625,635.0227
8258,8393.9044,349.74601666666666,538.8673
2688,8390.0705,349.58627083333334,532.1662
9773,8388.322,349.51341666666667,813.1524
2919,8387.895,349.495625,601.2402000000001
9092,8384.2809,349.3450375,582.6827
8262,8380.6156,349.1923166666666,472.7446
9355,8373.5964,348.89985,511.7611
3058,8373.0619,348.8775791666667,540.567
1647,8372.437,348.85154166666666,789.2785
1747,8372.4284,348.8511833333334,789.2765999999999
8217,8370.5489,348.77287083333334,545.4944
8159,8365.5759,348.5656625,508.9268
7082,8363.5444,348.4810166666667,708.1677
1954,8360.0965,348.33735416666667,629.3378
3472,8357.3923,348.22467916666665,468.1235999999999
4764,8352.494,348.0205833333334,660.3415
7550,8349.1303,347.8804291666667,601.6188999999999
7450,8347.2147,347.8006125,599.3919
9035,8347.1978,347.79990833333335,500.30920000000003
8994,8343.9716,347.6654833333334,468.2685
8894,8343.9716,347.6654833333334,468.2685
5988,8343.3542,347.6397583333333,502.5379
1047,8342.2182,347.592425,523.6879
1696,8339.8089,347.4920375,595.9454
7488,8336.7593,347.3649708333333,502.931
2831,8332.3668,347.18195,507.9355
967,8331.2071,347.13362916666665,556.5477
8794,8330.648299999999,347.11034583333327,467.4733
8163,8328.6291,347.0262125,469.308
7584,8322.7205,346.7800208333333,585.5123
8214,8313.9583,346.4149291666667,480.48389999999995
7778,8313.9121,346.41300416666667,453.2665
7773,8311.7233,346.32180416666665,567.5979999999998
3017,8303.9112,345.9963,739.4604999999999
8456,8300.8536,345.8689,475.9534
1648,8300.0533,345.83555416666667,644.2205
2639,8298.5178,345.771575,472.0993
6555,8297.2147,345.7172791666667,579.7157
4473,8296.7716,345.6988166666667,480.682
9593,8295.3619,345.6400791666667,1021.1192
3496,8294.2196,345.59248333333335,695.4353
7859,8293.2603,345.5525125,602.738
9555,8292.8241,345.5343375,510.1076
8850,8287.5943,345.3164291666667,456.92189999999994
8736,8287.0177,345.2924041666667,487.926
7223,8285.6655,345.23606249999995,537.9626
9021,8285.0259,345.20941250000004,493.9034
9121,8285.0142,345.20892499999997,493.9074
9220,8285.0142,345.20892499999997,493.9074
9120,8285.0142,345.20892499999997,493.9074
9221,8285.0142,345.20892499999997,493.9074
9122,8284.3485,345.1811875,493.8291
9320,8283.2703,345.1362625,493.79990000000004
7675,8282.8071,345.1169625,506.7517
8360,8278.4144,344.9339333333333,529.8444999999999
7538,8275.6299,344.8179125,614.1234999999999
8138,8274.4494,344.76872499999996,527.5535
3935,8273.6089,344.73370416666666,488.33649999999994
9219,8269.9671,344.5819625,492.98319999999995
3934,8268.4239,344.5176625,513.4607
7834,8268.1028,344.5042833333334,517.5349
8060,8266.9711,344.4571291666667,450.292
3158,8264.3635,344.34847916666666,532.6929
3524,8263.27,344.3029166666667,795.7641
8216,8261.6427,344.2351125,606.1705999999999
9319,8260.5533,344.1897208333333,492.3343
8980,8259.4868,344.14528333333334,999.7039
3465,8259.4823,344.1450958333333,488.21189999999996
8982,8255.2256,343.96773333333334,851.346
8832,8248.4082,343.683675,531.3842
7873,8247.3891,343.6412125,569.4751
7774,8245.4034,343.558475,569.3996
3483,8242.3788,343.43245,522.4809
9487,8239.6347,343.31811250000004,791.7140999999999
8686,8235.3621,343.1400875,468.98429999999996
2788,8234.3946,343.09977499999997,534.5211
6592,8234.2911,343.0954625,517.6120999999999
4180,8229.8546,342.91060833333336,465.42810000000003
9321,8229.0807,342.87836250000004,490.45309999999995
3471,8227.289,342.80370833333336,508.4922
8712,8224.246,342.6769166666666,532.8424
2958,8222.0437,342.58515416666665,514.2656000000001
3525,8221.5078,342.562825,766.221
4035,8212.6715,342.19464583333337,506.2673
2088,8208.5574,342.02322499999997,455.7896
7305,8207.0111,341.95879583333334,478.3895
5678,8202.8443,341.7851791666667,554.6241
3843,8195.9731,341.49887916666665,525.6352
5944,8186.6798,341.1116583333333,491.34849999999994
1649,8179.8985,340.8291041666667,673.1702
1749,8179.8985,340.8291041666667,673.1702
5725,8177.7926,340.7413583333333,542.0119
2638,8177.4239,340.72599583333334,502.3181
8769,8166.0216,340.2509,566.8140999999999
8895,8164.7403,340.1975125,458.42139999999995
9455,8160.9181,340.03825416666666,502.7676
8357,8155.5502,339.8145916666667,500.9274
8136,8151.1625,339.63177083333335,492.55240000000003
8260,8148.2081,339.5086708333333,515.7927
7861,8144.8144999999995,339.3672708333333,464.7615
7959,8144.3951,339.3497958333333,455.6051
7960,8141.086,339.2119166666667,464.3847
7961,8141.086,339.2119166666667,464.3847
1697,8138.2020999999995,339.09175416666665,577.5986
7804,8134.154,338.92308333333335,484.04780000000005
8059,8132.9403999999995,338.8725166666666,454.35849999999994
7346,8122.1094,338.421225,616.7645
8642,8121.5248,338.39686666666665,461.5564
8538,8120.8689,338.36953750000004,491.5333
5325,8119.974,338.33225,474.627
6947,8115.924,338.1635,555.5772999999999
6418,8115.6126,338.150525,669.9302
868,8115.5969,338.1498708333333,522.0213
7937,8109.9011,337.91254583333335,507.1497
8537,8109.2602,337.88584166666664,489.73699999999997
49,8103.8965,337.66235416666666,420.9942
7246,8103.086,337.6285833333333,626.9123999999999
4682,8094.5175,337.2715625,636.1704000000001
2340,8093.7478,337.23949166666665,456.1353
9183,8090.8683,337.1195125,773.683
2484,8084.9052,336.87105,577.3936
8417,8083.702,336.8209166666667,490.4398
6015,8079.985900000001,336.6660791666667,560.3425
8385,8077.1157,336.5464875,511.9059
1748,8075.9884,336.4995166666667,621.8211
9982,8073.5786,336.39910833333334,459.3546
7949,8073.3829000000005,336.3909541666667,482.0955
9493,8059.7726,335.82385833333336,944.3697
9782,8053.3686,335.557025,473.0608
9263,8049.8613000000005,335.4108875,430.7223
1794,8049.592,335.39966666666663,632.4275
8730,8047.3316,335.30548333333337,520.3159
9968,8042.5903,335.1079291666667,453.0635
7576,8042.582,335.10758333333337,437.36390000000006
6115,8040.3998,335.01665833333334,539.4274
8139,8040.2294,335.00955833333336,514.744
4373,8038.5859,334.94107916666667,498.7464
3055,8034.9227,334.78844583333336,511.3823
3823,8032.5659,334.69024583333334,481.0711
1942,8032.3571,334.68154583333336,866.5722000000001
2044,8032.3571,334.68154583333336,866.5722000000001
1943,8031.9296,334.66373333333337,866.4842000000001
968,8031.8867,334.66194583333333,522.2042
9420,8030.9735,334.62389583333334,477.9352
1842,8030.1702000000005,334.59042500000004,866.1219000000001
7860,8028.1777,334.5074041666667,489.1161
2998,8026.3353,334.4306375,688.4272
3097,8026.3353,334.4306375,688.4272
3295,8026.3353,334.4306375,688.4272
3296,8026.3353,334.4306375,688.4272
3395,8026.3353,334.4306375,688.4272
3396,8026.3353,334.4306375,688.4272
2897,8026.3353,334.4306375,688.4272
2898,8026.3353,334.4306375,688.4272
2997,8026.3353,334.4306375,688.4272
3196,8026.3353,334.4306375,688.4272
3098,8026.304,334.4293333333333,688.424
5749,8026.1125,334.4213541666667,494.17490000000004
3397,8023.5018,334.312575,688.0399
5649,8018.6105,334.1087708333333,526.7411999999999
3195,8016.0303,334.0012625,687.9151
8210,8013.641299999999,333.9017208333333,590.1148999999999
9264,8013.1357,333.88065416666666,426.759
9796,8008.407099999999,333.68362916666666,610.6356
9688,8007.8269,333.65945416666665,487.06159999999994
4663,8004.657,333.527375,490.09670000000006
3394,8003.3451000000005,333.4727125,687.2816
3033,8002.5274,333.4386416666667,512.8725
6319,8000.853,333.368875,652.7153000000001
9192,7996.911599999999,333.20464999999996,554.5983
4435,7996.0389,333.16828749999996,567.5546
3495,7995.0588,333.12745,684.8857
9036,7992.3647,333.01519583333334,570.5704000000001
7588,7990.121,332.92170833333336,483.3456
7677,7987.3723,332.8071791666667,446.92179999999996
9037,7985.222699999999,332.7176125,568.0903
3238,7984.811100000001,332.7004625,466.1077
7637,7984.0817,332.67007083333334,494.12239999999997
8437,7977.5071,332.39612916666664,487.6673
2043,7975.3026,332.304275,853.7907
8259,7973.9429,332.2476208333333,520.6125999999999
4181,7972.7214,332.196725,567.8353999999999
2384,7969.955,332.08145833333333,534.2226
9589,7969.6329,332.0680375,998.47
3941,7966.5918,331.941325,478.03020000000004
2889,7966.3167,331.9298625,504.2704
7104,7965.806,331.9085833333333,572.7395
7005,7965.806,331.9085833333333,572.7395
7105,7965.806,331.9085833333333,572.7395
6906,7963.1637,331.7984875,572.5714
4528,7962.0685,331.7528541666667,624.2702999999999
1066,7958.5106,331.6046083333333,524.0526
4177,7958.3895,331.5995625,461.4123
7759,7955.1714,331.465475,580.2758
9694,7952.9276,331.37198333333333,649.0305999999999
2590,7950.0808,331.25336666666664,483.0628
2589,7950.0808,331.25336666666664,483.0628
2588,7948.6087,331.19202916666666,482.949
9874,7947.5886,331.149525,625.4093
7381,7947.3471,331.1394625,443.8092
8860,7932.2091,330.5087125,552.3888000000001
7287,7931.591,330.48295833333333,484.53310000000005
8896,7927.7016,330.3209,450.2676
8993,7926.4624,330.2692666666667,447.42
6113,7925.8489,330.24370416666665,493.2874
9079,7922.229,330.092875,839.9413000000001
2690,7921.8784,330.07826666666665,481.5319
5979,7920.3889,330.0162041666667,572.5523000000001
9265,7918.150000000001,329.9229166666667,602.9033
9588,7916.9451,329.8727125,710.9912999999999
1758,7914.5997,329.7749875,715.0286000000001
8040,7912.4514,329.685475,501.6149
8317,7906.4623,329.43592916666665,475.58400000000006
8544,7905.4142999999995,329.39226249999996,445.8221
3425,7902.4502,329.2687583333333,728.4751
5124,7899.5134,329.14639166666666,466.8033
4782,7898.5659000000005,329.1069125,551.9547
7760,7897.9843,329.08267916666665,576.4199000000001
5420,7896.157700000001,329.00657083333334,1154.6362000000001
1897,7892.6084,328.8586833333333,602.6298999999999
7874,7892.3861,328.84942083333334,542.6088
5918,7889.3291,328.7220458333333,509.1031
3099,7886.1563,328.5898458333333,678.7598
9920,7885.1703,328.5487625,465.72369999999995
7446,7884.776800000001,328.5323666666667,538.4066
3198,7883.9118,328.496325,669.0061000000001
2285,7883.327499999999,328.47197916666664,565.8699
8450,7882.6799,328.44499583333334,658.5241
8643,7872.8333,328.0347208333333,453.6065
9260,7870.9565999999995,327.956525,522.8768
1259,7869.5847,327.8993625,466.2302
3926,7868.5415,327.85589583333336,457.991
3197,7864.532,327.6888333333333,677.4689000000001
3095,7857.8147,327.40894583333335,633.2333
9222,7856.947099999999,327.3727958333333,461.7543
7006,7854.0909,327.2537875,564.632
7205,7852.1787,327.17411250000004,566.4644
8539,7844.7001,326.86250416666667,472.2146
3239,7843.148300000001,326.7978458333334,457.54730000000006
9774,7841.6282,326.73450833333334,672.4689000000001
3382,7839.1443,326.6310125,435.5345
3631,7836.0404,326.50168333333335,602.1707
4051,7833.9882,326.416175,556.2342
1249,7833.8573,326.4107208333333,489.92190000000005
9673,7828.6579,326.19407916666665,646.0903000000001
4135,7827.8198,326.1591583333333,507.0393
9783,7827.2335,326.13472916666666,443.51919999999996
3096,7826.8956,326.12065,674.9246
7979,7824.8162999999995,326.03401249999996,480.64799999999997
6881,7823.9633,325.99847083333333,664.3586
7106,7823.8917,325.9954875,562.4409
6213,7823.0275,325.95947916666665,488.3342
9093,7820.0393,325.83497083333333,524.1267
9681,7818.9101,325.7879208333333,487.3764
4538,7817.1638,325.71515833333336,556.7062
7736,7816.9916,325.70798333333335,515.4112
9218,7813.4808,325.56170000000003,464.5306
8150,7811.5022,325.47925833333335,471.69350000000003
9572,7810.8353,325.4514708333333,604.0794
1641,7807.8924,325.32885,840.1429
4881,7805.307699999999,325.2211541666666,507.1981
9667,7800.8856,325.0369,448.4579
6114,7798.695600000001,324.94565000000006,487.937
3640,7797.3169,324.88820416666664,546.6056
8516,7795.360000000001,324.8066666666667,504.2979
3366,7793.6169,324.7340375,484.5687
3364,7793.6169,324.7340375,484.5687
3365,7793.6169,324.7340375,484.5687
8795,7792.311000000001,324.67962500000004,437.9594
3484,7778.4856,324.10356666666667,491.39670000000007
6014,7777.397000000001,324.05820833333337,485.06050000000005
5887,7776.0394,324.00164166666667,452.6453
5227,7774.054700000001,323.91894583333334,456.6729
4182,7773.7589,323.9066208333333,563.3701
3630,7773.7293,323.9053875,482.0579
7386,7767.5063,323.64609583333333,558.2177
2289,7766.772,323.6155,439.78330000000005
7237,7765.402700000001,323.55844583333334,573.6519999999999
6533,7764.296,323.51233333333334,572.7626
4134,7761.791,323.40795833333334,515.1047
5675,7757.7274,323.23864166666664,578.492
4438,7757.5125,323.2296875,555.2072000000001
8215,7757.0898,323.21207499999997,584.5707
4988,7755.4594,323.14414166666666,858.2923000000001
8046,7755.3167,323.1381958333333,453.294
6693,7752.7309000000005,323.0304541666667,449.02509999999995
5336,7749.250000000001,322.8854166666667,547.6871000000001
7914,7741.2636999999995,322.5526541666666,553.6632
3085,7740.4012,322.5167166666667,469.70799999999997
9767,7740.2432,322.51013333333333,423.41130000000004
9880,7738.6771,322.4448791666667,465.29029999999995
8361,7736.59,322.35791666666665,459.0325
3739,7736.113,322.3380416666667,477.81320000000005
1551,7733.5271999999995,322.2303,499.89639999999997
8062,7733.3749,322.22395416666666,422.61620000000005
2591,7719.9923,321.6663458333333,467.693
9165,7716.2982,321.512425,569.9468
2899,7716.088500000001,321.5036875,663.9168
9672,7715.9854000000005,321.49939166666667,612.4571
7659,7714.8042,321.450175,563.7084
7494,7714.2101,321.42542083333336,441.1719
2784,7708.9071,321.20446250000003,544.1988
9390,7708.1211,321.1717125,812.1152
9387,7704.5452000000005,321.02271666666667,796.2452000000001
8468,7703.3566,320.97319166666665,526.9116
2487,7699.0008,320.7917,461.1459
8285,7698.0738,320.753075,493.0295
8937,7697.097299999999,320.7123875,460.1772
3350,7696.7018,320.6959083333333,438.6754
7052,7696.2937,320.67890416666665,506.229
3940,7691.9023,320.49592916666666,456.6581
4722,7691.744,320.4893333333333,534.4209
4721,7691.744,320.4893333333333,534.4209
7394,7687.7522,320.32300833333335,438.88349999999997
9675,7687.2543000000005,320.30226250000004,710.5444
6807,7685.8911,320.2454625,541.1494
8438,7681.2838,320.0534916666667,469.2193000000001
8644,7676.0342,319.83475833333335,425.55100000000004
6214,7672.8188,319.70078333333333,481.2243
4781,7669.2198,319.550825,546.125
9148,7664.6291,319.35954583333336,433.52230000000003
5574,7662.6021,319.2750875,570.8007
4631,7662.0958,319.25399166666665,457.45320000000004
7147,7661.145,319.214375,480.6566
3357,7660.817,319.20070833333335,497.11310000000003
7904,7660.6317,319.1929875,480.35579999999993
7004,7659.238600000001,319.1349416666667,552.1267
8742,7658.0331,319.08471249999997,434.09839999999997
2188,7657.5779,319.0657458333333,430.29560000000004
7737,7656.7347,319.0306125,523.7912
8140,7646.5416000000005,318.6059,487.5783
3297,7645.7953,318.57480416666664,662.5573
3252,7643.119299999999,318.46330416666666,462.9414
7387,7642.4846,318.4368583333333,537.3619
5219,7639.2715,318.30297916666666,1247.1781999999998
8114,7637.1833,318.2159708333333,534.9093
3925,7632.4499,318.0187458333333,444.4728
9030,7627.6327,317.8180291666667,521.7254
2689,7624.5166,317.6881916666667,470.736
3199,7616.9982,317.374925,660.5474
4082,7615.1977,317.29990416666664,553.3258999999999
4883,7614.2029,317.2584541666667,502.90250000000003
4882,7614.2029,317.2584541666667,502.90250000000003
7650,7606.5777,316.9407375,432.7889
8337,7605.3405,316.8891875,459.26740000000007
8238,7604.7479,316.86449583333336,471.9931
8518,7603.6791,316.81996250000003,500.7803
6079,7599.5141,316.64642083333337,479.0178
8347,7598.9571,316.62321249999997,474.52599999999995
8239,7597.6669,316.5694541666667,477.2358
5985,7596.1912,316.5079666666667,439.33599999999996
9038,7595.1627,316.4651125,436.8891
9292,7594.505,316.4377083333333,525.7762
9781,7590.919800000001,316.28832500000004,447.9852
847,7589.011,316.2087916666667,487.6879
7204,7585.0027,316.0417791666667,542.0189
2684,7584.1953,316.00813750000003,528.7405
2249,7582.1413999999995,315.9225583333333,787.3841
2440,7581.1934,315.88305833333334,436.67099999999994
949,7578.31,315.7629166666667,502.451
6492,7577.8623,315.7442625,492.5808
7882,7576.6457,315.69357083333335,603.3127
3032,7575.4798,315.64499166666667,449.3718
6893,7571.4783,315.47826249999997,461.3764
9791,7565.3459,315.22274583333336,463.8047
7983,7562.8131,315.1172125,602.3876
4621,7561.213,315.0505416666667,501.59540000000004
7782,7560.7029,315.0292875,596.8195
7883,7559.2367,314.96819583333337,602.2078
7982,7559.2367,314.96819583333337,602.2078
4822,7554.5584,314.77326666666664,506.3858
5337,7551.5293,314.6470541666667,618.8656000000001
8849,7550.2701,314.5945875,429.88749999999993
6883,7549.3861,314.55775416666665,693.8281999999999
7537,7549.126,314.5469166666667,571.0978
7783,7540.255,314.1772916666667,598.1251
2999,7539.3394,314.13914166666666,652.0842
5324,7538.2971,314.0957125,477.2424
6392,7535.6939,313.98724583333336,490.2142
1785,7533.8652,313.91105,759.6421
5848,7529.8718,313.74465833333335,622.7614000000001
2932,7525.2068,313.5502833333333,444.731
5423,7523.3805,313.4741875,481.5268
8340,7521.2962,313.38734166666666,513.0383
4723,7518.6946,313.27894166666664,503.8555
6043,7518.166700000001,313.25694583333336,453.99320000000006
1254,7517.547,313.23112499999996,623.6487
2148,7515.8634,313.160975,733.2285
448,7515.419,313.1424583333333,394.6365
7837,7512.9641,313.0401708333333,515.3525
4034,7509.1373,312.8807208333333,506.5058
9394,7508.6267,312.8594458333333,473.26079999999996
6084,7507.8562999999995,312.8273458333333,428.80770000000007
7349,7507.1515,312.79797916666666,535.3099
5424,7505.09,312.71208333333334,476.42420000000004
1990,7497.9146,312.41310833333335,470.17379999999997
8743,7495.1313,312.2971375,423.69820000000004
3939,7493.9603,312.2483458333333,434.68600000000004
8005,7493.271,312.219625,458.8689
2837,7490.8618,312.11924166666665,462.40110000000004
4081,7485.9769,311.91570416666667,547.6744000000001
9798,7484.62,311.8591666666667,517.1468
6983,7483.8442,311.82684166666667,699.5629
6982,7483.8442,311.82684166666667,699.5629
7083,7483.8442,311.82684166666667,699.5629
9293,7480.9376,311.70573333333334,444.60209999999995
8741,7480.2159,311.6756625,424.7375
3356,7480.2051,311.6752125,438.84900000000005
2640,7479.6487,311.65202916666664,429.76930000000004
8014,7475.0,311.4583333333333,523.4153
9847,7470.7044000000005,311.27935,556.5448
5627,7466.1467999999995,311.08945,491.85569999999996
6215,7464.5922,311.024675,469.3397
5220,7460.740400000001,310.86418333333336,1069.2648000000002
4992,7458.7063,310.77942916666666,633.2962
8444,7458.2507000000005,310.76044583333334,438.7373
2789,7456.1933,310.6747208333333,473.0775
5524,7453.6779,310.5699125,474.22740000000005
7536,7453.558,310.56491666666665,566.0609000000001
9137,7451.5112,310.4796333333333,512.1696
7947,7447.4618,310.3109083333333,611.0636
1165,7446.0014,310.25005833333336,406.66880000000003
1354,7445.5761,310.2323375,500.4741
4530,7443.8721,310.1613375,559.0549
9164,7438.3512,309.9313,391.5011
7548,7437.1114,309.87964166666666,631.6274999999999
2346,7436.0818,309.8367416666667,822.3891
3383,7434.8676,309.78614999999996,461.19129999999996
2931,7432.8985999999995,309.7041083333333,430.1779
3363,7429.4394,309.559975,460.998
1065,7423.6655,309.3193958333333,425.1384
2884,7418.5998,309.108325,475.2451
9163,7415.8005,308.9916875,395.7985
8110,7411.8156,308.82565,564.2627
3039,7409.1149,308.71312083333333,426.7981
1447,7406.6438,308.61015833333335,446.1165
7587,7403.7219000000005,308.48841250000004,459.4429
5943,7402.9863000000005,308.4577625,446.91970000000003
1784,7400.7336000000005,308.3639,697.1296
7487,7400.1332,308.33888333333334,466.0319
2490,7399.8454,308.32689166666665,438.2259
9069,7398.097299999999,308.25405416666666,562.3371999999999
7438,7395.6255,308.1510625,559.2221
5425,7394.7721,308.11550416666665,454.18010000000004
8536,7393.5532,308.0647166666667,440.5835000000001
7437,7389.6869,307.9036208333333,558.7157000000001
7910,7379.6871,307.4869625,445.78380000000004
7547,7378.3656,307.4319,662.4366
5817,7376.9109,307.3712875,472.24670000000003
9138,7369.6204,307.0675166666667,510.4193
2637,7369.4934,307.062225,511.81089999999995
9391,7367.6284000000005,306.9845166666667,792.0723
1549,7367.1548,306.96478333333334,541.8376000000001
8247,7366.8294000000005,306.951225,499.61469999999997
8149,7364.9088,306.8712,454.16499999999996
3942,7364.2781,306.84492083333333,461.5638
8480,7364.1066,306.837775,440.97580000000005
1148,7354.8144,306.4506,491.7409
8418,7347.7254,306.15522500000003,425.31399999999996
7706,7347.3259,306.13857916666666,439.1146
7906,7347.3259,306.13857916666666,439.1146
7806,7347.3259,306.13857916666666,439.1146
7707,7347.3259,306.13857916666666,439.1146
7807,7347.2542,306.1355916666667,438.7059
7907,7343.5342,305.98059166666667,417.9854
2896,7343.3262,305.971925,610.7919
7594,7342.467900000001,305.9361625,419.5644
869,7337.005,305.7085416666667,520.1202
870,7337.005,305.7085416666667,520.1202
7808,7334.9194,305.6216416666667,415.06339999999994
4324,7331.771000000001,305.4904583333334,511.25199999999995
9086,7330.3588,305.4316166666667,547.1707
969,7328.7065,305.36277083333334,518.6048
7908,7327.3133,305.3047208333333,443.6776
7909,7327.3133,305.3047208333333,443.6776
1049,7327.1266,305.29694166666667,492.21180000000004
1149,7327.1266,305.29694166666667,492.21180000000004
7809,7325.1635,305.21514583333334,443.5566
1048,7324.7208,305.1967,492.0457
2540,7322.7991,305.11662916666666,423.7144
8209,7320.8863,305.03692916666665,558.7186
970,7320.0801,305.0033375,515.6409
7674,7318.9155,304.9548125,442.5659
9419,7318.6416,304.9434,433.9259
6907,7315.4101,304.8087541666667,523.3183999999999
6380,7313.9338,304.74724166666664,583.8996999999999
6180,7310.5997,304.6083208333333,487.8382
2284,7309.6623,304.5692625,542.2009
8486,7308.5582,304.52325833333333,481.21979999999996
8009,7304.0842,304.33684166666666,437.4057
9586,7303.2657,304.3027375,509.08939999999996
1695,7302.725100000001,304.2802125,429.54499999999996
8008,7300.402,304.1834166666667,453.9263
6294,7299.6177,304.1507375,421.6958
7350,7294.8341,303.9514208333333,508.6709
7832,7294.303,303.92929166666664,413.1731
6696,7294.2282,303.926175,464.6149
5680,7293.8078,303.90865833333334,461.37559999999996
8108,7292.9276,303.87198333333333,558.2825
8479,7284.9202,303.53834166666667,439.0409000000001
9745,7284.5024,303.52093333333335,557.8241
8109,7284.323,303.51345833333335,557.4675
7911,7282.195,303.42479166666664,448.9525
1788,7281.414699999999,303.39227916666664,468.7134
9600,7281.4132,303.3922166666667,473.13930000000005
2830,7273.2466,303.05194166666666,459.78669999999994
7976,7271.3908,302.9746166666667,398.1302
9499,7266.9021999999995,302.78759166666663,473.1524
7436,7265.3736,302.7239,548.1129
2489,7264.6840999999995,302.6951708333333,430.09739999999994
1891,7263.3489,302.6395375,467.7392
1890,7263.2549,302.63562083333335,467.773
1889,7263.2549,302.63562083333335,467.773
1789,7263.2549,302.63562083333335,467.773
1790,7263.2549,302.63562083333335,467.773
1689,7263.2549,302.63562083333335,467.773
1455,7263.2277,302.63448750000003,493.0833
3976,7262.8867,302.62027916666665,461.0623
8241,7261.8429,302.57678749999997,526.1379000000001
4884,7256.7662,302.3652583333333,477.80879999999996
9748,7255.0265,302.29277083333335,540.7112000000001
7336,7253.577,302.232375,547.8678
7228,7253.1639000000005,302.2151625,566.9100000000001
3841,7252.0213,302.16755416666666,452.1019
4622,7251.9889,302.16620416666666,483.7446
7912,7245.793,301.90804166666663,466.88870000000003
7473,7245.6522,301.902175,413.5259
7337,7244.634,301.85975,546.3441
6295,7242.8501,301.7854208333333,438.05170000000004
7862,7240.8313,301.70130416666666,407.2634
8439,7239.7849,301.65770416666663,438.2233
9322,7237.4923,301.5621791666667,415.336
4577,7236.4088,301.51703333333336,607.8052
1153,7236.215999999999,301.50899999999996,514.9808
7708,7234.0244,301.41768333333334,423.93319999999994
9373,7232.8976,301.37073333333336,436.6242
8948,7231.661599999999,301.31923333333333,385.1382
3324,7227.1184,301.1299333333333,699.9079
5237,7226.773,301.1155416666667,533.3937
2046,7222.483700000001,300.93682083333334,568.7943
2738,7220.388,300.8495,557.428
1894,7219.6941,300.8205875,592.4042
8095,7216.6404,300.69335,448.8053
9744,7215.5380000000005,300.6474166666667,586.2610999999999
3982,7215.0849,300.6285375,525.4807
1646,7210.3859999999995,300.43275,641.5263
1742,7204.6564,300.19401666666664,771.5755
7485,7204.4668,300.1861166666667,470.247
9687,7202.9584,300.12326666666667,465.4887
9845,7201.8561,300.0773375,513.4416
7851,7201.281,300.053375,428.1922
1787,7199.6203,299.98417916666665,561.8873
1690,7198.3042000000005,299.9293416666667,463.6343
8861,7197.5813,299.89922083333335,473.2546
2930,7194.6341,299.77642083333336,453.41769999999997
8829,7191.2307,299.6346125,437.76759999999996
3743,7191.1862,299.63275833333336,428.12669999999997
8446,7189.438,299.55991666666665,463.8395
9118,7183.9753,299.3323041666667,424.07820000000004
6188,7179.3778,299.14074166666666,439.5011
7943,7178.6157,299.1089875,426.5987
8007,7178.0808,299.0867,468.63840000000005
2541,7175.9791,298.99912916666665,414.0864
2737,7174.6461,298.9435875,549.0167
3226,7172.0635,298.8359791666667,625.2539999999999
2492,7171.5831,298.8159625,400.8941
2553,7170.2953,298.76230416666664,419.3483
8938,7169.4924,298.72885,424.5467
8135,7164.3556,298.51481666666666,441.28819999999996
3294,7159.7292,298.32205,597.3966999999999
8463,7158.8992,298.28746666666666,421.46320000000003
6744,7158.8904999999995,298.28710416666667,431.5761
3469,7150.6457,297.94357083333335,395.82090000000005
6013,7146.4282,297.7678416666667,444.1471
3031,7144.0746,297.669775,414.4018
8483,7137.49,297.3954166666667,427.6767
9494,7132.3109,297.17962083333333,692.4005999999999
848,7124.617,296.85904166666666,473.35560000000004
8837,7120.2276,296.67615,402.46060000000006
1849,7118.786,296.61608333333334,406.3988
3351,7118.3794,296.59914166666664,403.4267
5318,7110.6532,296.2772166666667,792.3975
948,7109.6159,296.2339958333333,479.7749
5699,7108.2442,296.1768416666667,433.0988
5799,7107.3488,296.1395333333333,433.0884
5698,7106.9748,296.12395,433.0443
9686,7104.9773,296.0407208333333,463.28290000000004
7785,7104.218,296.0090833333333,430.5871
8517,7100.1106,295.83794166666667,477.4774
1888,7099.9139,295.82974583333333,456.30899999999997
7946,7098.8399,295.7849958333333,491.30899999999997
1688,7097.6098,295.7337416666667,457.7849
9285,7096.013,295.66720833333335,504.62579999999997
6080,7090.6109,295.4421208333333,470.083
7323,7090.0859,295.42024583333335,671.3308
8042,7087.6077,295.3169875,424.2919
6680,7085.888,295.24533333333335,603.9217
5700,7080.8823,295.0367625,427.9547999999999
1547,7075.7226,294.821775,536.9262
9085,7072.5274,294.6886416666667,535.711
9392,7069.3148,294.5547833333333,511.12969999999996
7913,7068.2369,294.5098708333333,533.1872
8737,7066.8627,294.4526125,426.30190000000005
9176,7066.0066,294.4169416666667,583.1333999999999
8362,7063.5702,294.315425,415.1756
9983,7063.4269,294.3094541666667,409.8092
5980,7058.6643,294.1110125,478.27139999999997
8240,7056.0547,294.00227916666665,516.5287
9763,7055.2194,293.967475,418.9596
8445,7051.784100000001,293.8243375,449.1372
4525,7049.1499,293.7145791666667,457.9333
5527,7047.9511,293.66462916666666,457.451
9500,7044.2831,293.51179583333334,459.0729
9185,7043.6123,293.4838458333333,525.7577
7784,7042.3165,293.42985416666664,443.0596
8412,7041.6845,293.40352083333335,619.6874
4821,7041.5049,293.3960375,489.90479999999997
9489,7040.5813,293.35755416666666,941.7863
4274,7038.2802,293.261675,436.4796
5323,7038.1137,293.2547375,449.63379999999995
8838,7038.0238,293.25099166666666,424.3378
7206,7036.5709,293.19045416666665,508.69949999999994
8004,7036.3551,293.1814625,481.472
9033,7035.8166,293.159025,400.8446
7758,7029.6959,292.90399583333334,532.7514000000001
4424,7022.3036,292.5959833333333,503.61749999999995
2996,7021.2502,292.5520916666667,620.4642
6905,7019.9731,292.49887916666665,508.2854
9291,7017.38,292.3908333333333,497.77799999999996
7417,7015.6474,292.3186416666667,629.6162
1884,7013.793,292.241375,650.9535999999999
3582,7010.6897,292.11207083333335,418.1462
5482,7010.2531,292.0938791666667,609.1886
9867,7007.6613,291.9858875,401.95320000000004
9587,7006.347299999999,291.9311375,508.1159
9162,7004.4185,291.85077083333334,437.4791
8545,7002.1547,291.7564458333333,445.5009
1694,6999.9237,291.66348750000003,476.81140000000005
4521,6999.3245,291.6385208333333,410.7427
7474,6984.657999999999,291.0274166666666,467.2804
9663,6981.7941,290.9080875,420.92330000000004
1791,6977.3432,290.72263333333336,448.4606
5881,6975.3092,290.6378833333333,431.5384
9061,6972.9232,290.5384666666667,490.19210000000004
9161,6972.0751,290.50312916666667,490.2436
7607,6968.6293,290.35955416666667,412.9859
1450,6966.6052,290.27521666666667,485.1455000000001
3216,6963.1376,290.13073333333335,451.7718
7705,6957.9644,289.91518333333335,414.1023
2753,6956.2512,289.8438,400.5537
9031,6955.1823,289.7992625,466.0526
8078,6952.1927,289.6746958333333,454.55760000000004
9488,6945.276800000001,289.3865333333334,727.1479
7850,6943.5211,289.31337916666666,414.5584
9967,6943.3458,289.306075,399.3596
3132,6943.3105,289.30460416666665,403.40779999999995
2836,6940.7326,289.1971916666667,597.0444
3298,6939.294,289.13725,588.6544
4126,6938.3314,289.0971416666667,458.5168
4780,6936.5882,289.02450833333336,413.0902
5177,6929.8894,288.74539166666665,427.58450000000005
9944,6929.3903,288.72459583333335,424.6193
8248,6929.1897,288.7162375,476.4216
1451,6924.6133,288.52555416666667,472.00789999999995
8077,6920.8947,288.3706125,453.1906
6926,6917.512,288.2296666666667,447.5417
3838,6916.7252,288.19688333333335,436.70810000000006
7328,6914.1402,288.089175,545.8199999999999
2735,6914.0378,288.0849083333333,391.4886
1449,6906.260899999999,287.7608708333333,438.9914999999999
7941,6902.5437999999995,287.6059916666666,426.17539999999997
8233,6899.309,287.4712083333333,423.52010000000007
1687,6898.9288,287.45536666666663,684.2545
8503,6897.0087,287.3753625,532.4117
7448,6894.5887999999995,287.2745333333333,493.19899999999996
1058,6891.6673,287.15280416666667,407.13509999999997
6892,6891.1287,287.1303625,438.92230000000006
6791,6891.1287,287.1303625,438.92230000000006
6792,6891.1287,287.1303625,438.92230000000006
6891,6890.7603,287.1150125,438.91110000000003
8645,6890.4808,287.10336666666666,405.89649999999995
6243,6890.2579,287.09407916666663,567.3386
6692,6889.9455,287.0810625,438.8758
9649,6889.9332,287.08055,396.5811
6793,6888.4258,287.01774166666667,438.7164
8318,6886.6458,286.943575,390.7378
1589,6883.9907,286.8329458333333,436.879
2488,6883.8916,286.8288166666667,400.6708
8339,6883.522800000001,286.81345000000005,427.6737
3133,6881.5648,286.7318666666667,401.2345
3460,6880.4349999999995,286.6847916666666,372.88430000000005
5477,6879.7374,286.655725,411.697
4235,6877.2634,286.55264166666666,530.6831
8338,6876.214,286.50891666666666,419.46630000000005
2153,6871.3217,286.30507083333333,377.3749
6635,6863.9746000000005,285.99894166666667,629.8290999999999
2053,6863.9597,285.99832083333337,377.91650000000004
2054,6861.349200000001,285.88955000000004,375.8516
7978,6860.152,285.8396666666667,450.9842
7750,6853.5647,285.56519583333335,410.084
8249,6845.9676,285.24865,436.5135
5914,6840.769200000001,285.03205,427.28279999999995
1548,6836.5059,284.8544125,451.0382
1550,6832.7772,284.69905,476.45880000000005
7709,6829.9545,284.5814375,398.38899999999995
3924,6829.9064,284.5794333333333,400.04749999999996
5800,6828.873,284.53637499999996,400.3977
1252,6827.3727,284.4738625,541.996
1070,6825.9128,284.4130333333333,398.3159
9022,6824.5942,284.35809166666667,428.58140000000003
7942,6824.3958999999995,284.34982916666667,415.7301
4623,6823.1261,284.29692083333333,478.95019999999994
3184,6818.7702,284.115425,454.9579
8141,6815.9439,283.9976625,453.5794
9992,6813.4187,283.89244583333334,390.7455
4875,6809.9516,283.74798333333337,390.19969999999995
2938,6806.6818,283.61174166666666,431.38759999999996
3578,6801.501,283.395875,381.9731
8482,6796.4372,283.18488333333335,443.2969
4233,6794.927900000001,283.12199583333336,398.1373
2152,6792.6644,283.0276833333333,383.2412
1557,6791.0785,282.96160416666663,562.0248
7447,6786.1376,282.75573333333335,594.4344
3842,6785.1255,282.7135625,475.9747
7606,6785.0289,282.7095375,401.79729999999995
3622,6781.4907,282.5621125,658.6384
7751,6778.9159,282.4548291666667,406.77450000000005
2042,6777.8885,282.4120208333333,551.6663
8701,6777.5472,282.3978,483.49559999999997
1686,6774.975,282.29062500000003,716.5413000000001
7517,6770.903,282.12095833333336,596.1527
9177,6770.7923,282.11634583333336,566.7281999999999
1658,6758.5656,281.6069,557.9557000000001
7877,6753.5932,281.3997166666667,373.70849999999996
4532,6752.3085,281.3461875,395.6685
1158,6751.447,281.31029166666667,400.0004
4282,6748.5894,281.191225,430.1319
4178,6747.5998,281.14999166666666,367.60929999999996
5518,6745.860000000001,281.07750000000004,1173.8852000000002
2855,6745.2898,281.05374166666667,393.3505
8294,6743.9135,280.99639583333334,434.96899999999994
9549,6738.4498,280.7687416666667,412.91190000000006
3497,6736.7587,280.6982791666667,466.3655
7805,6736.1185,280.67160416666667,400.08039999999994
9448,6736.103,280.6709583333333,412.84749999999997
4524,6735.5629,280.6484541666667,481.3861
9449,6734.7056,280.6127333333333,412.7735
9379,6734.6606,280.61085833333334,560.5825
2838,6734.1351,280.58896250000004,417.2878
4522,6733.1465,280.54777083333335,479.99670000000003
3744,6732.7029999999995,280.52929166666667,411.14209999999997
9548,6728.7968,280.36653333333334,412.45590000000004
4234,6726.24,280.26,502.45399999999995
4624,6721.9442,280.08100833333333,486.87030000000004
9041,6721.8994999999995,280.0791458333333,380.04749999999996
1057,6721.231,280.05129166666666,398.43049999999994
1885,6717.5998,279.89999166666666,609.9828
4523,6716.0779,279.8365791666667,486.5621
1446,6715.5133,279.81305416666663,461.9945
7388,6712.8741,279.7030875,392.247
2052,6712.8157,279.70065416666665,379.0946
4681,6708.0896999999995,279.5037375,456.43499999999995
9348,6707.1168,279.4632,411.13250000000005
9349,6707.1125,279.46302083333336,411.13250000000005
2736,6705.7082,279.40450833333335,441.0119
1546,6705.5353,279.39730416666663,465.21819999999997
1558,6704.428,279.35116666666664,551.1802
8104,6698.4073,279.10030416666666,472.52419999999995
9882,6697.9929,279.0830375,398.97749999999996
3240,6693.2961,278.8873375,388.0804
3644,6692.8201,278.86750416666666,409.52549999999997
3645,6692.8201,278.86750416666666,409.52549999999997
3745,6692.8201,278.86750416666666,409.52549999999997
3646,6692.8201,278.86750416666666,409.52549999999997
3449,6688.4731,278.68637916666665,385.67409999999995
1258,6687.1749,278.6322875,413.52070000000003
2286,6686.0508,278.58545,406.7383
4626,6684.9179,278.53824583333335,510.3043
1991,6683.2321,278.4680041666667,410.49690000000004
5642,6681.5871,278.39946249999997,437.6935
7905,6680.0892,278.33705000000003,398.7144
7810,6678.8459,278.28524583333336,397.00530000000003
9247,6678.1306,278.2554416666667,409.0357
8208,6672.705099999999,278.0293791666666,498.176
1445,6672.4035,278.0168125,458.73130000000003
3742,6671.8226,277.99260833333335,449.9409
9447,6670.6736,277.9447333333333,405.4882
9566,6666.6625,277.77760416666666,407.14480000000003
9873,6665.5268,277.7302833333333,570.8299
6216,6659.6912,277.48713333333336,398.8263999999999
9746,6658.8443,277.4518458333333,498.73290000000003
7930,6657.9832,277.41596666666663,415.2739
1883,6656.6413,277.36005416666666,605.2813
3461,6653.7159,277.2381625,358.5493
3561,6652.0219,277.16757916666666,358.5348
770,6648.8534,277.0355583333333,463.961
7777,6646.7346,276.947275,377.67869999999994
7418,6646.1445,276.9226875,562.4405
7575,6644.029,276.83454166666667,378.7801
6480,6640.405,276.68354166666666,575.1269
8842,6637.8821,276.5784208333333,377.68839999999994
1456,6637.7143,276.57142916666663,485.05000000000007
9997,6633.0432,276.3768,415.94050000000004
6081,6632.7035000000005,276.3626458333334,462.70590000000004
9963,6632.1491,276.3395458333333,376.6911
6691,6627.8572,276.1607166666667,419.4341
4625,6624.1205,276.00502083333333,432.7614
8796,6623.098,275.9624166666667,428.53720000000004
1545,6620.0864,275.8369333333333,455.6835
1786,6619.4144,275.8089333333333,704.6448
9186,6618.5752,275.7739666666667,503.015
8942,6618.116,275.75483333333335,377.25469999999996
8941,6618.116,275.75483333333335,377.25469999999996
8841,6618.116,275.75483333333335,377.25469999999996
1848,6617.0719,275.71132916666664,419.0018
947,6615.5355,275.6473125,449.1005
9642,6614.6578,275.6107416666667,504.094
2240,6614.5205,275.6050208333333,363.05800000000005
3839,6609.3312,275.3888,417.4262
9846,6597.4776,274.8949,496.1075
3450,6595.2095,274.8003958333333,415.748
1157,6591.6146,274.6506083333333,400.4554
3643,6587.2431,274.4684625,403.8433
9077,6586.1086,274.42119166666663,537.5658000000001
3981,6583.9774,274.33239166666664,399.10929999999996
8968,6577.1707,274.04877916666663,507.7001
2900,6576.1323,274.0055125,583.2627
8684,6572.6667,273.8611125,365.1136
9747,6571.6959,273.82066249999997,494.43899999999996
7124,6571.2225,273.8009375,411.8552
3283,6569.9904,273.7496,430.3623
1170,6569.1235,273.7134791666667,434.7077
7024,6568.1526,273.673025,411.6421
1950,6565.9853,273.5827208333333,374.2741
9042,6563.4842,273.4785083333333,373.4927
1355,6563.2216,273.46756666666664,484.9054
6383,6562.9049,273.45437083333337,573.1236
9139,6559.9742,273.3322583333333,356.6778
4925,6558.5996000000005,273.27498333333335,461.45400000000006
9998,6558.3097,273.26290416666666,418.32030000000003
9039,6557.3245,273.2218541666667,387.7819
5674,6554.555,273.10645833333336,428.0443
8634,6552.1911,273.0079625,389.50919999999996
5326,6551.4418,272.97674166666667,401.5677
2955,6550.1812,272.92421666666667,395.0205
6597,6548.0685,272.8361875,457.1283
5081,6545.0327,272.70969583333334,659.3589999999999
4823,6542.8664,272.61943333333335,434.6047
8940,6536.0786,272.33660833333334,375.6726
5899,6529.3141,272.05475416666667,385.1884
3054,6529.264,272.05266666666665,392.8683
1257,6524.9503,271.87292916666667,432.2239
2051,6520.3151,271.67979583333334,371.47659999999996
1949,6517.5626,271.56510833333334,407.9296
3182,6514.7602,271.44834166666664,440.22170000000006
3282,6514.7602,271.44834166666664,440.22170000000006
3183,6514.2136,271.42556666666667,440.19669999999996
7722,6513.8006,271.4083583333333,996.3138
8695,6511.6049,271.3168708333333,380.18100000000004
1951,6510.3593,271.26497083333334,369.8826
7236,6504.9927,271.0413625,504.8331
9248,6504.3936,271.01640000000003,397.6121
1783,6502.1324,270.92218333333335,586.8848
3840,6490.5932,270.44138333333336,381.6293999999999
1896,6485.846100000001,270.24358750000005,453.4363
3545,6484.1256,270.1719,396.519
7863,6479.5728,269.9822,394.70709999999997
8693,6479.0562,269.960675,416.0602
7962,6477.280299999999,269.8866791666666,357.82089999999994
4423,6475.972,269.83216666666664,460.6993
7203,6474.2606000000005,269.7608583333334,432.73290000000003
9648,6474.1461,269.7560875,382.7274
8105,6466.436900000001,269.4348708333334,462.8112
8230,6464.1047,269.3376958333333,414.5217
9881,6461.9959,269.24982916666664,385.8717
4724,6460.8458,269.20190833333334,415.7697
8107,6460.1155,269.17147916666664,481.5428
4476,6459.4036,269.14181666666667,548.3625
8939,6457.6029,269.0667875,401.2343000000001
2441,6456.6353,269.02647083333335,362.0222
7375,6456.0213,269.00088750000003,363.5636
5327,6455.6657000000005,268.9860708333334,394.1489
3567,6455.3505,268.9729375,406.19789999999995
5321,6447.402,268.64175,577.396
2050,6446.7982,268.6165916666667,371.4334
5440,6445.5808,268.56586666666664,412.86310000000003
6580,6444.9519,268.5396625,571.9224
6948,6436.5977,268.19157083333334,441.49379999999996
9062,6429.4041,267.8918375,419.2481
8617,6428.367700000001,267.8486541666667,412.80100000000004
6588,6427.9095,267.8295625,647.1514
6688,6427.5192,267.81329999999997,647.3489
6689,6427.3421,267.80592083333335,647.47
3421,6424.2723,267.67801249999997,483.986
9289,6423.9713,267.66547083333336,395.601
3327,6423.352,267.63966666666664,397.267
5798,6422.6061,267.6085875,369.13910000000004
9040,6421.9284,267.58035,364.85580000000004
8615,6421.4083,267.55867916666665,402.204
6949,6418.8519,267.4521625,421.30390000000006
9645,6417.4529999999995,267.393875,396.4144
4527,6416.3299,267.3470791666667,512.2785
1067,6414.5698,267.2737416666667,382.5019
7977,6412.9845000000005,267.2076875,402.0325
7994,6408.2312,267.00963333333334,394.1565
8464,6406.643,266.94345833333335,377.49379999999996
4421,6403.4301000000005,266.8095875,385.13100000000003
9246,6397.5338,266.56390833333336,369.9581
1253,6392.9745,266.3739375,448.9623
9974,6391.138,266.29741666666666,528.8112
9378,6390.6009,266.2750375,647.1067
2387,6389.820900000001,266.2425375,372.19010000000003
3053,6388.6871,266.1952958333333,382.1137
7317,6387.1512,266.1313,552.7855
8485,6386.9171,266.1215458333333,367.0148
2952,6385.9231,266.08012916666667,381.6189
2854,6385.6031,266.06679583333334,381.56200000000007
2954,6385.6031,266.06679583333334,381.56200000000007
2953,6385.6031,266.06679583333334,381.56200000000007
8593,6372.4101,265.5170875,411.1132
8204,6371.3081,265.47117083333336,460.5477
7775,6370.3937000000005,265.4330708333334,425.5943
8006,6366.2921,265.2621708333333,374.2216
8263,6365.9841,265.24933749999997,353.4096
5426,6365.3351999999995,265.22229999999996,391.41869999999994
2853,6360.0972,265.00405,380.14360000000005
8694,6357.679,264.9032916666667,400.1508
8711,6356.1452,264.83938333333333,393.86719999999997
4334,6350.8399,264.6183291666667,466.2272
8984,6349.014,264.54225,415.754
9988,6348.8938,264.53724166666666,346.0724
3984,6347.5071,264.4794625,410.13329999999996
2389,6341.4888,264.2287,370.80310000000003
1046,6340.7015,264.19589583333334,371.5517
7816,6339.733200000001,264.15555,371.6514000000001
9123,6339.1605,264.1316875,355.84620000000007
8250,6337.7355,264.0723125,429.9066
3186,6336.4728000000005,264.0197,360.1561
5223,6332.8189999999995,263.86745833333333,419.06520000000006
6481,6330.0187,263.75077916666663,591.9276
2288,6329.0528,263.71053333333333,370.0881
2287,6329.0528,263.71053333333333,370.0881
2388,6329.0528,263.71053333333333,370.0881
9766,6328.4383,263.6849291666667,376.95120000000003
8306,6327.4603,263.6441791666667,456.97720000000004
8307,6327.4603,263.6441791666667,456.97720000000004
8507,6327.4603,263.6441791666667,456.97720000000004
8206,6327.4603,263.6441791666667,456.97720000000004
8407,6327.4603,263.6441791666667,456.97720000000004
8506,6327.4603,263.6441791666667,456.97720000000004
8606,6327.4603,263.6441791666667,456.97720000000004
8508,6327.4603,263.6441791666667,456.97720000000004
8408,6327.4603,263.6441791666667,456.97720000000004
8205,6327.2714,263.6363083333333,456.95990000000006
8404,6327.0978000000005,263.629075,456.9439
7831,6326.1264,263.5886,476.4741
8304,6325.699,263.57079166666665,456.8155
8405,6325.6235,263.5676458333333,456.80860000000007
8406,6324.4746000000005,263.51977500000004,456.7031
9644,6322.892,263.4538333333333,395.5324
8403,6321.9386,263.41410833333333,456.5292
2657,6319.0389,263.29328749999996,447.30589999999995
1586,6317.8996,263.24581666666666,646.3214
9329,6310.7663,262.94859583333334,440.70169999999996
9565,6309.8504,262.91043333333334,385.4798
7133,6306.9818000000005,262.79090833333333,506.1427
9674,6303.9609,262.6650375,598.9706
5282,6303.3744,262.6406,606.1085
9966,6303.1084,262.6295166666667,374.8144
2683,6300.0671,262.5027958333333,491.0855
2699,6298.6422999999995,262.44342916666665,369.9008
7123,6297.8541,262.41058749999996,395.02549999999997
6417,6296.9418000000005,262.37257500000004,468.4037
2682,6296.0688,262.3362,490.56669999999997
2783,6288.6212000000005,262.02588333333335,489.24850000000004
8148,6287.9057,261.99607083333336,378.48170000000005
4582,6287.0111,261.95879583333334,411.64439999999996
5100,6286.2287,261.92619583333334,364.17789999999997
7037,6284.3686,261.84869166666664,453.2655
3494,6283.9823,261.8325958333333,513.0231000000001
2151,6282.4800000000005,261.77000000000004,358.08410000000003
6381,6280.2275,261.67614583333335,565.5901
9001,6279.2963,261.6373458333333,453.53030000000007
8505,6277.8829,261.57845416666663,453.43699999999995
9564,6271.7936,261.3247333333333,383.1689
9665,6271.7936,261.3247333333333,383.1689
9666,6271.7936,261.3247333333333,383.1689
9764,6271.7936,261.3247333333333,383.1689
9664,6271.7936,261.3247333333333,383.1689
7648,6271.3595000000005,261.30664583333333,480.86400000000003
5981,6270.087,261.253625,438.8915
5199,6268.588,261.1911666666667,363.457
9765,6267.2938,261.1372416666667,382.8302
3546,6265.3977,261.0582375,355.9647
8308,6265.371,261.057125,452.0349
9136,6263.3192,260.97163333333333,383.6438
9065,6262.673,260.9447083333333,398.5136
9032,6257.4425,260.7267708333333,393.9768
6082,6256.3535,260.68139583333334,473.7305
3518,6254.5132,260.60471666666666,327.4754
1156,6252.4555,260.51897916666667,448.0029
2091,6252.3453,260.5143875,345.2601
9863,6251.3887,260.4745291666667,382.4966
8493,6250.7031,260.4459625,408.2132
1457,6248.5805,260.35752083333335,492.9631
2852,6248.5194,260.354975,373.9383
4824,6243.418,260.14241666666663,437.8206
3152,6242.1121,260.0880041666667,391.66639999999995
8232,6241.070900000001,260.04462083333334,480.57399999999996
7035,6239.465,259.97770833333334,517.5143
6789,6232.032,259.668,581.96
1256,6230.2684,259.59451666666666,422.7909
8207,6225.2784,259.3866,449.5997
2641,6221.1693,259.21538749999996,352.51259999999996
4923,6220.3105000000005,259.1796041666667,438.9195
7007,6216.6283,259.0261791666667,451.9663
3740,6215.7586,258.98994166666665,388.9851
7694,6213.8730000000005,258.911375,363.46380000000005
3052,6213.2912,258.88713333333334,383.23209999999995
8332,6213.0046,258.8751916666667,470.1191
9547,6211.742,258.82258333333334,360.617
5024,6211.3919,258.80799583333334,439.3893
4924,6211.3919,258.80799583333334,439.3893
9996,6208.5488,258.6895333333333,422.726
9864,6204.4105,258.5171041666667,372.3425
1255,6203.5981,258.48325416666665,410.63649999999996
8331,6202.7576,258.44823333333335,470.16089999999997
946,6201.6081,258.40033750000003,365.5883
8607,6201.5469,258.3977875,444.1634
4981,6198.6145,258.27560416666665,604.5489
1448,6197.4829,258.22845416666667,376.5388
5099,6191.9819,257.9992458333333,359.745
1458,6187.0893,257.7953875,493.3805
3923,6185.7513,257.7396375,399.20560000000006
3983,6182.49,257.60375,439.20590000000004
5023,6181.6095,257.56706249999996,420.3056
9866,6180.4299,257.5179125,368.5638
9883,6178.7634,257.448475,371.5854
9647,6177.935,257.41395833333337,414.5015
8816,6177.2623,257.3859291666667,487.4343
3741,6176.165,257.34020833333335,399.4799
9641,6174.0884,257.2536833333333,484.98269999999997
9842,6173.9822,257.24925833333333,484.9775
9742,6173.9822,257.24925833333333,484.9775
6313,6169.3076,257.05448333333334,370.4226
5200,6168.7547,257.03144583333335,349.69000000000005
9374,6166.7684,256.94868333333335,387.2827
9345,6163.1041000000005,256.7960041666667,390.42370000000005
6280,6161.4538999999995,256.7272458333333,550.65
1948,6158.8956,256.62065,396.2601
5913,6157.7664,256.5736,375.82179999999994
9543,6156.5256,256.5219,393.8557
6194,6151.0766,256.29485833333337,381.1187
8305,6148.153499999999,256.17306249999996,443.217
3030,6147.2626,256.13594166666667,345.52540000000005
7033,6143.427,255.976125,527.6696
1559,6142.465,255.93604166666668,500.8366
2149,6140.7516,255.86464999999998,470.7482
5523,6136.9488,255.7062,418.14029999999997
8041,6136.7049,255.6960375,374.26919999999996
9017,6133.408100000001,255.55867083333337,496.1096
2143,6133.1405,255.54752083333335,387.1564
9238,6131.1533,255.46472083333333,368.7525
2049,6130.643,255.44345833333333,465.88930000000005
3339,6128.6148,255.35895000000002,353.3421
3338,6128.6148,255.35895000000002,353.3421
9740,6128.2907000000005,255.34544583333334,481.1369
1590,6126.9261,255.28858749999998,394.4135
8147,6126.1738000000005,255.2572416666667,356.6996
3439,6122.2053,255.09188749999998,352.7035
3086,6118.3813,254.93255416666668,353.79179999999997
5599,6118.0075,254.91697916666666,342.5262
9278,6114.3991,254.76662916666666,592.1246
3299,6108.6327,254.5263625,482.67650000000003
4420,6108.0276,254.50115000000002,361.25629999999995
6212,6106.1433,254.42263749999998,364.0052
5673,6101.2952000000005,254.22063333333335,612.4010000000001
3440,6097.5825,254.06593750000002,351.408
9545,6093.7369,253.90570416666665,394.165
8393,6091.5985,253.81660416666668,406.3891
9544,6090.8497,253.78540416666667,394.02329999999995
5581,6088.2918,253.678825,530.3936
9741,6081.818,253.40908333333334,477.2305
8196,6081.5221,253.39675416666668,373.33680000000004
9844,6080.0923,253.3371791666667,528.5034
8116,6079.3332,253.30555,415.98240000000004
9346,6076.3959,253.1831625,354.43219999999997
7034,6076.0384,253.16826666666668,529.06
1895,6075.7894,253.15789166666664,450.8144
2056,6074.3016,253.0959,444.4165
8504,6070.4693,252.93622083333332,439.87660000000005
7573,6067.4603,252.81084583333333,353.7466
4183,6061.126,252.54691666666668,434.1293
7574,6060.9539,252.53974583333334,353.57
7247,6060.7136,252.52973333333333,393.37010000000004
9865,6059.2588,252.46911666666665,340.62649999999996
3468,6055.8673,252.32780416666665,349.231
2530,6055.6459,252.3185791666667,357.6305
6806,6055.0313,252.29297083333333,435.4557
647,6054.9636,252.29015,402.03360000000004
8916,6054.9221,252.28842083333333,509.27230000000003
8915,6054.9221,252.28842083333333,509.27230000000003
8917,6054.9221,252.28842083333333,509.27230000000003
3568,6052.6596,252.19415,389.0055
8601,6052.413500000001,252.18389583333337,480.58189999999996
9016,6052.1947,252.17477916666667,509.04699999999997
5600,6049.3677,252.0569875,341.2417
9130,6045.7565,251.90652083333336,400.1951
3084,6045.0742,251.87809166666668,380.14419999999996
8348,6042.8897,251.78707083333333,499.05459999999994
8594,6042.1023,251.75426249999998,395.51750000000004
9229,6042.0874,251.75364166666668,410.2849
3340,6041.4577,251.72740416666667,348.21779999999995
8350,6039.767,251.65695833333334,420.6051
1071,6039.4999,251.64582916666666,404.3878
9088,6039.049599999999,251.62706666666665,386.67189999999994
6083,6038.5167,251.6048625,494.4552
9743,6035.4302,251.47625833333333,398.6932
9393,6032.8396,251.3683166666667,409.2586
2799,6030.4983,251.27076250000002,447.84799999999996
1858,6029.734100000001,251.23892083333337,507.052
7318,6029.2439,251.21849583333335,499.5438
9444,6027.9547,251.16477916666668,387.83230000000003
8106,6026.9183,251.12159583333334,433.52389999999997
2634,6018.7925,250.78302083333332,347.0754
7525,6014.311,250.59629166666664,550.9793999999999
4922,6013.8101,250.5754208333333,416.3219
6882,6011.1084,250.46285,619.8733
7776,6009.4096,250.39206666666666,341.9231
2542,6003.129,250.130375,343.8219
1691,5997.9419,249.91424583333333,384.3701
7812,5997.2338,249.88474166666666,398.9583
7036,5994.6733,249.7780541666667,457.51559999999995
6985,5993.9958,249.749825,400.32970000000006
4084,5993.2672,249.71946666666668,394.3113000000001
650,5989.413500000001,249.55889583333337,344.8459
7416,5988.4596,249.51915,529.0662
8961,5987.4634,249.47764166666664,413.9407
6790,5986.7751,249.4489625,333.595
8815,5986.7584,249.44826666666665,498.7057
9646,5984.628900000001,249.35953750000002,381.1444
8003,5983.7799,249.32416250000003,430.85220000000004
846,5982.067,249.25279166666667,381.73210000000006
9964,5979.2202,249.134175,360.9569
9965,5973.3657,248.8902375,362.2828
9184,5972.7229,248.86345416666666,388.2701
7411,5965.8579,248.5774125,368.00989999999996
9643,5964.7433,248.53097083333333,353.8534
6788,5964.7313,248.53047083333334,538.0209
9546,5963.0823,248.4617625,384.2605
2951,5957.3755,248.22397916666668,370.1263
8115,5955.1248000000005,248.13020000000003,395.78650000000005
6088,5951.3405,247.97252083333333,351.8558
5123,5948.3104,247.84626666666668,423.18340000000006
8732,5945.8741,247.74475416666667,371.21959999999996
1353,5939.9374,247.49739166666666,446.9212
8198,5937.9839,247.41599583333334,323.693
9445,5937.5991,247.39996250000002,383.903
1400,5936.7438999999995,247.36432916666664,467.4275
1159,5935.6249,247.31770416666666,347.9709
4375,5932.2248,247.17603333333332,419.3204
8744,5932.0875,247.1703125,340.7774
9084,5931.8741,247.16142083333332,398.8191
6343,5920.001,246.66670833333333,429.4436
8117,5918.8871,246.62029583333333,375.1322
8394,5916.5253999999995,246.52189166666665,393.87350000000004
8784,5914.7274,246.44697499999998,364.5817
9421,5913.0217,246.3759041666667,347.50300000000004
9921,5912.5035,246.3543125,332.16429999999997
1069,5909.7952000000005,246.2414666666667,331.7321
8231,5909.3042000000005,246.22100833333334,465.4295
9063,5907.4533,246.1438875,400.76189999999997
4430,5905.3624,246.05676666666668,383.6966
7894,5904.3123,246.01301249999997,338.057
7103,5903.7557,245.9898208333333,416.6358
1440,5903.7226,245.98844166666666,359.3495
6181,5901.5603,245.89834583333334,515.7651000000001
8522,5898.4967,245.77069583333332,324.9472
2150,5898.0555,245.75231250000002,356.43219999999997
2154,5891.9235,245.4968125,400.59619999999995
8295,5884.840999999999,245.2017083333333,391.54549999999995
6196,5879.9492,244.99788333333333,365.3142
6197,5879.9492,244.99788333333333,365.3142
6195,5879.641799999999,244.98507499999997,365.1642
1356,5877.4442,244.89350833333333,442.9782
6096,5877.2842,244.88684166666667,365.15250000000003
6937,5876.5086,244.854525,436.698
8962,5876.1944,244.84143333333336,396.2347
2344,5875.430899999999,244.8096208333333,353.32579999999996
1984,5872.0674,244.669475,568.1165
4382,5871.6525,244.6521875,344.9367
8929,5871.2298,244.634575,344.6783
5129,5869.9578,244.58157500000002,342.16869999999994
8822,5868.2794,244.5116416666667,434.28490000000005
6112,5867.3319,244.4721625,351.85089999999997
9223,5862.6094,244.27539166666668,355.208
7794,5862.4938,244.270575,340.5239
2341,5860.784799999999,244.19936666666663,338.16299999999995
9117,5858.1797,244.0908208333333,355.609
9797,5857.837500000001,244.07656250000002,442.7238
7823,5856.5252,244.02188333333334,720.3695
6936,5852.8221,243.8675875,460.2437
4080,5848.5051,243.6877125,343.0002
7435,5846.9034,243.62097500000002,465.9951
9178,5840.3033,243.34597083333333,521.3744
1063,5840.121,243.338375,360.905
2782,5839.651,243.31879166666667,413.27959999999996
9898,5839.017,243.292375,441.2785
9897,5839.017,243.292375,441.2785
7134,5837.0851,243.21187916666668,472.269
6993,5832.7371,243.03071250000002,328.4057
3978,5830.6862,242.94525833333333,344.9746
9446,5827.404,242.8085,354.8009
8465,5826.666,242.77775,333.65889999999996
8963,5825.79,242.74125,395.87149999999997
9896,5817.8759,242.41149583333333,438.8974
747,5815.258,242.30241666666666,398.6576
8321,5815.2434,242.30180833333335,314.3418
3000,5814.2949,242.26228749999999,466.3262
2185,5813.0983,242.21242916666665,427.8664
2798,5808.5251,242.02187916666665,409.1941
3347,5808.4486,242.01869166666665,355.2998
3348,5808.4486,242.01869166666665,355.2998
3447,5808.4486,242.01869166666665,355.2998
2790,5807.9641,241.99850416666666,359.14289999999994
3446,5803.8458,241.82690833333334,355.04200000000003
3448,5803.2176,241.80073333333334,355.13230000000004
8131,5802.203399999999,241.75847499999998,385.33949999999993
1792,5801.4865,241.72860416666666,371.1093000000001
6283,5798.9984,241.62493333333336,529.6749
6836,5797.325,241.55520833333333,455.94190000000003
8817,5796.0741,241.5030875,440.38879999999995
9225,5794.3696,241.43206666666666,354.6842
9224,5794.3696,241.43206666666666,354.6842
9323,5794.3696,241.43206666666666,354.6842
7734,5792.9899,241.37457916666665,447.6826
854,5791.7633,241.32347083333332,367.35380000000004
3083,5790.7362,241.280675,370.4432
9324,5790.342900000001,241.26428750000002,355.336
4083,5790.2124,241.25885000000002,419.155
7475,5787.7001,241.15417083333332,336.6587
4976,5785.7011,241.07087916666669,408.4605
9124,5785.6346,241.06810833333336,351.0823
5331,5784.1545,241.00643749999998,348.2333
9318,5783.3466,240.97277499999998,339.2691
1651,5783.0439,240.9601625,411.18919999999997
7535,5779.5462,240.814425,491.64339999999993
2342,5778.9374,240.78905833333332,334.88419999999996
2142,5778.9374,240.78905833333332,334.88419999999996
2442,5778.9374,240.78905833333332,334.88419999999996
2243,5778.9374,240.78905833333332,334.88419999999996
2242,5778.9374,240.78905833333332,334.88419999999996
2343,5778.9374,240.78905833333332,334.88419999999996
2443,5776.7732,240.69888333333333,334.7772
3985,5772.962,240.54008333333334,386.0344
1591,5771.1428,240.46428333333333,368.8889
6198,5768.4776,240.35323333333335,462.6977
1692,5768.1857,240.34107083333333,368.80690000000004
6182,5767.8675,240.32781250000002,526.0706
1496,5767.8532000000005,240.3272166666667,323.2641
1497,5767.8532000000005,240.3272166666667,323.2641
1596,5767.8532000000005,240.3272166666667,323.2641
9383,5765.8058,240.24190833333333,383.52029999999996
4085,5764.4255,240.18439583333335,385.57180000000005
6281,5762.2314,240.092975,526.5917
1593,5761.1465,240.04777083333332,368.53979999999996
1444,5760.0,240.0,373.1821
1693,5758.0146,239.91727500000002,368.3148
1597,5757.3923,239.89134583333336,322.6426
7634,5756.7378,239.86407499999999,501.33680000000004
9872,5755.8906,239.82877499999998,459.02779999999996
1988,5755.5987000000005,239.81661250000002,322.6882
9347,5755.3397,239.80582083333334,348.8693
5886,5753.7561,239.7398375,321.7248
3259,5753.2688,239.71953333333332,276.3763
5218,5752.1283,239.67201250000002,394.4483000000001
3029,5751.6372,239.65155000000001,334.2475
1592,5750.0428,239.58511666666666,367.8858
6382,5749.9827,239.58261249999998,525.0995
2184,5749.4359,239.55982916666667,473.25239999999997
4434,5748.9961,239.54150416666667,379.0093
8494,5748.7658,239.53190833333335,381.90349999999995
3360,5746.0364,239.41818333333333,273.27570000000003
6707,5746.0145,239.41727083333333,382.90689999999995
9640,5744.2082,239.34200833333333,448.8516
2929,5743.6165,239.31735416666666,359.4342
9325,5743.0434,239.29347499999997,351.3284
4078,5742.3149,239.26312083333335,341.4773
3100,5741.6481,239.2353375,434.6663
9125,5740.5909,239.19128750000002,342.5263
6708,5737.1803,239.04917916666668,334.5896
1495,5736.0917,239.00382083333332,322.82550000000003
1500,5735.8955,238.99564583333333,410.57219999999995
1793,5734.6199,238.9424958333333,367.1209
9384,5734.2428,238.92678333333333,381.8847
5217,5733.6407,238.90169583333332,331.9904
5317,5733.6328,238.9013666666667,331.99010000000004
5316,5731.0174,238.79239166666665,332.2899
9843,5730.4428,238.76845,464.40909999999997
5315,5730.3541,238.76475416666665,332.36539999999997
9971,5729.3062,238.72109166666667,447.0472
1498,5728.5856,238.69106666666667,326.3525
7511,5728.3622,238.6817583333333,363.24089999999995
8605,5727.6007,238.65002916666666,411.63300000000004
6589,5727.0833999999995,238.62847499999998,535.6131
9284,5726.6035999999995,238.6084833333333,381.464
9283,5726.6035999999995,238.6084833333333,381.464
4219,5722.2794,238.42830833333335,336.6068
4179,5722.0929,238.4205375,340.0768
3398,5718.9316,238.28881666666666,397.7201
8449,5714.8366,238.11819166666666,460.7785
2816,5713.4518,238.06049166666665,492.3477
9919,5713.2993,238.0541375,333.5851
6183,5713.1348,238.04728333333333,522.6096
749,5711.4432,237.9768,385.2319
3980,5707.1099,237.79624583333336,340.27070000000003
5522,5706.3601,237.76500416666667,405.0183
3116,5706.3256,237.76356666666666,340.7129
3979,5706.0866000000005,237.75360833333335,340.251
4079,5706.0866000000005,237.75360833333335,340.251
4026,5701.0203,237.54251250000002,398.92230000000006
4125,5701.0203,237.54251250000002,398.92230000000006
4024,5701.0203,237.54251250000002,398.92230000000006
4025,5701.0203,237.54251250000002,398.92230000000006
4374,5699.0561,237.46067083333332,416.4073
7412,5696.7894,237.366225,362.868
9135,5692.1582,237.17325833333334,333.63689999999997
8616,5691.3258000000005,237.13857500000003,386.156
1155,5686.1097,236.9212375,382.61199999999997
8983,5683.0927,236.79552916666668,393.1849
3369,5681.977,236.74904166666667,316.34809999999993
4427,5680.3349,236.68062083333334,485.03610000000003
2797,5679.9639,236.66516249999998,388.13699999999994
2800,5679.2083,236.63367916666667,420.3954
1741,5678.1447,236.5893625,593.8375999999998
2739,5678.0336,236.58473333333333,398.4897
6200,5677.6485,236.5686875,481.24120000000005
4921,5675.6723999999995,236.48635,428.2076
4920,5674.5538,236.43974166666666,428.1815
4124,5673.396,236.39149999999998,396.71760000000006
6282,5670.4169,236.26737083333333,518.8552000000001
5740,5668.3856,236.18273333333332,340.5714
7136,5660.9446,235.87269166666667,449.8248
8713,5660.6798,235.86165833333334,369.6495
5500,5659.3807,235.80752916666665,337.09989999999993
5499,5656.6326,235.693025,338.23519999999996
5399,5656.6326,235.693025,338.23519999999996
5398,5656.6025,235.69177083333332,338.2331
5519,5656.3232,235.68013333333332,915.6137999999999
5639,5654.1628,235.59011666666666,343.2605
8395,5650.9558,235.45649166666666,375.30789999999996
5417,5649.9042,235.412675,322.8006
3882,5648.21,235.34208333333333,393.28819999999996
5422,5644.5733,235.19055416666666,414.7673
8364,5643.7027,235.15427916666667,321.25289999999995
8320,5643.6931,235.15387916666668,312.0445
4919,5642.788,235.11616666666666,420.6003
1270,5642.5725,235.1071875,360.0819
3361,5640.2037,235.0084875,264.1304
3300,5640.044,235.00183333333334,385.67909999999995
6992,5639.9697,234.99873749999998,319.4649
3986,5639.0727,234.96136249999998,376.1402
1499,5638.968,234.957,408.3118
8365,5635.0179,234.79241249999998,321.3857
3682,5633.2219,234.71757916666664,363.31639999999993
1265,5632.805200000001,234.7002166666667,347.0538
3583,5631.9521,234.66467083333336,358.2712
2928,5630.8445,234.61852083333335,354.21
9078,5630.100600000001,234.58752500000003,495.90070000000003
7995,5624.7162,234.36317499999998,340.22159999999997
3642,5620.4756,234.1864833333333,342.99550000000005
1659,5619.8149,234.1589541666667,461.8961
2984,5619.5931,234.1497125,345.11039999999997
1595,5619.3816,234.1409,321.214
5400,5610.8981,233.78742083333336,328.8238
8987,5608.95,233.70624999999998,371.5902
3596,5607.2431,233.63512916666664,368.9407
765,5604.6794,233.52830833333334,313.7365
8901,5604.6236,233.52598333333333,381.9793000000001
4320,5601.1252,233.38021666666668,326.8536
7915,5598.9513,233.2896375,384.57609999999994
9237,5595.8405999999995,233.160025,331.80039999999997
6098,5595.1514,233.13130833333332,493.68269999999995
1352,5595.0285,233.12618750000001,456.8962
6984,5594.9788,233.12411666666665,476.33540000000005
9101,5593.185,233.04937500000003,346.5941
8609,5587.6586,232.81910833333333,339.79949999999997
1847,5585.0553,232.7106375,390.2481
1594,5584.2981,232.6790875,337.7999
5299,5583.8412,232.66004999999998,319.47799999999995
9236,5583.1471,232.63112916666668,331.4701
7724,5582.9809000000005,232.6242041666667,530.5151
864,5582.9214999999995,232.62172916666665,322.1644999999999
9337,5581.6879,232.57032916666665,331.3001
6099,5581.0528,232.54386666666667,496.83860000000004
5999,5581.0528,232.54386666666667,496.83860000000004
6100,5581.0528,232.54386666666667,496.83860000000004
6199,5581.0528,232.54386666666667,496.83860000000004
1459,5580.9201,232.5383375,433.4252
9336,5580.362,232.51508333333334,331.24699999999996
9943,5577.1226,232.3801083333333,378.04239999999993
6433,5573.9748,232.24895,414.44629999999995
8595,5573.4369,232.22653749999998,369.7611
8349,5572.2357,232.1764875,448.89149999999995
1166,5569.4239,232.05932916666666,340.687
2536,5568.9941,232.04142083333332,346.1903
2691,5568.0532,232.00221666666667,350.14540000000005
7294,5567.0997,231.96248749999998,332.1133
7476,5565.9729,231.9155375,321.45700000000005
8604,5562.1188999999995,231.75495416666664,393.108
9338,5560.6461,231.6935875,322.4792
7513,5554.1985,231.42493750000003,356.66369999999995
7613,5554.1985,231.42493750000003,356.66369999999995
8706,5554.1211,231.4217125,382.36350000000004
7612,5546.3679,231.09866250000002,356.31639999999993
7512,5546.3679,231.09866250000002,356.31639999999993
648,5545.4865,231.0619375,375.13750000000005
7405,5545.4717,231.06132083333333,301.71119999999996
8218,5543.7637,230.99015416666668,321.2772
4820,5541.1652,230.88188333333335,404.6582
753,5540.6896,230.86206666666666,318.31020000000007
5216,5540.5004,230.85418333333334,321.511
5300,5540.3383,230.84742916666667,315.6075
3082,5538.8743,230.7864291666667,351.76570000000004
9015,5536.3911,230.6829625,451.3329
3200,5531.487,230.478625,382.99199999999996
9235,5531.4008,230.47503333333336,328.73780000000005
6300,5530.463,230.43595833333333,378.70520000000005
9230,5529.2229,230.3842875,361.43039999999996
2920,5528.3368,230.34736666666666,370.4585
1169,5525.982300000001,230.24926250000001,342.7057
3456,5524.1395,230.17247916666668,392.9413
8564,5523.0797999999995,230.128325,320.6757
1365,5522.0111,230.0837958333333,340.84340000000003
1171,5521.1288,230.04703333333336,382.121
2055,5517.1559,229.88149583333333,420.151
7211,5513.7548,229.73978333333332,329.307
748,5510.983,229.62429166666666,377.0606
3540,5510.6702,229.61125833333332,341.9934
9023,5506.3007,229.42919583333332,418.22270000000003
2483,5500.0293,229.1678875,383.29359999999997
7903,5496.6548999999995,229.02728749999997,390.04859999999996
8922,5495.4204,228.97585,418.40290000000005
6698,5495.3461,228.97275416666665,385.2162
3281,5495.2618,228.96924166666668,436.4448
8546,5494.2474,228.926975,319.2611
8823,5492.7072,228.8628,418.19579999999996
6097,5488.9655,228.70689583333333,349.85679999999996
8549,5488.6133,228.69222083333332,395.8325
9226,5487.9037,228.66265416666667,320.14500000000004
3723,5487.4565,228.64402083333334,426.8958
7413,5486.901,228.62087499999998,351.06119999999993
2543,5484.6651,228.5277125,347.1381
447,5484.5716999999995,228.5238208333333,286.2643
9024,5484.3349,228.51395416666665,418.37510000000003
8923,5484.3349,228.51395416666665,418.37510000000003
8924,5484.3349,228.51395416666665,418.37510000000003
1068,5482.7047,228.44602916666668,338.21860000000004
8048,5482.5074,228.43780833333335,345.30750000000006
3349,5481.7232,228.40513333333334,304.80129999999997
8925,5479.4610999999995,228.31087916666664,363.3418
9002,5478.7695,228.28206250000002,518.2504
5122,5478.382500000001,228.26593750000004,384.2838
8431,5477.707,228.23779166666668,384.26730000000003
9025,5477.6469,228.2352875,339.7896
1587,5477.2654,228.21939166666667,514.2225
1650,5477.2574,228.21905833333335,392.264
8725,5477.0733,228.2113875,327.612
1268,5476.176,228.174,338.3144
1368,5476.176,228.174,338.3144
1367,5476.176,228.174,338.3144
1168,5476.176,228.174,338.3144
1369,5476.176,228.174,338.3144
1269,5476.176,228.174,338.3144
1167,5476.176,228.174,338.3144
1267,5476.176,228.174,338.3144
1470,5475.7023,228.1542625,338.325
1469,5475.7023,228.1542625,338.325
1467,5475.7023,228.1542625,338.325
1468,5475.7023,228.1542625,338.325
1466,5475.6738000000005,228.15307500000003,338.3215
8726,5473.8901,228.07875416666664,333.276
8826,5473.6732,228.06971666666666,333.26910000000004
9147,5473.3015000000005,228.0542291666667,317.15220000000005
8926,5472.106,228.00441666666666,333.2191
8667,5470.3842,227.93267500000002,388.00629999999995
2253,5469.7029,227.9042875,411.1115
6095,5468.7694,227.86539166666668,339.1394
7715,5468.6657000000005,227.86107083333334,331.13779999999997
9239,5467.5758,227.81565833333332,293.9666
2988,5463.8989,227.66245416666666,319.08320000000003
2141,5463.2157,227.6339875,315.85620000000006
2890,5461.4519,227.56049583333333,338.79970000000003
6697,5460.4398,227.518325,381.772
2241,5460.2703,227.51126250000002,315.67879999999997
9026,5457.3233,227.38847083333334,332.6297
7132,5455.3348,227.30561666666665,416.6728
8535,5453.4131,227.2255458333333,338.2993
3229,5450.407,227.10029166666666,301.0532
6781,5449.8123000000005,227.07551250000003,570.3182
9126,5445.0354,226.876475,357.6025
5421,5444.6347000000005,226.8597791666667,404.6496
1266,5443.1883,226.7995125,336.30859999999996
7202,5435.1344,226.46393333333333,367.14219999999995
7135,5434.6016,226.44173333333333,442.3003
1851,5431.49,226.31208333333333,417.4369
9087,5430.2429,226.26012083333333,360.0648
8199,5429.8293,226.24288750000002,287.84770000000003
7137,5427.4587,226.1441125,386.28929999999997
3362,5427.1195,226.12997916666666,276.5086
2652,5423.0262,225.959425,305.57640000000004
8827,5419.2982,225.80409166666666,331.1159
8733,5417.4591,225.7274625,316.2934
1944,5416.997,225.70820833333335,570.8716
6000,5416.6032000000005,225.69180000000003,480.1762
4482,5412.3816,225.5159,328.1568
8623,5409.9218,225.41340833333334,386.2828
8783,5409.3367,225.38902916666666,340.77259999999995
2292,5408.9217,225.3717375,312.22730000000007
8824,5408.8552,225.36896666666667,411.8188
2918,5405.9056,225.24606666666668,387.6594
3329,5400.9501,225.0395875,299.5967
7901,5399.9357,224.99732083333333,385.4566
6939,5394.8048,224.78353333333334,343.46349999999995
7608,5393.911,224.74629166666668,297.4381
8096,5391.5415,224.64756250000002,324.7021
8099,5389.6515,224.5688125,286.2466
3051,5388.6807,224.5283625,344.7314
1588,5383.4814,224.311725,480.9379
3194,5382.8949999999995,224.28729166666665,418.0474
5640,5382.410400000001,224.26710000000003,325.961
4783,5380.9733,224.2072208333333,349.48269999999997
1465,5377.5849,224.0660375,332.0463
6935,5377.054,224.04391666666666,441.8978
7311,5375.7109,223.98795416666667,294.832
6986,5375.6246,223.98435833333335,358.84090000000003
5298,5372.8812,223.87005,311.45619999999997
2354,5368.7521,223.69800416666666,427.4221
2355,5368.7521,223.69800416666666,427.4221
2255,5368.7521,223.69800416666666,427.4221
2454,5368.7521,223.69800416666666,427.4221
7335,5365.4054,223.5585583333333,432.76879999999994
2254,5363.9014,223.49589166666667,426.8202
8023,5360.8267,223.36777916666665,518.6736
646,5359.787,223.32445833333335,364.62549999999993
5814,5356.5936,223.19140000000002,326.4729
9339,5356.2474999999995,223.17697916666665,283.3618
2155,5356.1579,223.17324583333334,425.8899
2583,5354.6457,223.1102375,389.6667
8696,5351.6099,222.98374583333336,422.50500000000005
2156,5351.0293,222.95955416666666,425.2876
8825,5342.2694,222.59455833333334,327.92030000000005
1750,5341.5179,222.56324583333333,388.85519999999997
9973,5341.0163,222.54234583333334,424.5046
6482,5338.8906,222.45377499999998,529.9104
1850,5337.1388,222.3807833333333,369.17990000000003
8022,5333.6445,222.23518750000002,423.45860000000005
1370,5331.9198,222.163325,332.01589999999993
9245,5331.8486,222.16035833333333,298.01210000000003
9328,5330.6803,222.11167916666668,331.8384
2829,5329.1451,222.0477125,338.46659999999997
8130,5326.0504,221.91876666666667,361.0262
2392,5324.5669,221.85695416666667,308.88689999999997
9340,5323.5942,221.81642499999998,281.3359
2883,5322.2075,221.75864583333336,322.6486
5641,5318.7997,221.61665416666665,340.951
8299,5315.4887,221.47869583333332,299.7856
5328,5312.0326000000005,221.33469166666669,317.1258
8432,5310.0686000000005,221.25285833333336,364.4266
5022,5306.9622,221.123425,374.606
2353,5306.5686,221.107025,415.5467
5221,5306.1512,221.08963333333335,371.6163
7486,5304.4666,221.01944166666667,347.7153
8303,5304.4517000000005,221.01882083333336,379.6956
9227,5303.3025,220.9709375,342.79869999999994
9438,5301.7829,220.90762083333334,287.3304
6835,5299.9524,220.83135000000001,424.4895
7233,5299.4813,220.81172083333334,421.90909999999997
8197,5299.3438,220.80599166666664,327.25120000000004
4231,5298.7406,220.78085833333333,321.7614
2048,5298.052,220.75216666666665,375.87530000000004
8797,5296.4658,220.686075,419.2286
746,5293.9196,220.57998333333333,369.6151
7194,5289.2919,220.38716250000002,312.9708
1366,5287.9310000000005,220.33045833333335,326.8284
8363,5286.4353,220.2681375,301.2554
7423,5285.8862,220.24525833333334,609.5149
3181,5284.6069,220.19195416666665,434.33129999999994
8447,5283.2214,220.13422500000001,322.0087
3260,5279.756,219.98983333333334,255.273
3261,5279.756,219.98983333333334,255.273
3160,5279.756,219.98983333333334,255.273
3161,5279.756,219.98983333333334,255.273
5590,5276.8972,219.87071666666668,463.23830000000004
3544,5276.6233,219.85930416666667,322.91209999999995
3060,5276.0012,219.83338333333333,255.1137
2989,5274.9236,219.78848333333335,319.0136
7291,5272.1140000000005,219.6714166666667,307.5601
7292,5272.1140000000005,219.6714166666667,307.5601
7092,5272.1140000000005,219.6714166666667,307.5601
7192,5272.1140000000005,219.6714166666667,307.5601
6927,5270.6451,219.6102125,386.6940000000001
3977,5266.1445,219.42268750000002,376.18450000000007
7191,5263.4034,219.30847500000002,307.081
8495,5258.5418,219.10590833333333,347.07669999999996
9047,5258.3361,219.0973375,312.12579999999997
8567,5256.9595,219.03997916666665,317.25219999999996
5690,5255.4711,218.9779625,464.4923
5982,5253.711200000001,218.90463333333335,384.0989
6837,5252.925200000001,218.87188333333336,408.14920000000006
8098,5243.88,218.495,277.35569999999996
5416,5242.1644,218.42351666666664,302.7404
2828,5238.7198,218.27999166666666,333.0019
3531,5236.9222,218.20509166666668,313.19509999999997
9820,5231.2506,217.96877500000002,290.0726
7518,5228.3525,217.84802083333332,383.98679999999996
7234,5223.5409,217.6475375,422.99699999999996
5521,5221.5812,217.56588333333332,390.99029999999993
8699,5221.2585,217.5524375,432.14869999999996
7649,5218.6133,217.44222083333332,319.0249
4520,5214.5626,217.27344166666668,306.4774
8843,5213.7932,217.24138333333335,303.87850000000003
9301,5213.2537,217.21890416666668,304.33500000000004
9201,5213.2537,217.21890416666668,304.33500000000004
9202,5213.2537,217.21890416666668,304.33500000000004
9302,5213.2537,217.21890416666668,304.33500000000004
957,5212.6482,217.19367499999998,290.9356
9303,5211.739,217.15579166666666,301.6767
9134,5205.3891,216.89121250000002,334.69319999999993
1399,5205.2678,216.88615833333333,510.21419999999995
9203,5204.6933,216.86222083333334,340.2793
4975,5204.2816,216.84506666666667,344.271
9401,5202.1445,216.75602083333334,303.72760000000005
9102,5201.0946,216.712275,476.5644
6808,5198.213,216.59220833333333,307.1104
5491,5197.4554,216.56064166666667,457.28040000000004
5691,5197.4554,216.56064166666667,457.28040000000004
5490,5197.4554,216.56064166666667,457.28040000000004
5390,5197.4554,216.56064166666667,457.28040000000004
5392,5197.4554,216.56064166666667,457.28040000000004
5391,5197.4554,216.56064166666667,457.28040000000004
6292,5194.2675,216.4278125,329.0208
1843,5193.8164,216.40901666666664,542.6624
7193,5193.0784,216.3782666666667,302.7384
7875,5191.4077,216.30865416666666,334.04990000000004
6706,5189.0948,216.21228333333332,369.20899999999995
7235,5180.628,215.8595,423.7683
855,5176.0379,215.66824583333334,345.6621
8723,5174.6653,215.61105416666666,382.38169999999997
5492,5172.5055,215.5210625,456.5069
9103,5165.093699999999,215.2122375,510.9024
9286,5164.8637,215.20265416666666,435.02509999999995
7704,5163.0264,215.12609999999998,299.8334
9437,5161.7228000000005,215.07178333333334,312.77930000000003
7895,5160.8895999999995,215.03706666666665,306.14750000000004
5427,5160.2385,215.0099375,312.8206
8715,5158.8299,214.95124583333333,386.11990000000003
2729,5158.7397,214.9474875,327.31879999999995
7896,5158.3225,214.93010416666667,305.95889999999997
5415,5157.2678,214.88615833333333,297.58770000000004
7795,5153.9081,214.7461708333333,305.6977
1892,5151.5377,214.64740416666666,295.9073
7902,5150.6698,214.61124166666664,362.33639999999997
6582,5150.4874,214.60364166666668,508.98400000000004
4319,5149.4856,214.5619,303.4634
8943,5149.3550000000005,214.55645833333335,300.9033
9204,5147.2904,214.47043333333332,300.72760000000005
3346,5147.0754,214.46147499999998,311.96700000000004
6844,5144.567,214.35695833333332,317.1486
5591,5143.2996,214.30415000000002,454.7107
7899,5142.3899,214.26624583333333,275.2151
8047,5142.274,214.2614166666667,299.75690000000003
2981,5141.8941,214.24558750000003,320.4366
2983,5141.8941,214.24558750000003,320.4366
2982,5141.8941,214.24558750000003,320.4366
2882,5141.8941,214.24558750000003,320.4366
7293,5141.4252,214.22605,304.4528
9327,5140.9844,214.20768333333334,326.77779999999996
8724,5136.0094,214.00039166666667,388.13550000000004
8914,5135.782,213.99091666666666,391.7629
8336,5135.294,213.97058333333334,318.2153
4077,5130.8062,213.78359166666667,379.31710000000004
4581,5128.5311,213.68879583333333,337.8691
6544,5127.3204000000005,213.63835000000003,297.402
1397,5123.4920999999995,213.47883749999997,414.11999999999995
9146,5119.6558,213.31899166666668,303.183
7999,5111.5947,212.98311249999998,271.0752
8097,5111.4244,212.97601666666665,290.2718
3223,5110.933,212.95554166666668,499.5136
8608,5109.3329,212.88887083333336,332.79390000000006
7232,5109.0225,212.8759375,408.25429999999994
8330,5108.4636,212.85265,339.9752
9330,5108.1404,212.83918333333335,326.6564
2995,5107.2606000000005,212.80252500000003,409.6923
9440,5106.2099,212.75874583333334,269.79470000000003
3081,5104.1065,212.67110416666665,347.68010000000004
7898,5104.0962,212.670675,272.7931
8296,5103.6294,212.65122499999998,362.6734
9578,5103.567599999999,212.64864999999998,501.13829999999996
5020,5103.3334,212.6388916666667,370.6803
7900,5100.4555,212.51897916666667,270.7874
2266,5100.2507,212.5104458333333,526.3235999999999
7093,5098.3548,212.43145,296.988
7427,5091.8191,212.15912916666665,472.717
3530,5090.2901,212.09542083333335,301.4581
7876,5087.2918,211.97049166666667,306.21329999999995
7998,5086.9684,211.95701666666665,269.9332
8587,5086.0193,211.91747083333334,296.31170000000003
8801,5084.8755,211.8698125,369.15849999999995
9942,5084.8093,211.86705416666666,393.4241
7800,5083.5639,211.8151625,269.58320000000003
9045,5081.0501,211.71042083333336,304.0221
9046,5081.0501,211.71042083333336,304.0221
8944,5081.0501,211.71042083333336,304.0221
8945,5081.0501,211.71042083333336,304.0221
8946,5081.0501,211.71042083333336,304.0221
8845,5081.0501,211.71042083333336,304.0221
8844,5081.0501,211.71042083333336,304.0221
9044,5081.0501,211.71042083333336,304.0221
1893,5080.0946,211.67060833333335,291.8326
8745,5079.8760999999995,211.66150416666665,303.8866
7290,5078.6698,211.61124166666664,303.0129
3028,5077.8071,211.57529583333334,281.7697
8000,5076.5079,211.52116249999997,271.00620000000004
9043,5075.4258,211.476075,295.5172
2716,5073.7738,211.40724166666666,403.7826
9995,5072.8646,211.36935833333334,342.212
4176,5072.5265,211.35527083333332,374.0536
9140,5072.0166,211.334025,272.95129999999995
8625,5070.6732,211.27805,313.7661
5498,5069.2762999999995,211.21984583333332,299.1131
1357,5067.7276,211.15531666666666,398.50230000000005
8848,5066.3966,211.09985833333334,306.7903
7611,5063.2208,210.96753333333334,299.0362
5021,5062.6758,210.944825,367.4991
3884,5061.8005,210.90835416666667,320.1604
6996,5058.9377,210.78907083333334,315.242
8481,5057.5244,210.73018333333334,323.7229
8649,5056.4430999999995,210.68512916666666,357.49940000000004
5592,5051.0873,210.46197083333334,452.743
8846,5050.9043,210.45434583333335,300.5488
3387,5049.7461,210.4060875,310.0658000000001
8421,5049.6035,210.40014583333334,284.6132
5436,5046.4403,210.26834583333334,308.4099
8716,5044.7324,210.19718333333333,372.4926
2851,5044.288,210.17866666666666,311.6579
8717,5043.2494,210.13539166666666,372.4668
755,5042.8695,210.1195625,335.2773
6886,5042.1976,210.0915666666667,318.5009
6193,5036.4375,209.8515625,304.2751
9720,5034.603300000001,209.77513750000003,280.8512
8267,5031.0809,209.62837083333332,306.48330000000004
9895,5030.8249,209.61770416666664,349.5132
7347,5026.4196,209.43415000000002,355.9954
9129,5024.0283,209.3345125,309.25020000000006
6419,5023.6139,209.31724583333335,424.0462
7131,5017.1612000000005,209.04838333333336,378.67150000000004
6938,5012.6016,208.8584,363.4137
547,5012.408,208.85033333333334,264.88
7844,5011.9706,208.8321083333333,303.97900000000004
7334,5011.6499,208.81874583333334,410.06350000000003
2436,5011.2991,208.80412916666668,337.8204
8705,5008.6911,208.6954625,355.3292
548,5008.2027,208.67511249999998,261.99240000000003
6534,5006.3148,208.59645,382.9855
6644,5005.6739,208.56974583333331,292.3551
3430,5004.785,208.53270833333332,288.6361
7091,5003.9727,208.4988625,293.56600000000003
7916,5003.9116,208.49631666666667,373.0825
3023,5001.0513,208.3771375,483.6022
2752,4996.747,208.1977916666667,294.4277
9141,4996.0322,208.16800833333332,264.8622
5088,4992.3523000000005,208.0146791666667,464.36510000000004
5291,4991.8695,207.9945625,410.39959999999996
9424,4991.2143,207.96726249999998,298.9656
3457,4990.2069,207.9252875,367.13689999999997
9131,4989.4633,207.89430416666667,348.35620000000006
5222,4984.1823,207.67426250000003,350.30989999999997
8484,4983.348,207.6395,302.6889
9344,4982.4502,207.60209166666667,284.0267
8523,4982.0808,207.58669999999998,314.6326
1339,4980.2131,207.50887916666667,394.66479999999996
6709,4978.6912,207.44546666666668,278.75159999999994
6690,4978.1237,207.42182083333333,302.3551
845,4977.6609,207.4025375,308.61310000000003
9133,4974.273,207.26137500000002,347.9883
9231,4974.273,207.26137500000002,347.9883
9132,4974.273,207.26137500000002,347.9883
9232,4974.273,207.26137500000002,347.9883
8396,4973.2,207.21666666666667,327.9238
856,4972.3689,207.1820375,312.181
4076,4971.3623,207.14009583333333,372.8991
8631,4970.1687,207.0903625,281.957
2453,4968.7887,207.0328625,369.76140000000004
9403,4965.670700000001,206.90294583333335,290.2199
7094,4964.059,206.83579166666667,288.347
1398,4963.967900000001,206.83199583333337,518.7816
8683,4963.8508,206.82711666666668,315.68
1300,4954.7083999999995,206.44618333333332,524.9322999999999
4680,4953.843,206.410125,429.6619
9104,4944.8562999999995,206.03567916666665,390.1464
7922,4943.9516,205.99798333333334,527.5606
8298,4943.3485,205.97285416666668,356.1991
8448,4943.0399,205.95999583333332,392.17100000000005
8947,4941.4706,205.8946083333333,288.9056
4422,4941.0945,205.8789375,402.89099999999996
9145,4938.8806,205.78669166666668,292.0872
1958,4937.7697,205.74040416666665,408.6571
3251,4936.8239,205.70099583333334,324.6728
3123,4932.4556,205.51898333333335,476.95989999999995
5322,4932.036,205.5015,349.701
1439,4927.8536,205.32723333333334,299.6839
5290,4920.7362,205.030675,353.1627
2636,4920.5594,205.02330833333335,312.4606
5781,4920.4899,205.0204125,396.09720000000004
2700,4920.0633,205.0026375,287.12
9029,4919.9608,204.99836666666667,292.10450000000003
5435,4918.8809,204.95337083333334,300.145
1566,4918.3724,204.93218333333334,301.7584
4333,4918.305,204.92937500000002,307.2043
9402,4918.223300000001,204.92597083333337,288.2007
7920,4918.1762,204.92400833333332,371.2171
2256,4914.6084,204.77535,388.76890000000003
744,4914.4656,204.76940000000002,299.5546
5540,4912.7145,204.6964375,286.8284
1264,4904.1705,204.3404375,289.2133
963,4902.81,204.28375000000003,290.94570000000004
7319,4901.455,204.22729166666667,340.6254
3696,4896.9669,204.0402875,317.3577
2444,4896.0346,204.00144166666666,378.1034
5121,4895.4903,203.97876250000002,333.7677
2746,4895.4097,203.97540416666666,465.3849
8496,4893.9659,203.91524583333333,361.8241
6410,4893.2412,203.88505,278.3372
8727,4892.9272,203.87196666666668,297.35549999999995
2448,4892.5715,203.85714583333333,593.8035
8866,4891.5723,203.81551249999998,311.259
3917,4888.5406,203.6891916666667,268.8521
250,4887.2636999999995,203.63598749999997,268.1005
9233,4886.9023,203.62092916666666,342.0565
8603,4886.3452,203.59771666666666,376.5609999999999
2791,4879.784,203.32433333333333,343.76640000000003
6991,4878.3531,203.2647125,277.7352
1154,4878.1284,203.25535,373.17560000000003
8063,4874.1085,203.0878541666667,286.967
348,4869.1703,202.88209583333332,260.6228
9794,4868.8743,202.8697625,337.4035
349,4867.9384,202.83076666666668,267.0674
4023,4866.9906,202.791275,337.9987
745,4866.7391,202.78079583333331,301.0956
9116,4860.8284,202.5345166666667,375.2155
249,4857.6654,202.402725,265.4762
5330,4856.5663,202.35692916666667,281.5938
9893,4856.1467999999995,202.33944999999997,328.5877
8021,4855.697700000001,202.32073750000004,294.4981000000001
4432,4848.9469,202.03945416666667,288.9624
9240,4845.8958,201.912325,254.2879
9441,4845.2016,201.88340000000002,254.73559999999998
5598,4844.3021,201.84592083333334,256.8405
7748,4843.5267,201.8136125,315.72659999999996
9443,4842.8475,201.7853125,279.69849999999997
3584,4841.0758,201.71149166666666,308.01789999999994
5434,4840.8423,201.7017625,294.4814
9428,4840.3549,201.68145416666667,311.9703
5314,4839.7511,201.65629583333336,661.2411000000002
761,4838.3477,201.59782083333334,451.21459999999996
5788,4835.3613000000005,201.47338750000003,279.4
7333,4835.2647,201.4693625,395.7848
2582,4831.9418000000005,201.33090833333335,362.2427
8122,4828.5875,201.1911458333333,289.0688
8223,4828.5875,201.1911458333333,289.0688
8323,4828.5875,201.1911458333333,289.0688
8121,4828.5875,201.1911458333333,289.0688
8222,4828.5875,201.1911458333333,289.0688
8322,4828.5875,201.1911458333333,289.0688
8221,4828.5875,201.1911458333333,289.0688
9520,4826.0847,201.08686250000002,271.4948
8534,4825.6899,201.0704125,300.7949
8927,4825.0352,201.04313333333334,306.4681
7700,4823.4474,200.976975,261.08570000000003
8015,4823.434,200.97641666666667,345.27610000000004
7605,4823.0341,200.95975416666667,270.6856
9144,4821.7082,200.90450833333333,282.05510000000004
1200,4820.9522,200.87300833333333,533.1044999999999
7710,4820.5291,200.85537916666667,333.67
5689,4819.1253,200.7968875,368.83660000000003
7897,4818.2107,200.75877916666664,279.0123
1100,4817.8264,200.74276666666665,533.1142
1198,4817.8264,200.74276666666665,533.1142
1298,4817.8264,200.74276666666665,533.1142
1297,4817.8264,200.74276666666665,533.1142
998,4817.8264,200.74276666666665,533.1142
1098,4816.8924,200.70385,533.0244
1299,4816.1943,200.6747625,532.957
1199,4815.027,200.626125,532.8447
999,4812.8455,200.53522916666668,532.5719
1197,4807.3134,200.304725,531.9355
8423,4805.7266,200.23860833333333,285.8778
8016,4801.9114,200.07964166666667,360.8465
350,4800.7583,200.03159583333334,263.524
7997,4797.7981,199.90825416666667,267.3923
7686,4797.5848,199.89936666666665,287.43
7102,4796.732,199.86383333333333,347.376
8297,4793.5343,199.73059583333335,334.8919
5329,4785.8862,199.411925,273.2962
2717,4784.5418,199.35590833333333,385.7007
6312,4780.636,199.19316666666668,274.3321
5198,4778.2168,199.09236666666666,287.3769
3317,4774.3781,198.93242083333334,255.2615
1599,4772.7973999999995,198.8665583333333,344.87370000000004
8749,4769.9429,198.74762083333334,288.2257
5075,4767.9233,198.66347083333335,278.19809999999995
6934,4764.1878,198.507825,416.2235
9542,4763.9729,198.4988708333333,261.113
6833,4763.0545,198.46060416666668,415.5536
8965,4762.6659,198.4444125,324.75419999999997
2895,4762.4257,198.43440416666667,346.82980000000003
6510,4761.363,198.390125,274.2246
6609,4757.3631000000005,198.2234625,270.5262
6581,4755.1821,198.1325875,533.3267
6834,4750.9048999999995,197.95437083333331,415.03189999999995
2990,4749.0500999999995,197.8770875,301.6057
2642,4745.3859,197.7244125,259.77360000000004
7419,4744.0473,197.66863750000002,325.3679
7996,4742.7892,197.61621666666667,281.0999
2447,4740.2676,197.51115000000001,445.6401
9006,4739.1219,197.4634125,297.5671
2532,4730.4186,197.100775,361.3558
7032,4723.8342999999995,196.82642916666666,366.2223
9242,4723.1756,196.79898333333333,247.32050000000004
5428,4719.9051,196.6627125,280.6052
6411,4719.5437,196.64765416666668,272.4878
9241,4719.4718,196.64465833333335,247.0146
8596,4714.5955,196.44147916666668,375.9611
3328,4712.6248,196.35936666666666,269.5371
3228,4712.0462,196.33525833333331,269.51059999999995
8203,4710.1595,196.25664583333332,332.9925999999999
5176,4708.1943,196.1747625,276.25509999999997
1358,4706.195,196.09145833333332,375.8172
3094,4704.3569,196.01487083333333,347.46569999999997
9217,4704.0262,196.00109166666667,270.3677
3128,4702.9571,195.9565458333333,269.0741
5190,4702.0509,195.9187875,299.8222
9899,4701.6814,195.9033916666667,348.0846
6933,4695.2112,195.63379999999998,410.9466
7029,4689.9909,195.41628749999998,371.7827
7253,4687.7317,195.32215416666668,350.1952
2795,4686.8359,195.28482916666667,306.08660000000003
8626,4686.5531,195.27304583333333,268.3414
7195,4684.6529,195.19387083333334,302.0461
9143,4684.3544,195.18143333333333,269.9364
9972,4678.7124,194.94635000000002,388.3979
4433,4678.3513,194.93130416666668,295.9472
8883,4676.9274,194.871975,290.38620000000003
2796,4676.4616,194.85256666666666,268.4787
8200,4676.2405,194.84335416666667,255.89960000000002
8746,4675.6173,194.8173875,300.91909999999996
649,4671.602,194.65008333333333,305.48749999999995
7849,4670.9913,194.62463749999998,300.6125
7618,4669.7536,194.57306666666668,319.4112
3489,4668.8508,194.53545,278.4956
8236,4662.4375,194.26822916666666,282.7954
769,4661.588299999999,194.2328458333333,306.4106
9480,4659.0174,194.125725,414.4871999999999
449,4657.5384,194.06410000000002,256.62760000000003
1841,4657.4681,194.06117083333334,476.1816
9243,4656.73,194.03041666666664,267.9158
8266,4656.4261,194.01775416666666,284.812
3595,4656.3272,194.01363333333333,339.66179999999997
4984,4655.3791,193.97412916666667,317.86650000000003
7130,4654.5723,193.94051249999998,369.34190000000007
8123,4651.5974,193.81655833333332,288.9797
1340,4649.9873,193.74947083333333,281.4192
2917,4645.83,193.57625,400.81449999999995
1364,4644.7731,193.5322125,284.0871
7129,4644.5145,193.52143750000002,369.9517
5692,4644.4706,193.5196083333333,419.9396
4224,4643.6541,193.48558749999998,331.2298
7128,4640.9772,193.37405,369.63740000000007
7028,4640.9772,193.37405,369.63740000000007
6314,4640.5288,193.35536666666667,284.116
6710,4640.0805,193.3366875,257.3663
8100,4640.0771,193.33654583333336,250.9153
9423,4636.6982,193.19575833333332,276.0549
5624,4636.3939,193.18307916666666,391.6046
3487,4634.6147,193.10894583333334,272.9361
768,4632.0194,193.00080833333334,270.277
7153,4631.3505,192.97293749999997,347.4801
6832,4630.772,192.94883333333334,400.94079999999997
3885,4630.4858,192.93690833333335,289.57079999999996
6201,4630.0374,192.918225,301.01570000000004
2817,4627.3893,192.8078875,398.9594
9003,4627.3306999999995,192.80544583333332,415.2413
5739,4626.5993,192.77497083333333,277.5429
8300,4625.1514,192.71464166666667,253.7421
9244,4624.6531,192.69387916666668,268.7969
8397,4623.3143,192.63809583333332,421.8423
1097,4620.1578,192.506575,510.9553
997,4620.1578,192.506575,510.9553
6734,4617.8499,192.4104125,361.8872
7848,4616.957,192.37320833333334,427.4517
1000,4614.5586,192.273275,508.88840000000005
6101,4613.3669,192.22362083333334,300.78150000000005
4283,4612.5094,192.18789166666667,330.1571
6733,4610.785699999999,192.1160708333333,379.9368
5189,4609.6696,192.06956666666667,292.61850000000004
3087,4609.1578,192.04824166666666,289.89390000000003
4321,4607.3404,191.97251666666668,387.21659999999997
6809,4606.1885,191.92452083333333,258.61240000000004
6932,4604.3314,191.84714166666666,390.0357
9127,4603.7374,191.82239166666668,304.919
3287,4598.2094,191.5920583333333,291.7727
6412,4597.1737,191.5489041666667,265.4308
8847,4596.1042,191.50434166666665,271.74670000000003
5998,4595.9075,191.49614583333334,351.2463
2187,4595.8498,191.49374166666666,267.9358
8698,4595.7178,191.48824166666668,443.59149999999994
8398,4595.7178,191.48824166666668,443.59149999999994
8697,4595.7178,191.48824166666668,443.59149999999994
8597,4595.7178,191.48824166666668,443.59149999999994
8598,4595.7178,191.48824166666668,443.59149999999994
8498,4595.7178,191.48824166666668,443.59149999999994
8497,4595.7178,191.48824166666668,443.59149999999994
3388,4595.1996,191.46665,292.1838
3389,4595.1996,191.46665,292.1838
3187,4594.5798,191.44082500000002,291.7197
3488,4594.1434,191.42264166666666,273.8779
3289,4591.2849,191.30353749999998,291.706
3189,4590.6955,191.27897916666666,291.6909
3288,4590.6683,191.27784583333334,291.69
3088,4590.0122,191.25050833333333,291.673
9326,4588.8204000000005,191.20085000000003,272.3258
3188,4588.8013,191.20005416666666,291.6417
7304,4587.0144,191.1256,259.5532
3089,4586.9762,191.12400833333334,291.59450000000004
3393,4586.7395,191.1141458333333,337.51570000000004
3059,4586.5347,191.1056125,267.6825
6890,4586.0158,191.08399166666666,256.2846
5076,4585.8816,191.0784,266.6832
7975,4582.5574,190.93989166666665,286.38129999999995
8586,4580.8698,190.86957500000003,260.78610000000003
8969,4580.6851,190.86187916666665,354.6048
7944,4579.3343,190.80559583333334,290.99240000000003
7948,4575.0806,190.62835833333335,600.7589
9894,4572.4118,190.51715833333333,318.80899999999997
8714,4571.6804,190.48668333333333,281.439
9819,4568.9753,190.37397083333335,258.8302
8019,4568.6576,190.36073333333331,322.28319999999997
7802,4565.3892000000005,190.22455000000002,313.4814
1045,4564.1077000000005,190.1711541666667,276.4267
3262,4562.9675,190.1236458333333,229.25089999999997
8319,4562.715200000001,190.11313333333337,267.135
6001,4560.1005,190.00418749999997,299.5426
2916,4556.777,189.86570833333334,388.08209999999997
7503,4556.6096,189.85873333333333,254.2459
7504,4556.6096,189.85873333333333,254.2459
6735,4555.7315,189.82214583333334,351.75329999999997
8224,4553.8667,189.74444583333332,255.8039
2991,4552.9043,189.70434583333335,332.4355
8455,4552.7402,189.69750833333333,333.57529999999997
7310,4551.9443,189.66434583333333,255.7276
9304,4550.725,189.6135416666667,264.7268
7921,4549.2528,189.5522,324.0372
3227,4548.2209,189.50920416666668,261.2199
3417,4547.9314,189.4971416666667,243.6107
1751,4545.7229,189.4051208333333,382.5756
2759,4544.5793,189.35747083333334,314.20989999999995
149,4542.641799999999,189.27674166666665,270.87239999999997
8020,4540.0837,189.17015416666666,324.22639999999996
7919,4539.1389,189.1307875,337.9339
2599,4537.1745,189.0489375,275.0934
8782,4534.7413,188.94755416666666,277.69460000000004
7505,4534.5815999999995,188.94089999999997,254.1769
9027,4534.48,188.93666666666664,292.89889999999997
4332,4534.3436,188.93098333333333,272.6184
8624,4533.5572,188.89821666666668,335.7928
7348,4532.807,188.86695833333332,351.3638
8583,4528.9139000000005,188.70474583333336,289.1578
3151,4528.0185,188.6674375,297.3317
8368,4525.3577000000005,188.55657083333335,275.3818
3293,4524.2484,188.51035000000002,336.8498
1992,4524.1751,188.50729583333336,278.3211
7404,4524.0081,188.5003375,251.863
7302,4523.7743,188.49059583333334,252.7944
8120,4521.2669,188.3861208333333,258.9798
6838,4520.2636,188.34431666666669,362.2676
7248,4518.3564,188.26485,345.26329999999996
9923,4517.3904999999995,188.22460416666664,261.835
9142,4516.6975999999995,188.19573333333332,243.69149999999996
1099,4516.3867,188.18277916666668,500.38539999999995
8868,4513.7592,188.07330000000002,336.83
7749,4512.613,188.02554166666667,293.6415
2794,4505.2347,187.7181125,334.4535
2793,4505.1167,187.71319583333332,334.8807
3093,4505.1167,187.71319583333332,334.8807
3192,4505.1167,187.71319583333332,334.8807
3191,4505.1167,187.71319583333332,334.8807
3292,4505.1167,187.71319583333332,334.8807
3092,4505.1167,187.71319583333332,334.8807
3091,4505.1167,187.71319583333332,334.8807
3291,4505.1167,187.71319583333332,334.8807
2994,4505.1167,187.71319583333332,334.8807
3193,4505.1167,187.71319583333332,334.8807
2894,4505.1167,187.71319583333332,334.8807
2993,4504.9487,187.70619583333334,334.8669
2893,4504.7047999999995,187.6960333333333,334.84659999999997
8264,4499.8444,187.49351666666666,252.2169
7403,4498.8974,187.45405833333334,251.0673
2600,4496.5579,187.35657916666665,275.0139
1489,4492.8365,187.20152083333335,407.09279999999995
2792,4491.4971000000005,187.14571250000003,333.8121
4720,4490.3234,187.09680833333334,292.5248
7506,4489.9412999999995,187.0808875,247.3304
6639,4487.766799999999,186.9902833333333,483.80330000000004
2859,4486.0845,186.9201875,308.98350000000005
3420,4486.0758000000005,186.91982500000003,324.4226
660,4484.0867,186.83694583333332,432.76649999999995
6736,4483.7455,186.82272916666668,342.6977
7684,4482.6136,186.77556666666666,265.9629
9106,4481.2571,186.71904583333333,253.7646
7945,4481.0857,186.71190416666664,293.0983
7799,4479.3526,186.63969166666666,240.072
7519,4475.9001,186.4958375,303.8555
9719,4475.4371,186.47654583333335,254.48080000000002
3279,4475.213,186.46720833333333,491.0289
2383,4474.7961,186.44983749999997,290.5831
7610,4474.4375,186.43489583333334,314.6052
8828,4474.0795,186.41997916666665,296.84760000000006
3574,4473.4172,186.39238333333333,299.0657
2534,4473.0154,186.37564166666667,339.5643
4232,4470.7592,186.28163333333336,272.8473
6102,4468.4183,186.18409583333334,284.9106
754,4467.4942,186.14559166666666,288.96680000000003
2193,4466.8592,186.11913333333334,275.0224
2192,4466.8592,186.11913333333334,275.0224
2598,4466.8592,186.11913333333334,275.0224
2093,4466.401,186.10004166666667,274.9879
8524,4465.8677,186.07782083333333,310.11699999999996
5726,4465.2706,186.05294166666667,268.8591
7811,4464.4202,186.01750833333332,336.3818
6012,4462.4465,185.93527083333333,262.4461
2092,4461.468,185.8945,274.6164
8422,4460.5314,185.85547499999998,262.9524
7845,4458.9918,185.791325,291.8098
2455,4457.6453,185.73522083333333,352.8727
2597,4457.2973,185.72072083333333,274.1013
2697,4455.7277,185.65532083333335,274.1333
3290,4455.2916,185.63715,283.21349999999995
659,4454.4334,185.60139166666667,431.3485
1993,4453.7748,185.57395,274.0371
2751,4453.6856,185.57023333333333,267.5301
6738,4452.8027999999995,185.53345,476.35759999999993
9389,4452.7131,185.5297125,331.34389999999996
6638,4448.9329,185.37220416666665,476.5091
1075,4448.5506000000005,185.356275,253.4803
5735,4444.9139,185.2047458333333,265.36650000000003
1359,4443.9646,185.1651916666667,359.7923
5900,4443.0558,185.127325,299.7602
4383,4441.6729,185.06970416666664,279.1977
3883,4441.487,185.06195833333334,313.5694
7096,4438.7623,184.94842916666667,290.7498
7097,4438.7623,184.94842916666667,290.7498
7197,4438.7623,184.94842916666667,290.7498
7196,4438.7623,184.94842916666667,290.7498
7198,4438.7623,184.94842916666667,290.7498
7095,4438.7623,184.94842916666667,290.7498
7098,4438.7623,184.94842916666667,290.7498
2635,4438.3323,184.9305125,341.6324
150,4438.1503,184.92292916666668,238.58419999999995
2698,4436.5948,184.85811666666666,272.6055
4331,4434.7708999999995,184.78212083333332,275.9423
8324,4434.6167,184.77569583333332,253.9083
6737,4434.5575,184.77322916666665,391.6454
7619,4433.722,184.73841666666667,301.50559999999996
5901,4433.5314,184.73047499999998,288.5828
7229,4433.4455,184.72689583333332,279.9267
3027,4431.4609,184.64420416666667,241.8128
7817,4431.2028,184.63345,305.1516
6640,4428.6587,184.52744583333333,434.7161
6002,4426.507,184.43779166666664,281.9918
9341,4424.8802,184.37000833333332,234.4511
4419,4423.3333,184.30555416666667,258.9508
6316,4422.9597,184.28998750000002,328.3404
5835,4421.959699999999,184.2483208333333,257.2132
5635,4420.1987,184.17494583333334,263.9413
5535,4420.1478,184.172825,263.9413
5534,4420.0339,184.16807916666667,263.9413
5634,4420.0339,184.16807916666667,263.9413
1567,4418.2157,184.09232083333333,268.2916
5536,4417.3458,184.056075,263.6936
7617,4417.1408,184.04753333333335,302.5671
8265,4415.1657,183.96523749999997,243.56560000000002
1600,4414.0851999999995,183.92021666666665,344.3921
6610,4409.2038999999995,183.71682916666666,248.1514
8220,4407.7344,183.65560000000002,253.3927
1494,4407.3467,183.63944583333333,257.2878
8979,4404.1684000000005,183.5070166666667,383.7272
2535,4401.927,183.413625,339.1917
9892,4398.7692,183.28205,303.5484
8781,4397.9486,183.2478583333333,266.0069
3129,4395.6184,183.15076666666667,253.93220000000002
9999,4394.7608,183.11503333333334,322.3223
4983,4393.5418,183.06424166666667,320.1861
5697,4388.018,182.83408333333333,242.17630000000003
2293,4385.394,182.72475,267.1738
6940,4385.1283,182.71367916666668,285.0875
8878,4384.3195,182.67997916666664,289.2749
8436,4383.5838,182.649325,284.00939999999997
6828,4381.3823999999995,182.55759999999998,303.46659999999997
6512,4380.6116,182.52548333333334,253.36360000000002
8882,4380.2687,182.51119583333332,267.427
3150,4379.9463,182.4977625,289.6876
6732,4379.6177,182.48407083333333,375.7423
7600,4378.6701,182.4445875,265.7979
6739,4376.7126,182.363025,448.8437
9540,4373.4414,182.226725,237.97419999999997
3127,4370.7953,182.11647083333332,251.78179999999998
3016,4368.7435000000005,182.0309791666667,298.37379999999996
2728,4365.8967999999995,181.91236666666666,277.48799999999994
7507,4362.8553,181.7856375,277.6989
546,4361.4117,181.72548749999999,293.7914
7685,4361.2831,181.72012916666665,274.1997
3695,4359.1824,181.6326,292.11879999999996
7250,4358.7484,181.61451666666667,427.77099999999996
1598,4351.8896,181.32873333333336,252.5662
8399,4349.026,181.20941666666667,416.402
8333,4347.4787,181.1449458333333,297.97360000000003
2658,4346.2866,181.09527500000002,289.0271
6743,4344.958,181.03991666666664,258.51919999999996
6997,4344.4526,181.01885833333333,279.0339
251,4343.2999,180.97082916666668,233.31019999999998
3390,4342.9376,180.95573333333334,274.0842
3190,4341.6865,180.90360416666667,277.8404
5517,4339.9361,180.83067083333333,242.90980000000002
7420,4334.7796,180.61581666666666,305.29859999999996
9679,4333.7003,180.57084583333335,299.1503
958,4331.4779,180.47824583333332,235.7056
6642,4327.5392,180.31413333333333,263.6064
8814,4326.9392,180.28913333333333,287.6129
1338,4326.7604,180.28168333333335,429.8517
9205,4326.3521,180.26467083333333,250.6529
7796,4326.1526,180.25635833333334,256.7232
248,4326.1152999999995,180.25480416666664,303.1735
7712,4325.2143,180.21726249999998,301.0816
7402,4324.7429,180.19762083333333,235.5349
3090,4324.1561,180.17317083333333,277.37179999999995
7303,4323.9692,180.16538333333332,237.3143
6515,4323.7387,180.15577916666666,322.1128
8467,4322.3762,180.09900833333333,264.6761
8466,4321.9384,180.08076666666668,264.6481
8366,4321.9384,180.08076666666668,264.6481
8367,4321.9384,180.08076666666668,264.6481
6416,4320.0393,180.00163750000002,321.7589
6641,4317.553,179.89804166666667,261.7411
442,4314.4298,179.76790833333334,439.1639
6541,4312.5947,179.69144583333332,261.434
4531,4312.5806,179.69085833333335,254.863
1396,4310.628,179.6095,246.1022
2592,4310.4398,179.60165833333335,239.9235
3225,4310.1966,179.59152500000002,416.3241
5734,4308.1898,179.50790833333335,257.18050000000005
8599,4301.3902,179.22459166666667,410.7987
6542,4297.8225,179.0759375,260.02639999999997
4431,4297.0337,179.04307083333333,251.84269999999998
9425,4295.5895,178.98289583333334,283.9625
2074,4293.6457,178.90190416666667,243.3101
5082,4293.6162,178.900675,354.6072000000001
9228,4290.8506,178.78544166666666,284.21509999999995
2493,4290.519,178.771625,254.48469999999998
7520,4290.0583,178.75242916666664,275.3134
7107,4282.2638,178.4276583333333,320.59020000000004
9422,4281.5557,178.39815416666667,254.8123
3159,4279.6767,178.3198625,219.8457
8424,4279.1806,178.29919166666664,247.52929999999998
9005,4275.7816,178.15756666666667,267.8217
6742,4274.8314,178.117975,259.19780000000003
3597,4273.7252,178.07188333333332,237.6909
8707,4269.8886999999995,177.91202916666666,249.7747
7099,4269.5859,177.8994125,277.4629
9439,4268.7503,177.8645958333333,230.8356
6511,4266.2472,177.7603,248.19650000000001
5120,4265.8309,177.74295416666666,280.8257
7516,4264.6854,177.69522500000002,307.1069
6633,4264.0042,177.66684166666667,315.9936
5801,4263.6419,177.6517458333333,274.7498
8234,4259.0942000000005,177.46225833333335,286.5197
945,4258.174,177.42391666666666,267.2701
760,4254.9729,177.2905375,403.5234
7609,4253.5759,177.23232916666666,293.6155
6103,4252.3371,177.1807125,269.7679
2174,4252.1535,177.17306250000001,242.7076
1163,4251.0721,177.12800416666667,242.36150000000004
559,4246.1353,176.92230416666666,368.7643
6513,4244.1581,176.8399208333333,246.4896
441,4242.2145,176.7589375,434.13239999999996
7199,4240.0442,176.66850833333334,272.7287
1485,4236.4809000000005,176.52003750000003,382.4788
3024,4235.7852,176.49105,457.5615
541,4232.1783,176.34076249999998,433.3496
341,4228.0527,176.16886250000002,432.9158
638,4226.7776,176.11573333333334,432.90680000000003
5528,4226.6095000000005,176.10872916666668,252.11020000000002
8881,4226.0088,176.0837,260.2883
8219,4225.6422,176.06842500000002,249.6634
542,4225.4972,176.06238333333332,431.8682
2173,4225.1627,176.04844583333332,241.06279999999998
2273,4225.1627,176.04844583333332,241.06279999999998
2272,4225.1627,176.04844583333332,241.06279999999998
2274,4225.1627,176.04844583333332,241.06279999999998
2172,4225.1627,176.04844583333332,241.06279999999998
2373,4225.1627,176.04844583333332,241.06279999999998
1236,4224.0859,176.00357916666667,432.76559999999995
1037,4224.0859,176.00357916666667,432.76559999999995
1035,4224.0859,176.00357916666667,432.76559999999995
1136,4224.0859,176.00357916666667,432.76559999999995
1036,4224.0859,176.00357916666667,432.76559999999995
936,4224.0859,176.00357916666667,432.76559999999995
1137,4224.009599999999,176.00039999999998,432.75489999999996
937,4223.9329,175.99720416666665,432.74399999999997
6712,4223.8447,175.99352916666666,235.4113
339,4223.8413,175.9933875,432.6126
1237,4223.7757,175.99065416666667,432.72159999999997
1038,4223.6825,175.98677083333334,432.7083
1138,4223.4511,175.97712916666669,432.6755
440,4223.4406,175.97669166666665,432.628
439,4223.4257,175.97607083333332,432.5931
8002,4223.3895,175.97456250000002,287.7622
1337,4223.258699999999,175.96911249999997,432.64799999999997
837,4223.2581,175.9690875,432.64799999999997
938,4223.2184,175.96743333333333,432.6423
438,4223.2087,175.96702916666666,432.5204
540,4223.2051,175.96687916666667,432.6345
639,4223.164699999999,175.9651958333333,432.63469999999995
640,4223.164699999999,175.9651958333333,432.63469999999995
739,4223.164699999999,175.9651958333333,432.63469999999995
737,4223.164699999999,175.9651958333333,432.63469999999995
738,4223.164699999999,175.9651958333333,432.63469999999995
840,4223.164699999999,175.9651958333333,432.63469999999995
740,4223.164699999999,175.9651958333333,432.63469999999995
839,4223.164699999999,175.9651958333333,432.63469999999995
1238,4223.164699999999,175.9651958333333,432.63469999999995
838,4223.164699999999,175.9651958333333,432.63469999999995
1039,4223.164699999999,175.9651958333333,432.63469999999995
538,4223.1466,175.96444166666666,432.602
939,4223.1095,175.9628958333333,432.611
539,4223.0441,175.96017083333334,432.58299999999997
7190,4220.6044999999995,175.8585208333333,279.2213
741,4220.3183,175.84659583333334,431.1915
9692,4218.2608,175.76086666666666,448.6116
2336,4218.0035,175.75014583333333,318.8621
2252,4217.1916,175.71631666666667,249.3967
6810,4216.4816,175.68673333333334,231.81050000000002
836,4216.1364,175.67235000000002,431.82009999999997
2494,4212.6437,175.52682083333332,250.5301
3250,4210.5121,175.43800416666667,281.1778
9028,4209.8224,175.40926666666667,279.0783
6612,4209.0138,175.375575,241.86519999999996
736,4208.9286999999995,175.37202916666664,430.9534
1336,4205.1224999999995,175.21343749999997,430.5181
446,4204.7176,175.19656666666666,312.08580000000006
2041,4203.7041,175.1543375,242.10540000000003
7030,4202.1802,175.09084166666665,313.5965
9105,4201.9295,175.08039583333334,241.6547
9128,4201.778,175.07408333333333,278.2991
6812,4199.5687,174.98202916666665,230.9547
6643,4196.762,174.86508333333333,244.49689999999998
8928,4195.6644,174.81935,278.6863
6509,4195.1412,174.79755,268.3501
7602,4193.8331,174.74304583333333,227.5198
3697,4193.3719,174.72382916666666,228.85610000000003
935,4193.123,174.7134583333333,430.5682
641,4190.2609999999995,174.5942083333333,415.7689
7963,4190.0383,174.58492916666668,269.30969999999996
7451,4188.4742,174.51975833333333,258.6941
8906,4187.4076000000005,174.47531666666669,247.3272
9426,4186.7113,174.44630416666666,286.6942
1139,4185.4574,174.39405833333333,413.5186
9800,4185.4101,174.3920875,367.5769
1239,4184.366,174.34858333333332,412.96469999999994
9993,4184.1683,174.34034583333334,296.35350000000005
9427,4182.9298,174.28874166666665,288.5683
6811,4182.8785,174.28660416666665,229.7507
2643,4182.862,174.28591666666668,363.233
6299,4180.8471,174.2019625,327.7783
5794,4178.9671,174.12362916666666,292.9789
5912,4177.9253,174.08022083333333,243.4264
6728,4177.2916000000005,174.05381666666668,308.7048
6711,4176.659,174.02745833333333,232.4226
1235,4176.3572,174.01488333333336,419.42379999999997
9793,4176.2973999999995,174.01239166666664,298.9665
7434,4176.013199999999,174.00054999999998,382.2168
4819,4175.7087,173.9878625,300.9508
6516,4174.9219,173.95507916666668,309.5131
537,4174.2315,173.9263125,426.70820000000003
9524,4168.823,173.70095833333335,295.5466
9626,4168.823,173.70095833333335,295.5466
9627,4168.823,173.70095833333335,295.5466
9527,4168.823,173.70095833333335,295.5466
9726,4168.823,173.70095833333335,295.5466
9525,4168.823,173.70095833333335,295.5466
9526,4168.823,173.70095833333335,295.5466
9727,4168.8013,173.70005416666666,295.5416
9825,4168.6497,173.6937375,295.51340000000005
9523,4168.316,173.67983333333333,295.4914
9625,4168.3062,173.679425,295.4904
9826,4167.7118,173.65465833333334,295.2848
9624,4167.4488,173.6437,295.3972
9725,4166.2641,173.59433750000002,295.2684
9623,4165.7982,173.574925,295.253
9724,4164.2444000000005,173.51018333333334,295.04900000000004
9317,4161.7378,173.40574166666667,235.84789999999998
9234,4161.0919,173.3788291666667,282.7557
7023,4159.6462,173.31859166666666,263.4237
9824,4156.1158000000005,173.1714916666667,293.5971
2352,4155.4301000000005,173.14292083333336,256.4565
2921,4155.3524,173.13968333333332,272.2004
8256,4149.9965999999995,172.91652499999998,287.9849
7803,4149.2524,172.8855166666667,271.3259
8682,4147.5587000000005,172.81494583333335,259.7647
9541,4147.252,172.8021666666667,243.1181
9343,4146.6868,172.7786166666667,242.739
1983,4143.3287,172.63869583333334,361.21010000000007
9342,4143.2706,172.63627499999998,227.6103
5782,4140.4846,172.52019166666665,372.39809999999994
5681,4140.4846,172.52019166666665,372.39809999999994
8646,4140.0271999999995,172.5011333333333,289.2247
3280,4138.8850999999995,172.45354583333332,522.7543
3370,4138.6941,172.4455875,220.43669999999997
1134,4136.8771,172.36987916666666,423.3512
4123,4134.7908,172.28295,323.4238
841,4133.3899,172.22457916666667,387.12119999999993
6637,4130.3588,172.09828333333334,401.9687
5389,4129.6551,172.0689625,362.824
6413,4127.7796,171.99081666666666,240.11719999999997
8768,4127.6996,171.98748333333333,315.54650000000004
6543,4123.7034,171.820975,238.8646
5685,4122.0548,171.75228333333334,250.2035
7510,4119.4174,171.64239166666667,287.5386
6442,4117.8659,171.57774583333332,243.0052
8747,4117.1761,171.54900416666666,291.7425
8254,4116.5109999999995,171.52129166666666,259.712
4323,4111.2656,171.30273333333332,374.4314
2084,4105.6385,171.06827083333334,444.3290999999999
4184,4101.8324,170.90968333333333,393.7682
7090,4093.9382,170.58075833333334,277.57329999999996
2767,4090.6413,170.4433875,250.8684
2764,4090.6413,170.4433875,250.8684
7289,4089.868,170.41116666666667,276.7371
7288,4089.868,170.41116666666667,276.7371
2664,4088.8603000000003,170.36917916666667,250.7597
6042,4086.4491,170.2687125,243.2412
2866,4086.4467,170.2686125,250.5915
5682,4086.0333,170.2513875,368.7854
9064,4084.8616,170.20256666666668,269.2824
8710,4084.8475,170.20197916666666,244.0061
4218,4084.3172,170.17988333333332,238.1981
7003,4083.9276999999997,170.16365416666665,298.9603
2765,4083.7383,170.1557625,250.44760000000002
7830,4082.9513,170.12297083333334,452.5467
2768,4081.3218,170.05507500000002,250.3003
2950,4081.1017,170.04590416666667,273.65999999999997
7730,4079.0954,169.96230833333334,453.8499
6942,4078.4228,169.93428333333333,268.504
6628,4078.4082,169.933675,302.1461
2665,4078.2012,169.92505,250.11
5019,4074.9595999999997,169.7899833333333,268.0345
898,4074.8146,169.78394166666666,444.326
2073,4074.4378,169.76824166666668,232.0465
2867,4074.1891,169.75787916666667,249.7822
5783,4071.8897,169.66207083333333,361.17280000000005
3050,4070.5264,169.60526666666667,272.6632
6782,4069.513,169.56304166666666,513.4284
4322,4066.2092,169.42538333333331,383.6471
5802,4064.9383,169.37242916666665,262.1289
6613,4064.6762,169.36150833333332,237.10139999999996
2663,4063.7425,169.32260416666665,249.2586
2766,4059.7542,169.15642499999998,248.9512
5885,4059.6847000000002,169.1535291666667,245.7141
5787,4057.8191,169.07579583333333,244.9717
1135,4057.7951,169.07479583333333,407.1316
7408,4056.2925,169.0121875,292.17879999999997
7731,4056.2798,169.01165833333332,451.81350000000003
7249,4056.1963,169.00817916666668,439.21279999999996
5582,4056.143,169.00595833333333,366.8492
7801,4054.2985,168.92910416666666,282.9445
2666,4052.3091,168.8462125,248.5316
5622,4051.8839,168.82849583333333,325.0406
5683,4051.1068,168.79611666666668,366.46799999999996
338,4047.5106,168.646275,410.96659999999997
2544,4045.7486,168.57285833333333,455.2324
2696,4041.4411999999998,168.39338333333333,234.0846
8709,4041.3944,168.39143333333334,244.08589999999998
8807,4041.3944,168.39143333333334,244.08589999999998
8909,4041.3944,168.39143333333334,244.08589999999998
8908,4041.3944,168.39143333333334,244.08589999999998
8708,4041.3944,168.39143333333334,244.08589999999998
9008,4041.3944,168.39143333333334,244.08589999999998
8808,4041.3944,168.39143333333334,244.08589999999998
8809,4041.3944,168.39143333333334,244.08589999999998
9108,4041.3944,168.39143333333334,244.08589999999998
5686,4041.2614,168.38589166666665,244.4452
9007,4040.932,168.37216666666666,244.06439999999998
2667,4037.9887,168.24952916666666,247.6586
6713,4037.7246,168.238525,231.6245
843,4036.1861,168.17442083333333,325.9374
6540,4034.786,168.11608333333334,363.90520000000004
3617,4034.3417999999997,168.09757499999998,213.8823
8810,4028.6802,167.861675,241.9629
2645,4026.1385999999998,167.755775,457.266
2545,4026.1385999999998,167.755775,457.266
2646,4026.1385999999998,167.755775,457.266
2745,4026.1385999999998,167.755775,457.266
2644,4026.1385999999998,167.755775,457.266
2445,4026.1385999999998,167.755775,457.266
2546,4026.1385999999998,167.755775,457.266
2446,4026.1385999999998,167.755775,457.266
6636,4026.1366,167.75569166666665,302.4006
9206,4025.4467,167.72694583333333,239.1349
9723,4024.9537,167.70640416666666,272.05910000000006
5684,4022.8085,167.61702083333333,277.6731
8499,4022.0448,167.58520000000001,378.1343
8229,4021.8784,167.57826666666668,292.50530000000003
1540,4021.7839,167.57432916666667,300.9081
5784,4019.6427,167.48511249999999,252.50779999999997
2692,4019.5733,167.48222083333334,262.9779
3598,4019.3601,167.47333749999999,222.51910000000004
3698,4019.3601,167.47333749999999,222.51910000000004
2850,4018.0146999999997,167.41727916666665,270.0082
6311,4017.8092,167.40871666666666,231.6347
6003,4016.887,167.37029166666667,253.5738
9823,4015.7346,167.322275,232.0304
3796,4015.5553,167.31480416666668,255.1754
6681,4014.4746999999998,167.26977916666667,497.8271000000001
7604,4013.8711,167.24462916666667,223.6899
8633,4013.6434,167.23514166666666,238.4556
2868,4012.8302,167.20125833333333,245.73160000000001
2593,4012.2482,167.17700833333333,215.12670000000003
844,4011.3224,167.13843333333332,262.7722
9207,4010.9447999999998,167.12269999999998,240.2043
8806,4010.5058,167.10440833333334,241.7531
3498,4010.2275,167.0928125,223.58750000000003
3141,4009.2761,167.05317083333333,223.5358
9628,4007.9574000000002,166.99822500000002,278.0552
743,4005.7121,166.90467083333334,260.4675
7703,4005.3311,166.88879583333332,224.19330000000002
8435,4004.3599,166.84832916666667,261.4748
9009,4003.7715,166.8238125,240.1179
651,4003.2213,166.80088750000002,219.0834
6409,4001.5827999999997,166.73261666666664,253.0827
2083,3999.8413,166.66005416666667,424.52020000000005
1441,3997.5008000000003,166.56253333333333,241.38760000000002
6443,3996.4053,166.5168875,231.0258
9620,3996.2303,166.50959583333335,231.84969999999998
9922,3995.6962,166.48734166666665,231.8415
9618,3995.4234,166.475975,231.8405
9619,3995.4234,166.475975,231.8405
7514,3994.9913,166.45797083333335,217.685
1034,3993.5807,166.39919583333332,411.94849999999997
9621,3993.5443,166.39767916666668,231.7256
9721,3991.6345,166.31810416666667,231.6543
5785,3990.1009,166.25420416666665,242.2758
6843,3986.6985,166.1124375,252.1315
9821,3986.4721,166.10300416666666,231.40069999999997
9822,3985.5999,166.0666625,231.36520000000002
6741,3984.3622,166.01509166666668,254.0933
9722,3983.9521,165.99800416666668,231.053
9528,3983.7344,165.98893333333334,279.1842
5786,3983.4942,165.978925,241.53379999999999
7614,3983.0724,165.96135,216.70790000000002
2372,3979.1615,165.79839583333333,223.7766
8964,3976.9481,165.70617083333335,265.8839
5797,3974.4381,165.6015875,270.9058
2922,3972.7512,165.53130000000002,431.237
6682,3972.6933,165.5288875,495.79470000000003
8402,3971.4364,165.47651666666667,267.5248
9418,3964.4937999999997,165.18724166666667,224.25459999999998
2818,3963.0452,165.12688333333332,291.5191
6740,3961.7283,165.0720125,318.8556
7189,3960.8722000000002,165.0363416666667,267.148
5520,3960.0818999999997,165.0034125,266.1909
340,3959.2772,164.96988333333334,401.262
7089,3959.0459,164.96024583333335,267.0122
2452,3958.1411,164.92254583333332,245.1904
5687,3955.6235,164.81764583333333,238.0635
1040,3955.5913,164.81630416666667,296.9847
7230,3955.4393,164.80997083333332,253.4456
5489,3953.5125,164.72968749999998,346.4194
2881,3952.9958,164.70815833333333,238.0232
2979,3951.8103,164.6587625,296.666
2294,3951.086,164.62858333333332,225.3304
5118,3949.7095999999997,164.5712333333333,250.9171
8433,3948.8558,164.53565833333332,242.21320000000003
9841,3948.7378,164.53074166666667,297.928
7409,3948.1121,164.50467083333334,287.3902
7508,3948.1121,164.50467083333334,287.3902
7509,3948.1121,164.50467083333334,287.3902
2763,3947.6376999999998,164.48490416666667,241.42809999999997
637,3945.4725,164.3946875,399.6629
6094,3943.9903,164.33292916666667,241.8539
9208,3941.4967,164.22902916666666,234.52020000000002
9926,3937.7961,164.0748375,235.48760000000001
1492,3937.456,164.06066666666666,245.92329999999998
8910,3936.7217,164.03007083333333,232.6804
7320,3934.1425,163.92260416666667,403.85350000000005
8354,3931.7625000000003,163.8234375,274.7004
5539,3931.7266999999997,163.82194583333333,232.98199999999997
9718,3929.6902,163.73709166666666,227.9125
5589,3929.3821,163.72425416666667,348.7576
2566,3929.2557,163.7189875,240.35970000000003
645,3929.1672000000003,163.7153,252.8399
742,3929.0396,163.70998333333333,280.90840000000003
1544,3924.1007999999997,163.5042,265.1594
7410,3923.1847,163.46602916666666,274.5254
9622,3921.523,163.39679166666667,232.7768
7718,3919.4048000000003,163.30853333333334,271.7579
6535,3918.1515,163.2563125,301.39099999999996
7699,3917.544,163.231,216.6121
9107,3913.4436,163.06015,236.97109999999998
8533,3911.0734,162.96139166666669,230.43400000000003
9518,3910.816,162.95066666666665,226.08069999999998
2236,3909.8056,162.90856666666667,306.2409
6928,3909.1839,162.8826625,286.9391
1488,3908.1174,162.838225,423.8462
4483,3906.4583000000002,162.76909583333335,239.07139999999998
5884,3904.961,162.70670833333332,237.44
1568,3900.1967,162.50819583333333,234.1483
842,3899.8045,162.49185416666668,268.7958
3922,3899.7017,162.48757083333334,259.6855
8867,3899.1176,162.46323333333333,333.7268
2393,3899.015,162.45895833333333,220.36069999999998
6608,3896.7687,162.3653625,251.348
876,3895.6209,162.3175375,250.38119999999998
2923,3894.9643,162.29017916666666,501.8125
9693,3894.4582,162.26909166666667,330.07529999999997
6342,3889.3329,162.05553749999999,225.578
8811,3888.4229,162.01762083333332,236.48370000000003
8017,3887.6336,161.98473333333334,311.9678
2581,3885.7395,161.9058125,288.1288
2533,3884.4727,161.85302916666666,276.563
7711,3884.0655,161.8360625,311.0183
8532,3882.5935,161.77472916666667,229.7865
8119,3882.4848,161.77020000000002,237.7862
5018,3880.9892999999997,161.7078875,249.8543
5119,3880.9892999999997,161.7078875,249.8543
1569,3879.7214000000004,161.65505833333336,232.87310000000002
3061,3878.6732,161.61138333333335,195.7609
2552,3877.2746,161.55310833333334,237.1131
1387,3871.5905000000002,161.31627083333333,422.2339
1974,3870.1727,161.25719583333333,212.7541
1487,3868.1469,161.1727875,422.1051
1386,3866.1263000000004,161.08859583333336,422.02560000000005
943,3864.7772999999997,161.0323875,255.3772
3040,3861.3614,160.89005833333331,209.7847
7585,3860.3256,160.8469,225.938
941,3859.5928,160.81636666666665,253.8872
5995,3855.088,160.62866666666667,261.2443
644,3854.7853999999998,160.6160583333333,253.5394
7603,3851.8232,160.49263333333332,208.96529999999996
1486,3851.4792,160.47830000000002,422.31179999999995
944,3851.3307,160.4721125,247.72269999999997
1443,3850.1155000000003,160.42147916666667,235.6767
1140,3848.793,160.366375,249.8836
642,3848.0859,160.3369125,359.5611
5688,3846.2898,160.262075,230.8734
8812,3846.0177999999996,160.25074166666664,253.18460000000002
1985,3842.8824,160.1201,305.2149
2744,3841.0931,160.04554583333334,417.6628
1041,3840.8193,160.0341375,246.92759999999998
1141,3840.8193,160.0341375,246.92759999999998
942,3840.8193,160.0341375,246.92759999999998
1042,3840.8193,160.0341375,246.92759999999998
8632,3840.5594,160.02330833333335,231.0521
9522,3840.4791,160.0199625,264.4996
2497,3839.2668,159.96945,214.55720000000002
3685,3837.5883,159.8995125,310.771
5117,3837.5018,159.89590833333332,214.5135
7625,3834.301,159.76254166666666,381.66179999999997
7295,3833.9399000000003,159.74749583333335,224.47520000000003
3585,3831.6966,159.65402500000002,302.1362
4918,3830.3423000000003,159.59759583333334,265.72950000000003
2047,3830.1376999999998,159.58907083333332,322.8449
9792,3828.2124,159.50885,266.813
151,3827.4794,159.47830833333333,207.73560000000003
7829,3826.3596,159.43165,399.25370000000004
3015,3823.2634000000003,159.3026416666667,216.11599999999999
5191,3822.6863000000003,159.27859583333336,244.18220000000002
3589,3822.3437,159.26432083333333,293.3611
9501,3822.2183999999997,159.2591,220.24550000000002
7296,3822.0950000000003,159.25395833333334,225.1728
835,3821.8918999999996,159.2454958333333,402.37799999999993
8103,3818.0579,159.08574583333333,258.2351
897,3817.4927,159.06219583333333,417.0079
8880,3816.6528,159.0272,230.7036
1385,3814.5852,158.94105,404.3084
8235,3814.1362,158.92234166666665,267.7486
9994,3810.5646,158.773525,285.2616
3079,3809.9343999999996,158.74726666666666,272.4282
6389,3809.3784,158.7241,250.83350000000002
7502,3806.3987,158.59994583333335,205.27179999999998
9521,3804.9531,158.5397125,216.79899999999998
5882,3800.9752,158.37396666666666,328.79189999999994
2693,3800.7003,158.3625125,232.225
2094,3799.3170999999998,158.30487916666667,210.70829999999998
5583,3798.609,158.275375,340.0011
6611,3796.2653999999998,158.17772499999998,219.4126
1759,3795.6329,158.15137083333335,317.9243
7150,3792.8178,158.034075,660.323
7526,3792.5628,158.02345,349.36199999999997
9109,3792.2427000000002,158.01011250000002,239.0043
3782,3782.243,157.59345833333333,263.1586
9900,3781.5932,157.56638333333333,333.89619999999996
6943,3780.7774,157.53239166666665,257.7327
2865,3779.1329,157.46387083333335,230.3037
2482,3778.6455,157.4435625,255.09539999999998
6998,3774.3269,157.26362083333333,212.6542
1043,3773.3660999999997,157.22358749999998,242.74390000000002
1994,3769.6949,157.07062083333332,208.4778
342,3768.3343,157.01392916666666,346.75149999999996
3264,3765.6349,156.90145416666667,220.5459
6813,3764.1141,156.8380875,211.91189999999997
437,3759.3593,156.63997083333334,382.3645
6489,3758.9788,156.62411666666665,285.0834
3078,3755.9292,156.49705,282.04089999999997
7332,3753.5246,156.39685833333334,348.5434
4119,3750.9322,156.28884166666668,273.4298
2892,3750.3772,156.26571666666666,275.7789
7433,3750.0759,156.2531625,364.70029999999997
2194,3748.111,156.17129166666666,205.89800000000002
7824,3747.1635,156.1318125,403.2288
8118,3744.4945000000002,156.0206041666667,230.4642
5815,3743.4957,155.9789875,224.1556
9004,3740.8772,155.86988333333332,257.1046
1240,3738.0978,155.754075,242.788
756,3736.3548,155.68145,248.7186
5742,3735.7764,155.65735,251.7035
3795,3734.8489,155.61870416666667,252.435
8907,3733.2355000000002,155.55147916666667,225.5888
6941,3730.4062,155.43359166666667,250.0501
7620,3730.3856,155.43273333333335,254.19400000000002
7187,3729.7458,155.40607500000002,220.8419
2565,3727.0202,155.29250833333333,223.485
2495,3725.1552,155.2148,203.5632
1142,3723.5834999999997,155.14931249999998,239.51519999999996
2250,3717.5298000000003,154.897075,235.5917
6539,3717.433,154.89304166666668,343.07220000000007
940,3715.1157,154.79648749999998,329.1003
3080,3712.754,154.69808333333333,349.9698
759,3712.5134,154.68805833333332,321.893
6840,3711.831,154.659625,248.21609999999998
4022,3710.4034,154.60014166666667,312.2229
4220,3707.5904,154.48293333333334,301.0561
1887,3703.9355,154.33064583333334,238.88670000000002
3886,3702.5126,154.27135833333332,231.8707
351,3700.3228,154.18011666666666,210.60850000000002
4982,3698.3894,154.09955833333333,326.5458
1345,3695.8206,153.992525,231.7814
7322,3695.1785,153.96577083333332,525.1264
7321,3695.1785,153.96577083333332,525.1264
1388,3694.9631,153.95679583333333,405.5492
6202,3694.4515,153.93547916666668,231.4501
7695,3691.8384,153.8266,219.1646
7422,3690.1942999999997,153.75809583333333,518.4922999999999
5813,3684.7383,153.5307625,210.1875
3268,3683.8444,153.49351666666666,216.9269
2992,3683.0608,153.46086666666667,270.5215
6537,3680.4167,153.35069583333333,342.6352
5883,3679.1416999999997,153.2975708333333,288.1621
4773,3678.2416000000003,153.2600666666667,199.5147
2351,3677.1248,153.21353333333334,229.7123
8648,3676.3403,153.18084583333334,265.377
8547,3676.3403,153.18084583333334,265.377
8548,3676.3403,153.18084583333334,265.377
8647,3676.1333,153.17222083333334,265.373
6841,3674.5529,153.10637083333333,246.02949999999998
6839,3674.3099,153.09624583333334,248.5824
543,3673.5341,153.06392083333333,331.2249
2374,3669.1803,152.8825125,202.80939999999998
9115,3668.8726,152.86969166666668,241.83669999999998
1285,3667.0238,152.79265833333332,400.6613
8748,3666.044,152.75183333333334,217.1157
1798,3665.6167,152.73402916666666,221.0224
9780,3664.6336,152.69306666666668,268.5122
8584,3663.3028,152.63761666666667,212.48199999999997
8335,3661.6341,152.56808750000002,238.7498
5623,3661.0777000000003,152.54490416666667,351.94550000000004
2891,3659.8793,152.49497083333333,264.9117
7421,3655.7156,152.32148333333333,432.80989999999997
5289,3654.869,152.28620833333335,236.4497
450,3653.1555,152.2148125,206.2297
2927,3652.2414,152.176725,247.39129999999997
1493,3650.6519,152.11049583333332,227.3247
2072,3649.8129,152.0755375,198.8508
8531,3641.007,151.708625,212.0217
9519,3638.2942000000003,151.59559166666668,210.0627
1570,3633.5183,151.39659583333335,216.53180000000003
7702,3630.6865,151.27860416666667,215.0365
2718,3627.6774,151.153225,238.22719999999998
5182,3623.0756,150.96148333333335,369.2389
7833,3622.6097,150.94207083333333,265.14149999999995
3265,3622.3232,150.93013333333332,213.4389
3168,3621.9874,150.91614166666668,211.02420000000004
3263,3621.7395,150.9058125,211.41840000000002
9918,3619.7223,150.8217625,219.051
7586,3615.5939,150.64974583333333,214.9502
9818,3615.2826,150.636775,209.048
6441,3612.7747999999997,150.5322833333333,218.7172
6842,3611.2402,150.46834166666667,240.3065
7521,3605.8652,150.24438333333333,287.2971
3162,3602.3643,150.0985125,188.48059999999998
3373,3595.3435,149.80597916666667,198.26569999999998
8325,3594.4893,149.7703875,209.7809
9014,3594.1455,149.7560625,232.45980000000003
6220,3593.3568,149.7232,206.2619
2694,3592.5739,149.69057916666665,195.7072
6598,3591.4691,149.64454583333332,236.4438
2596,3590.0602,149.58584166666665,192.0539
9388,3588.6297,149.5262375,393.84509999999995
8124,3587.4191,149.47579583333334,253.34550000000002
7298,3587.0251,149.45937916666665,217.1307
8702,3585.2787,149.38661249999998,258.4153
7522,3581.4384,149.2266,274.38329999999996
2960,3581.4299,149.22624583333334,182.5548
9617,3581.4231,149.2259625,202.50429999999997
3179,3579.8792000000003,149.16163333333336,486.64340000000004
2394,3576.9872,149.04113333333333,191.39159999999998
661,3573.3554,148.88980833333332,317.4318
1996,3567.8729,148.66137083333334,192.48520000000002
7312,3564.1432999999997,148.50597083333332,205.2609
2869,3563.7467,148.48944583333335,216.09050000000002
3180,3560.3777999999998,148.349075,508.37039999999996
5898,3560.1862,148.34109166666667,261.97630000000004
2186,3559.6014,148.316725,211.24070000000003
8911,3557.185,148.21604166666665,252.43030000000002
6415,3555.1686,148.132025,254.6465
10000,3546.5005,147.77085416666668,314.7566
3699,3544.4796,147.68665000000001,198.4219
9010,3542.7257999999997,147.613575,241.61180000000002
544,3536.8976000000002,147.37073333333333,248.7877
4620,3536.5688,147.35703333333333,222.59429999999998
1044,3535.8098,147.32540833333334,228.23969999999997
7729,3533.987,147.24945833333334,345.93850000000003
857,3533.6702,147.23625833333332,223.08769999999998
6627,3530.9502,147.122925,258.5094
2498,3529.4298,147.059575,216.64549999999997
2251,3528.5841,147.0243375,221.1037
3683,3527.5041,146.9793375,248.1061
7329,3526.3079000000002,146.92949583333333,241.1137
3392,3522.985,146.79104166666667,242.9715
3391,3522.985,146.79104166666667,242.9715
6887,3521.7973,146.74155416666667,230.0788
9215,3519.3716,146.64048333333332,224.8173
5793,3518.0149,146.58395416666667,245.1121
6528,3516.8671,146.53612916666665,257.517
1286,3515.5767,146.4823625,380.1295
5789,3513.0463999999997,146.3769333333333,203.8882
7621,3512.7576,146.3649,267.4495
1947,3512.7412999999997,146.36422083333332,272.947
7626,3511.1929999999998,146.2997083333333,346.09369999999996
9840,3509.9796,146.24915000000001,261.0471
4384,3508.6419,146.1934125,272.664
9827,3506.9225,146.12177083333333,237.1759
5215,3504.8007,146.03336249999998,200.07420000000002
771,3504.1269,146.0052875,221.5294
8582,3503.8877,145.99532083333335,221.94800000000004
2594,3496.9556000000002,145.70648333333335,187.3373
241,3495.2557,145.63565416666668,321.09489999999994
3786,3492.8389,145.53495416666667,218.77870000000001
2769,3490.7777,145.44907083333334,213.91590000000002
7222,3490.4729,145.43637083333334,347.69040000000007
1997,3486.8528,145.28553333333335,193.50900000000001
3164,3481.8462,145.076925,203.21720000000002
5836,3480.9492,145.03955,203.7646
7414,3480.6652,145.02771666666666,211.70979999999997
1131,3479.5283,144.98034583333333,213.0189
5983,3479.1767,144.96569583333334,220.0619
5996,3478.5279,144.9386625,258.0015
1059,3477.7526,144.90635833333332,199.5856
636,3475.9753,144.83230416666666,353.1411
8902,3473.7976,144.74156666666667,239.0061
8912,3472.83,144.70125,249.39
5493,3472.4772,144.68654999999998,300.91929999999996
9316,3470.9906,144.62460833333333,207.6218
3266,3469.8728,144.57803333333334,206.12259999999998
3797,3466.5826,144.44094166666667,187.43390000000002
2295,3464.9397,144.3724875,185.71549999999996
2395,3464.9397,144.3724875,185.71549999999996
2095,3464.9397,144.3724875,185.71549999999996
2297,3464.9397,144.3724875,185.71549999999996
2396,3464.9397,144.3724875,185.71549999999996
2496,3464.9397,144.3724875,185.71549999999996
2397,3464.9397,144.3724875,185.71549999999996
2096,3464.9397,144.3724875,185.71549999999996
2595,3464.9397,144.3724875,185.71549999999996
2296,3463.0787,144.29494583333334,185.60459999999998
1995,3461.1542,144.21475833333332,185.49
9639,3460.554,144.18975,256.2805
2978,3459.1814999999997,144.13256249999998,234.9531
8566,3458.0851,144.08687916666665,198.3765
7917,3457.9415,144.08089583333333,289.8736
4888,3457.4476999999997,144.06032083333332,268.85360000000003
4021,3457.0309,144.04295416666668,325.2259
1746,3455.8747,143.99477916666666,305.98019999999997
5942,3454.1868999999997,143.92445416666666,204.4331
3269,3452.9692,143.87371666666667,195.685
2195,3449.7071,143.73779583333334,185.15109999999999
2196,3449.2488,143.71869999999998,184.6413
7717,3448.9464,143.7061,209.9732
2695,3447.3256,143.63856666666666,184.8571
5533,3447.271,143.63629166666666,204.21779999999998
5633,3447.126,143.63025000000002,204.21779999999998
3165,3444.3452,143.51438333333334,201.1293
8905,3442.6378,143.44324166666667,228.5221
2350,3442.0308,143.41795,216.3706
5433,3441.3257,143.38857083333332,203.79729999999998
7297,3440.6509,143.36045416666667,212.962
8101,3439.1282,143.29700833333334,225.332
3399,3438.6516,143.27715,194.35760000000002
6615,3438.2771,143.26154583333332,247.4565
2980,3435.3347000000003,143.13894583333334,262.11650000000003
4086,3434.4797,143.10332083333333,204.9814
6908,3433.8125,143.07552083333334,235.5164
8813,3432.1359,143.0056625,249.51690000000002
6727,3429.4987,142.89577916666667,246.0616
8729,3426.5693,142.77372083333333,196.3134
3499,3425.6444,142.73518333333334,190.30810000000002
9011,3422.1581,142.58992083333334,216.94299999999998
4120,3419.8782,142.494925,322.6861
7633,3419.5185,142.4799375,335.25
9315,3413.5194,142.229975,206.50960000000003
370,3412.4539999999997,142.1855833333333,211.754
369,3412.4539999999997,142.1855833333333,211.754
5297,3408.6358,142.02649166666666,201.1705
9515,3408.4249,142.01770416666668,202.5084
9417,3403.9323999999997,141.83051666666665,202.053
8001,3403.4169,141.80903750000002,228.8988
9416,3402.0093,141.75038750000002,202.0503
9214,3400.4781,141.6865875,204.9134
3577,3400.4609,141.68587083333333,179.2109
7188,3399.532,141.64716666666666,225.41940000000002
5984,3399.0436,141.62681666666666,195.13600000000002
3543,3398.4034,141.60014166666667,202.5205
2197,3398.396,141.59983333333335,182.22719999999998
9012,3394.2757,141.42815416666667,231.04610000000002
3249,3393.3914,141.39130833333334,206.4025
5393,3392.5477,141.35615416666667,289.0755
1437,3392.2939,141.34557916666668,313.2914
2451,3390.7378,141.28074166666667,213.6345
7624,3385.6162,141.06734166666666,312.83630000000005
7309,3385.2488,141.05203333333333,215.0912
4221,3385.1221,141.04675416666666,323.11350000000004
9335,3384.3169,141.01320416666667,213.08759999999998
6827,3382.8858,140.953575,305.6213
8780,3382.4358,140.93482500000002,199.7773
9415,3377.5672,140.73196666666666,202.9921
3267,3370.0079,140.41699583333335,196.97270000000003
5994,3369.277,140.38654166666666,202.7769
7732,3366.0855,140.25356250000002,253.16160000000002
5537,3366.0703,140.25292916666666,200.5797
2564,3365.2853999999998,140.220225,205.2661
2551,3363.6446,140.15185833333334,212.126
6289,3362.7559,140.11482916666668,216.1864
9502,3361.3702,140.05709166666665,193.3974
4222,3361.0228,140.04261666666667,320.98889999999994
4020,3360.2704000000003,140.01126666666667,306.32
3817,3357.4582,139.89409166666667,190.84199999999998
2651,3355.9326,139.830525,211.65050000000002
4185,3355.0251,139.7927125,198.4411
3169,3350.6107,139.60877916666666,190.1398
4985,3350.5096,139.60456666666667,329.4269
3517,3350.3456,139.59773333333334,185.5976
7049,3346.2088,139.42536666666666,282.6949
4284,3346.0568,139.41903333333332,399.8865
4790,3345.931,139.41379166666667,375.2937
9209,3345.6853,139.40355416666668,252.42120000000003
3115,3343.6058000000003,139.31690833333334,186.2268
7632,3343.1887,139.29952916666667,312.4154
8356,3342.0353,139.25147083333334,219.4179
7048,3340.4254,139.18439166666667,288.0539
3163,3339.9591,139.1649625,195.1454
7623,3338.7846000000004,139.116025,308.66690000000006
8913,3337.2079000000003,139.05032916666667,242.40500000000003
6536,3336.836,139.03483333333332,254.8077
7733,3336.2128,139.00886666666665,254.31119999999999
5997,3331.6901,138.82042083333332,256.40909999999997
1700,3331.2747999999997,138.80311666666665,254.25719999999998
3684,3330.9684,138.79035000000002,218.0241
3178,3330.846,138.78525,259.3464
2481,3328.2999,138.6791625,225.26639999999998
9013,3325.3476,138.55615,210.2725
3167,3325.2195,138.5508125,194.4968
4121,3324.8833,138.53680416666666,317.4882
2668,3324.6068,138.52528333333333,204.787
9216,3324.3729,138.5155375,203.5045
9213,3323.8,138.49166666666667,202.82839999999996
5895,3323.5429,138.48095416666666,256.35589999999996
5896,3323.5429,138.48095416666666,256.35589999999996
5796,3323.5429,138.48095416666666,256.35589999999996
5795,3323.5429,138.48095416666666,256.35589999999996
5897,3323.5429,138.48095416666666,256.35589999999996
758,3323.3648000000003,138.47353333333334,191.8189
2097,3323.0123,138.45884583333333,178.25419999999997
9114,3321.5783,138.39909583333335,202.90459999999996
9113,3320.5317,138.3554875,202.7725
8763,3318.9247,138.28852916666668,212.7439
4690,3318.4595999999997,138.26915,350.272
4223,3317.728,138.23866666666666,317.1393
4122,3315.6666999999998,138.15277916666665,316.964
2959,3305.1224,137.71343333333334,186.049
9312,3300.8253,137.5343875,212.7696
7923,3300.1699,137.50707916666667,465.30709999999993
7152,3299.3396000000002,137.47248333333334,206.5563
270,3297.7436,137.40598333333332,204.1729
2450,3297.6333,137.4013875,206.6598
2449,3293.6487,137.2353625,302.11379999999997
443,3293.4314,137.22630833333332,310.0594
9314,3290.8549,137.11895416666667,201.0216
9311,3289.2921,137.05383750000001,254.11520000000002
9210,3288.2792,137.01163333333332,254.05169999999998
9110,3287.9952,136.9998,254.0333
9111,3287.1303,136.9637625,253.97879999999998
2283,3286.9102,136.95459166666666,273.4009
3717,3286.1588,136.92328333333333,184.9098
6538,3286.0172000000002,136.91738333333333,262.34029999999996
8565,3280.0956,136.67065,214.4891
558,3279.9798,136.665825,206.05249999999998
4583,3279.859,136.66079166666665,217.6839
6826,3278.1261,136.5885875,302.73380000000003
9728,3277.7084,136.57118333333332,219.12570000000002
658,3273.9884,136.41618333333335,205.4565
6093,3273.4712,136.39463333333333,199.4211
7396,3272.8543,136.36892916666667,192.28609999999998
934,3272.7731999999996,136.36554999999998,335.9004999999999
6120,3269.4312999999997,136.22630416666667,192.54469999999998
240,3266.1549,136.0897875,306.09540000000004
3599,3265.3892,136.05788333333334,181.79410000000001
9615,3264.4866,136.020275,189.0913
6434,3263.0544,135.9606,250.33910000000003
8802,3260.0796,135.83665,228.8911
1143,3257.4459,135.7269125,210.5301
9112,3257.137,135.71404166666667,220.6396
7395,3256.1033,135.67097083333334,189.6372
368,3254.2395,135.5933125,203.68670000000003
5693,3251.3873,135.47447083333333,265.0936
3270,3247.4722,135.31134166666666,182.47910000000002
2740,3247.2952999999998,135.30397083333332,184.12959999999998
9516,3244.9206,135.205025,192.726
452,3244.2617,135.17757083333333,185.4939
9616,3241.9023,135.0792625,187.2439
9212,3240.4851,135.02021249999999,220.69740000000002
560,3235.954,134.83141666666668,261.7634
6136,3235.1286,134.797025,237.3362
1941,3234.86,134.78583333333333,296.79249999999996
1571,3234.6538,134.77724166666667,214.10319999999996
3716,3233.6270000000004,134.73445833333335,182.8476
7401,3232.7309,134.69712083333334,173.4151
4885,3232.6159,134.69232916666667,197.08490000000003
9413,3232.3822,134.68259166666667,193.0116
551,3232.3817,134.68257083333333,184.7826
8018,3231.8898,134.662075,218.28560000000002
7495,3230.1477,134.5894875,188.0291
152,3229.1312,134.54713333333333,173.0009
2681,3228.1985,134.50827083333334,243.3635
2839,3226.6033,134.44180416666669,182.9468
9414,3226.265,134.42770833333333,195.7364
2942,3226.1587,134.42327916666667,182.7343
8525,3225.1819,134.38257916666666,207.25619999999998
2939,3224.9977,134.37490416666665,182.8151
7798,3223.5743,134.31559583333333,181.8759
6614,3223.1486,134.29785833333332,206.9645
2941,3221.9157999999998,134.24649166666666,182.68329999999997
2841,3221.9157999999998,134.24649166666666,182.68329999999997
2840,3221.9157999999998,134.24649166666666,182.68329999999997
2940,3221.9157999999998,134.24649166666666,182.68329999999997
9211,3221.7947,134.24144583333333,249.87480000000002
3041,3221.1414,134.214225,182.6103
1341,3220.3844,134.18268333333333,205.15529999999998
2741,3220.2628,134.17761666666667,182.4469
8681,3219.6185,134.15077083333333,207.5013
253,3219.2647,134.13602916666667,183.99790000000002
3689,3218.7686,134.11535833333332,248.68649999999997
3798,3218.0923,134.08717916666666,179.8926
2842,3216.5719999999997,134.02383333333333,181.91979999999998
4683,3214.0153,133.91730416666667,230.3025
7719,3212.9763,133.8740125,237.7035
3416,3211.8637,133.82765416666666,179.993
3415,3211.5014,133.81255833333333,179.9744
3615,3211.2455,133.80189583333333,179.63569999999999
1471,3207.7607,133.65669583333332,239.3353
3516,3207.0299,133.62624583333334,177.2059
3616,3206.7115,133.61297916666666,177.021
269,3202.1574,133.423225,197.6954
3166,3201.6742,133.40309166666665,187.61810000000003
3241,3201.4991,133.39579583333332,177.7617
7534,3200.6914,133.36214166666667,356.0941
3987,3199.4909,133.31212083333332,190.6904
3316,3199.1567,133.29819583333332,179.3271
7818,3195.9964,133.16651666666667,231.594
3170,3191.1707,132.96544583333335,176.7481
1973,3189.4218,132.892575,171.23430000000002
5992,3188.4875,132.85364583333333,208.12630000000001
3515,3188.0843999999997,132.83685,182.62009999999998
9331,3186.8555,132.78564583333335,225.1558
9310,3184.9157,132.70482083333334,245.0618
7533,3182.8236,132.61765,354.6464000000001
2742,3182.1428,132.58928333333333,179.41570000000002
545,3179.2311,132.4679625,254.539
3575,3175.3624,132.30676666666668,172.3913
549,3174.3581999999997,132.26492499999998,175.0176
7301,3174.33,132.26375,182.89819999999997
4892,3172.9308,132.20545,347.7541
3069,3171.2404,132.13501666666667,184.4096
1615,3166.9433,131.95597083333334,228.21149999999997
5593,3165.8043,131.9085125,272.1008
1438,3164.1573,131.8398875,236.0062
7231,3162.5131,131.77137916666666,220.85309999999998
3514,3160.1955,131.6748125,172.4795
7351,3152.4694,131.35289166666666,202.3662
7299,3150.27,131.26125,193.2305
1491,3148.2585,131.1774375,193.0199
5628,3145.9089,131.0795375,174.0414
5214,3145.8236,131.07598333333334,413.21
353,3145.6121,131.06717083333334,179.58939999999998
3049,3145.2001999999998,131.05000833333332,183.5648
6137,3143.3639,130.97349583333332,202.8693
8865,3140.4895,130.85372916666668,226.8771
3371,3139.8515,130.82714583333333,171.4543
5283,3137.1982,130.71659166666666,383.8034
6142,3134.6294,130.60955833333333,184.64550000000003
445,3131.9858999999997,130.49941249999998,274.5163
3372,3129.3289,130.38870416666666,170.6652
6514,3125.8605000000002,130.2441875,208.11390000000003
1160,3124.5606,130.190025,181.0673
2864,3122.9030000000002,130.12095833333333,186.9822
254,3119.6594,129.98580833333332,178.036
8202,3116.9279,129.87199583333333,204.7998
3473,3112.8469999999998,129.70195833333332,170.9042
8803,3112.8458,129.70190833333334,219.4259
4673,3109.558,129.56491666666668,165.6889
2519,3109.0824000000002,129.54510000000002,220.9479
1886,3108.2876,129.51198333333335,261.656
2819,3107.7128,129.48803333333333,219.6692
8434,3105.5192,129.39663333333334,203.1619
9313,3103.6961,129.32067083333334,189.34799999999998
3149,3102.801,129.283375,181.2174
8334,3101.9965,129.24985416666667,210.3103
3794,3101.7490000000003,129.23954166666667,221.58450000000002
154,3101.1675,129.2153125,174.01
8704,3101.1468999999997,129.21445416666666,202.8423
4092,3100.842,129.20175,168.0995
6527,3099.5445,129.1476875,219.36670000000004
1024,3096.6011,129.02504583333334,211.4608
2943,3095.3835,128.9743125,173.0878
6632,3094.4184,128.9341,226.0931
6532,3090.888,128.787,223.39530000000002
7400,3086.7693,128.6153875,204.4278
2434,3085.9907,128.58294583333333,199.02149999999997
5183,3078.0755,128.25314583333332,368.99270000000007
8630,3075.5512000000003,128.1479666666667,174.4793
7725,3075.4859,128.14524583333335,303.2626
2822,3071.9782,127.99909166666667,215.0062
2967,3071.617,127.98404166666667,183.5967
2774,3066.4634,127.76930833333334,194.1464
3070,3066.0899,127.75374583333333,166.6158
3588,3065.906,127.74608333333333,231.81799999999998
3641,3063.4123,127.64217916666666,168.72209999999998
3997,3062.9141999999997,127.62142499999999,163.8705
4097,3062.9141999999997,127.62142499999999,163.8705
4098,3062.9141999999997,127.62142499999999,163.8705
5083,3061.893,127.578875,253.1015
3996,3060.1115,127.50464583333333,163.73919999999998
4198,3059.7982,127.49159166666668,163.7258
4199,3059.3892,127.47455000000001,163.7068
3998,3058.8178,127.45074166666666,163.2251
5084,3058.4352,127.4348,291.0844
9442,3056.7001999999998,127.36250833333332,182.7167
4096,3055.8123,127.3255125,163.6157
1241,3055.4791999999998,127.31163333333332,197.9821
2136,3055.1034,127.295975,232.5773
7716,3052.9973,127.20822083333333,185.84300000000002
2563,3052.4623,127.18592916666667,188.9987
7615,3052.1963,127.17484583333334,185.7979
7616,3052.1963,127.17484583333334,185.7979
7515,3052.1963,127.17484583333334,185.7979
3077,3051.6985,127.15410416666667,179.1875
2619,3047.3932,126.97471666666667,218.21370000000002
4099,3047.3636,126.97348333333333,162.76340000000002
7308,3045.4858,126.89524166666666,205.6427
550,3044.321,126.84670833333332,170.09300000000002
268,3044.1565,126.83985416666667,186.9499
8703,3043.2505,126.80210416666667,215.09820000000002
4791,3041.9553,126.7481375,352.0222
6400,3041.3251,126.72187916666667,179.7462
666,3039.241,126.63504166666667,192.2024
2547,3036.7766,126.53235833333333,323.4517
3789,3033.1392,126.38080000000001,223.6482
8355,3028.8754,126.20314166666667,201.5313
8255,3028.8754,126.20314166666667,201.5313
858,3028.6217,126.19257083333333,183.942
5085,3028.3428,126.18095,323.3992
7496,3028.0047,126.1668625,177.69869999999997
168,3027.5897,126.14957083333333,185.691
2719,3027.1054,126.12939166666666,217.3143
3897,3026.7995,126.11664583333334,161.418
169,3026.77,126.11541666666666,185.64460000000003
2821,3022.3875,125.9328125,217.1051
2521,3022.3875,125.9328125,217.1051
2820,3022.3875,125.9328125,217.1051
2420,3022.3875,125.9328125,217.1051
2520,3022.3875,125.9328125,217.1051
2621,3022.3875,125.9328125,217.1051
2622,3022.3875,125.9328125,217.1051
2721,3022.3875,125.9328125,217.1051
2722,3022.3875,125.9328125,217.1051
2720,3022.3875,125.9328125,217.1051
2620,3022.3875,125.9328125,217.1051
656,3021.7504,125.90626666666667,195.48069999999998
7601,3021.6833,125.90347083333334,163.31799999999998
3414,3021.5082,125.89617500000001,169.75619999999998
7622,3020.2888,125.84536666666666,268.89910000000003
3896,3020.1675,125.8403125,161.86780000000002
2421,3018.4872,125.7703,216.8265
4496,3018.0648,125.7527,160.7544
4519,3018.058,125.75241666666666,172.9275
2618,3017.6298,125.734575,204.3801
657,3016.5965,125.69152083333334,195.1804
3271,3015.9768,125.6657,163.7483
8430,3012.4162,125.51734166666667,182.76549999999997
352,3012.1196999999997,125.50498749999998,171.5466
7500,3006.7724,125.28218333333332,201.4928
4197,3005.1910000000003,125.21629166666668,161.1923
8728,3003.569,125.14870833333333,158.4794
4200,3001.2359,125.05149583333333,165.3559
757,3000.3015,125.0125625,183.7648
4495,2999.6132,124.98388333333332,163.6755
8805,2999.1315,124.9638125,191.1445
7207,2998.278,124.92824999999999,233.1753
153,2996.1521,124.83967083333333,165.9775
3341,2993.7661,124.74025416666666,165.62410000000003
453,2989.0571,124.54404583333333,170.219
6019,2986.5908,124.44128333333333,194.28199999999998
9517,2983.695,124.320625,170.9359
6729,2983.0179,124.2924125,212.225
1914,2982.6982,124.27909166666666,172.81029999999998
6897,2982.2064,124.2586,240.3615
2843,2977.9461,124.08108750000001,167.7118
9739,2977.3887,124.0578625,216.27859999999998
5894,2977.0924999999997,124.04552083333333,227.89249999999998
5184,2968.987,123.70779166666667,363.85999999999996
1882,2968.0657,123.66940416666667,194.07699999999997
6135,2967.7781999999997,123.65742499999999,214.23329999999999
552,2966.4058,123.60024166666666,168.8633
7797,2963.5807,123.48252916666667,176.0628
2845,2959.0816,123.29506666666667,267.3147
451,2956.5858,123.191075,168.05200000000002
8102,2954.9132,123.12138333333333,190.7591
5723,2951.4676,122.97781666666667,321.7679
655,2948.9049,122.8710375,176.5367
643,2945.7383,122.73909583333334,216.5938
6904,2945.3878,122.72449166666667,217.36520000000002
7501,2942.536,122.60566666666666,160.18519999999995
68,2940.7914,122.53297500000001,180.2868
5429,2939.1204,122.46334999999999,172.5728
2435,2937.1861,122.38275416666666,217.51049999999998
2082,2934.6497,122.27707083333333,192.0936
2382,2934.068,122.25283333333334,210.66029999999998
300,2929.9375999999997,122.08073333333333,300.88669999999996
2366,2928.8343,122.0347625,180.5577
4292,2927.3799,121.97416249999999,161.87940000000003
6911,2927.3527,121.97302916666666,198.93900000000002
4100,2926.3574,121.93155833333333,154.7758
8425,2925.3827,121.89094583333333,161.0168
98,2924.6872,121.86196666666666,300.47290000000004
299,2924.188,121.84116666666667,300.4409
200,2923.7342,121.82225833333332,300.40680000000003
97,2923.6788,121.81995,300.40200000000004
196,2923.6788,121.81995,300.40200000000004
195,2923.6788,121.81995,300.40200000000004
198,2923.6788,121.81995,300.40200000000004
96,2923.6788,121.81995,300.40200000000004
94,2923.6788,121.81995,300.40200000000004
197,2923.6788,121.81995,300.40200000000004
296,2923.6788,121.81995,300.40200000000004
297,2923.6788,121.81995,300.40200000000004
199,2923.6788,121.81995,300.40200000000004
95,2923.6788,121.81995,300.40200000000004
298,2923.6788,121.81995,300.40200000000004
99,2923.6788,121.81995,300.40200000000004
100,2923.3926,121.808025,300.3851
252,2922.318,121.76325000000001,161.5457
7252,2921.2216,121.71756666666666,191.95839999999998
8767,2915.2996,121.47081666666666,239.1098
2522,2909.8479,121.24366250000001,209.6251
4193,2909.6659,121.23607916666667,159.1758
3400,2909.1386,121.21410833333334,165.71720000000002
6236,2909.0944,121.21226666666666,221.79089999999997
354,2908.3219,121.18007916666666,165.3868
6040,2903.3608,120.97336666666666,218.3233
3900,2901.7511,120.90629583333333,162.7935
3785,2899.4903,120.81209583333333,188.3986
7415,2898.759,120.781625,216.1642
4394,2898.0522,120.75217500000001,161.83749999999998
871,2897.629,120.73454166666666,202.0048
7087,2894.4986,120.60410833333333,186.68309999999997
2805,2893.9836,120.58265,176.48359999999997
3799,2888.9491,120.37287916666666,162.16870000000003
6315,2888.6692000000003,120.36121666666668,186.0781
652,2888.6373,120.3598875,164.7956
653,2884.2375,120.1765625,164.3527
654,2881.6376999999998,120.0682375,164.0915
4475,2880.596,120.02483333333333,193.85909999999998
7595,2879.5486,119.98119166666667,171.4075
6999,2876.6847,119.86186249999999,191.0224
8903,2874.2583,119.7607625,203.80719999999997
255,2874.2504,119.76043333333332,163.3475
455,2874.2504,119.76043333333332,163.3475
554,2874.2504,119.76043333333332,163.3475
553,2874.2504,119.76043333333332,163.3475
454,2874.2504,119.76043333333332,163.3475
355,2874.2504,119.76043333333332,163.3475
5694,2872.3233,119.6801375,224.6058
899,2870.1848,119.59103333333333,296.7975
7599,2869.0379,119.54324583333333,171.0362
1715,2868.3178,119.51324166666666,167.2754
397,2867.9235,119.49681249999999,292.0002
4318,2867.4017,119.47507083333333,163.7052
6925,2866.6164,119.44234999999999,236.4236
7498,2865.8065,119.40860416666668,171.3584
396,2865.7336,119.40556666666667,293.4315
1541,2865.4628,119.39428333333332,262.3349
7499,2864.8246,119.36769166666666,174.44219999999996
155,2862.5521,119.27300416666667,162.4311
2140,2862.274,119.26141666666666,179.78400000000002
3278,2860.9275,119.20531249999999,175.47189999999998
9436,2859.8063,119.15859583333334,178.77660000000003
2750,2858.112,119.08800000000001,163.0265
3071,2858.0771,119.08654583333333,158.8223
2971,2858.0771,119.08654583333333,158.8223
2419,2857.8725,119.07802083333333,197.6127
3918,2857.0728,119.04469999999999,162.77540000000002
7697,2856.303,119.012625,169.75850000000003
7918,2855.8909,118.99545416666666,189.22549999999998
3171,2854.0672,118.91946666666666,158.17
8627,2851.9669,118.83195416666666,155.59709999999998
3895,2849.3721,118.7238375,153.7671
580,2848.2788,118.67828333333334,164.79940000000002
7598,2848.0446,118.668525,169.6511
2972,2847.7855,118.65772916666667,158.8693
3072,2847.7855,118.65772916666667,158.8693
2973,2847.7855,118.65772916666667,158.8693
3074,2847.7855,118.65772916666667,158.8693
3073,2847.7855,118.65772916666667,158.8693
4196,2846.8461,118.6185875,153.7032
3999,2844.3409,118.51420416666667,152.0888
4774,2841.5656,118.39856666666667,151.54680000000002
9579,2841.5103,118.39626249999999,232.439
9580,2841.5103,118.39626249999999,232.439
9680,2841.5103,118.39626249999999,232.439
6235,2841.4286,118.39285833333334,218.5539
2966,2838.5887,118.27452916666665,168.213
3075,2836.0543000000002,118.16892916666667,157.6901
3272,2836.0496,118.16873333333332,155.0349
556,2835.4065,118.1419375,186.71620000000001
371,2835.1974999999998,118.13322916666665,167.95530000000002
9187,2834.7136,118.11306666666667,191.05349999999999
5902,2827.3467,117.8061125,178.7037
4095,2826.8926,117.78719166666667,152.9368
2872,2825.7835999999998,117.74098333333332,157.7552
557,2824.8867999999998,117.70361666666666,187.5113
3618,2823.9226,117.66344166666666,160.59369999999998
7497,2823.3799,117.64082916666666,168.17520000000002
3600,2822.5191,117.6049625,157.72270000000003
271,2822.2729,117.59470416666666,169.8173
3172,2820.8873,117.53697083333333,155.5617
2647,2818.7938,117.44974166666667,293.7938
170,2816.7268,117.36361666666666,170.50730000000001
345,2816.7075,117.3628125,250.5665
3273,2816.4002,117.35000833333334,154.7223
7596,2815.0122,117.292175,167.8473
1436,2814.6557,117.27732083333332,268.6558
8501,2814.0301,117.25125416666667,207.46049999999997
3894,2813.2559,117.21899583333334,151.1216
7698,2812.0522,117.16884166666667,167.1033
2206,2811.5235000000002,117.14681250000001,171.95479999999998
8024,2811.487,117.14529166666667,349.27219999999994
7696,2811.4527,117.1438625,167.0814
4598,2810.2705,117.09460416666667,171.8793
4474,2810.1953000000003,117.09147083333335,201.1389
4194,2810.1388,117.08911666666667,152.75750000000002
2604,2809.4813,117.06172083333333,172.4627
3173,2808.5705,117.02377083333333,154.047
4298,2808.1063,117.00442916666667,152.04850000000002
2605,2807.7305,116.98877083333333,172.37310000000002
4299,2807.3894,116.97455833333333,152.0152
3124,2806.8534,116.952225,270.4433
1145,2805.7838,116.90765833333334,180.9221
1916,2804.221,116.84254166666666,162.8002
3694,2803.6586,116.81910833333335,195.6878
2704,2803.4966,116.81235833333334,170.71169999999998
4094,2802.5672,116.77363333333334,151.9872
3898,2799.0995,116.62914583333333,151.6035
6797,2798.337,116.597375,248.713
6799,2798.337,116.597375,248.713
6798,2798.337,116.597375,248.713
6898,2798.337,116.597375,248.713
6899,2798.337,116.597375,248.713
2085,2797.7688,116.57369999999999,220.5582
3174,2797.6648,116.56936666666667,152.7278
3177,2796.709,116.52954166666666,152.4654
9412,2796.365,116.51520833333332,163.3044
4195,2796.0849,116.5035375,151.5728
3994,2795.7854,116.49105833333334,151.2461
3175,2795.7232,116.48846666666667,152.4672
1975,2794.6485000000002,116.44368750000001,184.64770000000001
3474,2794.561,116.44004166666667,152.3087
3176,2794.2897,116.4287375,152.2909
3477,2794.2897,116.4287375,152.2909
3476,2794.2897,116.4287375,152.2909
3276,2794.2897,116.4287375,152.2909
3478,2794.2897,116.4287375,152.2909
3475,2794.2897,116.4287375,152.2909
3576,2794.2897,116.4287375,152.2909
3378,2794.2897,116.4287375,152.2909
3277,2794.2897,116.4287375,152.2909
3376,2794.2897,116.4287375,152.2909
3275,2794.2897,116.4287375,152.2909
3377,2794.2897,116.4287375,152.2909
3375,2794.2897,116.4287375,152.2909
1384,2793.5748,116.39895,210.4447
4784,2793.1391,116.38079583333332,177.4735
3374,2793.1072,116.37946666666666,152.2021
976,2793.0898,116.37874166666667,180.2858
2265,2792.7453,116.3643875,160.7719
3274,2791.9853,116.33272083333333,152.1707
3995,2791.1548,116.29811666666666,151.1389
555,2788.6334,116.19305833333334,158.80020000000002
2706,2788.5134,116.18805833333333,170.48960000000002
2405,2788.5134,116.18805833333333,170.48960000000002
2606,2788.5134,116.18805833333333,170.48960000000002
2607,2788.5134,116.18805833333333,170.48960000000002
2506,2788.5134,116.18805833333333,170.48960000000002
2505,2788.0759,116.16982916666666,170.47110000000004
2306,2787.314,116.13808333333333,170.8872
6237,2787.2511999999997,116.13546666666666,214.03359999999998
457,2786.63,116.10958333333333,185.92999999999998
2915,2786.5682,116.10700833333334,179.9824
2081,2786.1525,116.08968750000001,192.359
4296,2786.0808,116.08670000000001,151.0577
6517,2785.7875,116.07447916666666,190.1565
2406,2784.7976,116.03323333333333,170.4738
2305,2784.5844,116.02435000000001,170.6544
2814,2782.4634,115.935975,179.49690000000004
4498,2781.967,115.91529166666668,150.70010000000002
2974,2781.8874,115.911975,153.2425
2813,2781.7066,115.90444166666667,179.40730000000002
2914,2781.1261,115.88025416666666,179.5831
8302,2780.6382,115.85992499999999,180.63240000000002
8904,2777.4221000000002,115.72592083333335,196.43990000000002
2463,2777.167,115.71529166666666,181.83759999999998
6987,2774.5139,115.60474583333333,179.07580000000002
4497,2774.491,115.60379166666667,150.489
4297,2774.491,115.60379166666667,150.489
4398,2774.491,115.60379166666667,150.489
4397,2774.491,115.60379166666667,150.489
4396,2774.4769,115.60320416666667,150.48810000000003
6341,2771.9865,115.4994375,201.63969999999998
356,2771.9088,115.4962,171.4022
7597,2771.8513000000003,115.49380416666668,164.9431
4399,2771.6129,115.48387083333334,151.6024
1234,2770.3321,115.43050416666667,258.3342
456,2769.6499,115.40207916666667,178.7078
3076,2766.9395,115.28914583333334,151.25979999999998
2205,2766.1708,115.25711666666666,169.83230000000003
470,2765.7318,115.238825,168.11320000000003
398,2765.1113,115.21297083333333,276.14939999999996
735,2763.7729,115.15720416666666,282.3175
6498,2763.1761,115.1323375,181.6961
3899,2763.1751,115.13229583333333,155.6918
4000,2763.1751,115.13229583333333,155.6918
1946,2763.0434,115.12680833333333,235.5129
2464,2761.8997,115.07915416666667,181.20260000000002
2879,2761.8082,115.07534166666666,180.1384
4191,2761.7747,115.07394583333333,159.43630000000002
4295,2761.5646,115.06519166666668,149.4976
2970,2760.7186,115.02994166666667,150.9101
2873,2760.4646,115.01935833333333,151.4132
6036,2759.8855,114.99522916666666,194.60590000000002
7111,2758.6346000000003,114.94310833333334,196.4584
4293,2757.2665,114.88610416666667,151.005
2815,2756.6709,114.8612875,177.40540000000001
2207,2755.3158,114.804825,169.0858
4395,2754.8653,114.78605416666666,149.6902
2307,2754.7713,114.78213749999999,169.0628
1242,2754.4332,114.76805,179.2195
5825,2752.5069,114.6877875,164.996
7819,2751.2461,114.63525416666666,190.5892
2364,2751.2391000000002,114.63496250000001,180.7593
2363,2751.2391000000002,114.63496250000001,180.7593
2465,2751.2391000000002,114.63496250000001,180.7593
2263,2750.4663,114.6027625,179.16039999999998
2504,2750.3008,114.59586666666667,168.16830000000002
2968,2749.11,114.54625,162.3059
5695,2748.1965,114.5081875,214.1932
7720,2747.4144,114.4756,213.851
2137,2747.0016,114.4584,188.88699999999997
2365,2745.4752,114.39479999999999,178.3185
4590,2745.0816,114.3784,197.65800000000002
1144,2744.756,114.36483333333332,178.71559999999997
7452,2743.6455,114.3185625,174.7159
2036,2742.8655,114.2860625,188.5289
2262,2742.0086,114.25035833333334,179.9682
2507,2740.8726,114.20302500000001,167.57819999999998
2743,2737.2451,114.05187916666667,166.0311
2037,2736.9201,114.0383375,188.68599999999998
4192,2735.7255,113.9885625,151.25649999999996
5383,2735.5091,113.97954583333335,324.25849999999997
1698,2735.2352,113.96813333333334,197.89299999999997
2707,2734.6592,113.94413333333334,167.6202
1739,2733.5280000000002,113.897,188.56980000000001
1738,2733.393,113.891375,188.57170000000002
1839,2733.393,113.891375,188.57170000000002
1838,2733.393,113.891375,188.57170000000002
1737,2733.393,113.891375,188.57170000000002
1937,2733.393,113.891375,188.57170000000002
1837,2733.393,113.891375,188.57170000000002
1938,2733.1868,113.88278333333334,188.52460000000002
1638,2733.0153,113.8756375,188.5016
7316,2732.729,113.86370833333332,229.4932
2038,2732.628,113.85950000000001,188.3966
1939,2732.4555,113.8523125,188.4383
2039,2732.2670000000003,113.84445833333335,188.3739
2138,2731.8706,113.82794166666667,188.34910000000002
2139,2731.2466,113.80194166666666,188.3101
7398,2730.7677,113.7819875,170.74089999999998
3490,2730.3761,113.76567083333333,150.7937
8329,2726.85,113.61874999999999,157.22719999999998
1940,2726.0443,113.58517916666666,188.0147
2183,2724.6839,113.52849583333334,241.5394
2264,2724.1901,113.50792083333333,163.4291
2058,2723.2542,113.468925,200.5327
8804,2722.8693,113.45288749999999,194.3846
3586,2721.2855,113.38689583333333,171.7485
2679,2721.2753,113.38647083333332,204.88439999999997
3125,2715.6268,113.15111666666667,267.92229999999995
1840,2715.0259,113.12607916666667,187.5496
3783,2710.1625999999997,112.92344166666665,205.3396
9912,2709.9918000000002,112.91632500000001,213.3877
4093,2708.1077,112.83782083333334,147.5787
2466,2707.774,112.82391666666666,175.1942
2320,2707.7075,112.82114583333333,191.306
6912,2705.5912,112.73296666666666,197.8141
2016,2698.1664,112.42360000000001,164.4006
6440,2697.6767,112.40319583333333,195.674
6439,2694.8205,112.28418749999999,195.61950000000002
4789,2694.6265,112.27610416666666,214.66570000000002
1936,2693.9303,112.24709583333333,186.4695
6310,2693.6293,112.23455416666667,150.3474
764,2690.8447,112.11852916666668,203.23899999999998
2678,2689.813,112.07554166666667,188.2874
962,2689.5768000000003,112.0657,161.93290000000002
1162,2689.5768000000003,112.0657,161.93290000000002
1161,2689.5768000000003,112.0657,161.93290000000002
6438,2689.46,112.06083333333333,192.0614
7221,2688.4132,112.01721666666667,340.3156
3889,2687.623,111.98429166666666,173.15669999999997
2844,2687.0174,111.95905833333335,176.929
3068,2686.717,111.94654166666668,158.9467
2878,2686.7117,111.94632083333333,184.701
2804,2685.8186,111.90910833333334,163.88850000000002
2863,2682.5960999999998,111.77483749999999,157.915
2778,2681.9578,111.74824166666667,186.1649
4300,2681.3261,111.72192083333334,154.8517
2165,2680.6293,111.6928875,150.1175
2166,2680.6142,111.69225833333333,150.1175
5936,2679.7943999999998,111.65809999999999,182.1783
3784,2679.7388,111.65578333333333,191.8782
2107,2678.535,111.60562499999999,163.91430000000003
6092,2678.4059,111.60024583333335,172.3734
1859,2677.1176,111.54656666666666,226.2425
6805,2672.6445,111.3601875,197.61989999999997
8765,2670.8582,111.28575833333333,167.9546
1062,2670.6661,111.27775416666667,160.89260000000002
2975,2670.1495,111.25622916666667,174.91099999999997
4818,2669.4962,111.22900833333334,175.5472
2080,2664.914,111.03808333333335,171.36589999999998
1637,2664.373,111.01554166666666,184.8948
8766,2663.4094999999998,110.97539583333332,173.171
4019,2662.9339999999997,110.95558333333332,207.53209999999999
2874,2661.7738,110.90724166666666,178.34549999999996
7313,2660.8486,110.86869166666666,170.5762
6037,2660.6276000000003,110.85948333333334,179.2561
2977,2658.0183,110.75076250000001,183.1681
8665,2657.3504,110.72293333333333,189.2289
5790,2656.9403,110.70584583333334,186.8709
2976,2654.017,110.58404166666666,182.70389999999998
2777,2651.8611,110.4942125,182.40949999999998
1344,2650.7178,110.446575,172.30180000000001
2849,2648.9642,110.37350833333333,175.3158
7220,2641.7865,110.0744375,296.2133
6518,2641.7533,110.07305416666667,243.20909999999998
295,2640.8633,110.03597083333334,266.3804
5438,2638.1038,109.92099166666667,232.39690000000002
6435,2638.0998,109.920825,209.5185
9429,2637.0803,109.87834583333334,172.3087
3445,2636.7877,109.86615416666666,140.3836
861,2636.4864,109.85359999999999,168.4067
458,2635.34,109.80583333333334,168.25480000000002
6437,2635.0712,109.79463333333332,195.7033
2776,2634.6567,109.7773625,181.95489999999998
8666,2634.0517,109.75215416666667,187.4561
7108,2633.7262,109.73859166666666,208.72860000000003
6339,2632.5327,109.68886250000001,207.2972
1245,2631.3983,109.64159583333333,171.602
2806,2631.2999,109.63749583333333,162.1129
1343,2630.241,109.593375,171.4794
1342,2630.241,109.593375,171.4794
1243,2630.241,109.593375,171.4794
3500,2630.0452999999998,109.58522083333332,147.54219999999998
1244,2629.5038,109.56265833333333,171.4527
2167,2626.5428,109.43928333333334,145.44
6340,2625.7044,109.40435000000001,203.1532
3594,2623.357,109.30654166666666,162.6229
1565,2621.5022,109.22925833333333,159.763
2876,2620.4384999999997,109.18493749999999,182.6914
5538,2619.5472,109.1478,165.098
2875,2618.6933,109.11222083333332,181.54829999999998
4986,2617.8329,109.07637083333333,283.62669999999997
4190,2617.7256,109.07190000000001,146.4723
5940,2617.6163,109.06734583333333,177.1223
2677,2617.0186,109.04244166666666,176.831
1980,2616.6318,109.026325,190.73119999999997
6990,2616.3834,109.01597500000001,165.1828
6338,2615.6882,108.98700833333334,180.5575
1978,2615.5694,108.98205833333333,206.5146
6436,2614.6567,108.94402916666667,208.2713
6399,2614.5938,108.94140833333334,166.72830000000002
3224,2614.1947,108.92477916666667,259.0693
3887,2613.4021,108.89175416666666,178.06779999999998
7210,2611.8872,108.82863333333334,190.12529999999998
4792,2609.5163000000002,108.72984583333334,317.5212
1061,2609.159,108.71495833333334,157.4605
7399,2608.4317,108.68465416666668,166.2434
6888,2607.6515,108.65214583333334,167.8818
3787,2606.7327999999998,108.61386666666665,178.7765
2567,2606.4636,108.60265,161.9939
1979,2605.855,108.57729166666667,206.1376
6301,2605.0112,108.54213333333333,164.47560000000004
5733,2604.042,108.50175,153.79059999999998
8700,2603.4151,108.47562916666668,282.6304
8530,2601.032,108.37633333333333,151.45960000000002
7300,2600.4033,108.3501375,166.69
8428,2600.3257,108.34690416666666,152.58010000000002
3519,2600.2615,108.34422916666666,147.17680000000001
6336,2599.9072,108.32946666666668,206.9998
6337,2599.9072,108.32946666666668,206.9998
8628,2599.8738,108.328075,149.8758
5516,2599.203,108.300125,142.32659999999998
6334,2598.9704,108.29043333333334,206.86790000000002
1699,2597.7944,108.24143333333335,171.25920000000002
6335,2596.9101,108.2045875,206.5892
469,2593.4064,108.0586,158.5469
1981,2591.4642,107.97767499999999,150.731
5904,2591.2514,107.96880833333334,154.52130000000002
6041,2591.08,107.96166666666666,162.97660000000002
4294,2586.8325,107.7846875,140.7908
8527,2585.5786,107.73244166666666,150.0958
2877,2584.304,107.67933333333333,181.8434
862,2581.8418,107.57674166666668,151.37
8429,2581.4491,107.56037916666666,151.3512
2779,2581.1086,107.54619166666667,187.3019
2356,2580.9019,107.53757916666666,196.0856
2762,2579.9407,107.49752916666667,153.6792
8201,2579.6056,107.48356666666666,166.77100000000002
9717,2579.5729,107.48220416666668,140.934
3126,2578.8747,107.45311249999999,187.5437
2181,2577.1953,107.38313749999999,194.5109
4491,2577.0936,107.3789,157.1636
4999,2577.0307,107.37627916666666,177.8084
2580,2576.1396999999997,107.33915416666666,193.35
4418,2576.1049,107.33770416666665,145.8735
996,2575.7689,107.32370416666667,277.84749999999997
7532,2573.099,107.21245833333334,311.4907
8528,2572.399,107.18329166666666,150.7285
3686,2569.0101,107.0420875,186.861
2508,2568.8369000000002,107.03487083333334,157.7198
6138,2568.7398,107.030825,222.9939
6618,2568.0445,107.00185416666666,240.1854
6619,2568.0445,107.00185416666666,240.1854
6520,2568.0445,107.00185416666666,240.1854
6620,2568.0445,107.00185416666666,240.1854
6519,2568.0445,107.00185416666666,240.1854
2473,2567.6799,106.98666250000001,146.6355
3042,2567.5909,106.98295416666667,138.5024
2775,2565.3857,106.89107083333333,171.4103
8529,2565.1153,106.87980416666666,150.2702
2812,2564.8411,106.86837916666667,162.02120000000002
1880,2562.0899,106.75374583333333,201.8705
9306,2561.2727,106.71969583333333,153.564
7929,2560.8431,106.70179583333334,172.7253
7217,2559.2305,106.63460416666668,178.6018
156,2556.2649,106.5110375,137.7536
3687,2555.7318999999998,106.48882916666666,175.7888
4393,2554.734,106.44725,141.995
8129,2554.1198999999997,106.42166249999998,168.4842
3800,2553.8874,106.411975,143.6663
2705,2553.8152,106.40896666666667,155.74040000000002
2949,2553.7984,106.40826666666668,175.5198
8629,2553.2197,106.38415416666668,149.4407
6242,2551.5382,106.31409166666667,153.3397
9309,2551.391,106.30795833333333,190.1116
444,2549.055,106.210625,248.3493
2871,2547.1201,106.13000416666667,143.6094
3700,2546.6621,106.11092083333334,142.5077
7148,2546.2984,106.09576666666668,205.4982
2608,2545.7903,106.07459583333333,157.77870000000001
4576,2545.0747,106.04477916666667,201.519
2157,2544.89,106.03708333333333,191.7666
665,2542.1512,105.92296666666665,194.94779999999997
3816,2541.677,105.90320833333334,148.4046
9503,2539.0135999999998,105.79223333333333,148.343
7219,2538.0562,105.75234166666667,200.6065
4793,2536.862,105.70258333333334,296.4367
9307,2534.9213,105.62172083333333,153.7054
6238,2534.292,105.5955,207.68159999999997
9479,2532.9269,105.53862083333333,210.0428
256,2527.2046,105.30019166666666,142.2924
2680,2526.8255,105.28439583333333,182.3805
1977,2526.5068,105.27111666666667,198.85430000000002
3921,2526.1721000000002,105.25717083333335,182.08300000000003
3441,2524.0929,105.17053750000001,137.52339999999998
7031,2523.0464,105.12693333333334,169.247
2747,2521.7395,105.07247916666667,236.9234
3063,2520.3437,105.01432083333333,149.7769
2963,2520.3437,105.01432083333333,149.7769
3065,2520.3437,105.01432083333333,149.7769
3064,2520.3437,105.01432083333333,149.7769
2964,2520.3437,105.01432083333333,149.7769
3067,2520.3437,105.01432083333333,149.7769
2965,2520.3437,105.01432083333333,149.7769
3066,2520.3437,105.01432083333333,149.7769
1879,2512.4393999999998,104.684975,204.51839999999999
2862,2510.8518,104.618825,149.09199999999998
6141,2510.0941000000003,104.58725416666668,189.8212
2924,2509.8222,104.575925,263.7456
6140,2507.5171,104.47987916666666,226.02209999999997
2550,2507.382,104.47425,140.9086
7008,2505.9913,104.41630416666668,193.7406
6203,2505.4289,104.39287083333333,149.3389
357,2505.2462,104.38525833333334,161.2571
7149,2505.1772,104.38238333333334,476.1686
2969,2505.0669,104.3777875,147.8504
3718,2504.7845,104.36602083333334,147.2847
7218,2504.3012,104.34588333333333,176.02779999999998
8581,2502.7867,104.28277916666667,201.9948
8225,2501.5201,104.23000416666667,142.5038
2407,2500.979,104.20745833333332,153.21939999999998
9514,2499.0333,104.1263875,147.15030000000002
9813,2497.907,104.07945833333333,196.46419999999998
8301,2497.6297,104.06790416666666,161.1877
971,2495.1813,103.96588750000001,186.7884
5702,2495.1495999999997,103.96456666666666,148.4306
4392,2494.7291,103.94704583333333,144.642
2715,2492.7837,103.8659875,156.5445
3688,2491.9369,103.83070416666668,159.5425
1875,2491.0267,103.79277916666666,206.53170000000003
5812,2490.5919,103.77466249999999,133.47140000000002
6719,2490.4044,103.76684999999999,231.265
4597,2485.7548,103.57311666666668,134.012
2781,2485.2831,103.55346250000001,162.289
6139,2485.2342,103.551425,226.4562
6240,2485.2342,103.551425,226.4562
6239,2485.2342,103.551425,226.4562
1836,2485.0987999999998,103.54578333333332,175.34369999999998
6420,2482.5939,103.4414125,168.59500000000003
2335,2482.4040999999997,103.43350416666665,234.6154
6726,2482.3622,103.43175833333333,204.6613
5791,2479.5052,103.31271666666667,174.356
7117,2479.1998,103.29999166666666,174.63649999999996
2827,2477.8051,103.24187916666666,203.9081
6720,2476.0701,103.16958749999999,229.38679999999997
7432,2471.9175999999998,102.99656666666665,298.6562
1878,2470.6882,102.94534166666666,203.88459999999998
6241,2468.5722,102.857175,213.0067
1982,2465.7467,102.73944583333333,163.28730000000002
69,2462.1481,102.58950416666666,144.6433
5292,2462.13,102.58875,199.6415
2714,2460.9578,102.53990833333334,156.535
4291,2459.7059,102.48774583333334,141.01709999999997
6039,2459.3685,102.4736875,217.5548
1772,2459.3314,102.47214166666667,150.3159
2913,2457.7400000000002,102.40583333333335,155.73200000000003
1881,2456.3505,102.3479375,160.09600000000003
7820,2455.8376,102.32656666666666,178.6677
961,2455.0131,102.2922125,149.8731
1674,2455.0036999999998,102.29182083333332,184.7308
7352,2454.6768,102.27820000000001,177.6207
4691,2453.2263,102.21776249999999,292.9235
2807,2450.1653,102.09022083333333,152.4617
1877,2446.2424,101.92676666666667,203.15
1815,2445.7838,101.90765833333334,148.4001
1915,2445.7838,101.90765833333334,148.4001
3788,2445.1711999999998,101.88213333333333,169.43269999999998
1271,2445.1503000000002,101.8812625,210.53660000000002
5903,2444.4912,101.85379999999999,143.4128
2182,2443.6348,101.81811666666665,245.4538
4391,2443.2593,101.80247083333335,139.84969999999998
2708,2441.165,101.71520833333334,151.9823
1669,2440.9663,101.70692916666667,150.3567
6910,2440.8503,101.70209583333333,181.0567
2362,2440.6937000000003,101.69557083333335,159.77640000000002
3715,2438.9351,101.62229583333334,146.9425
2713,2438.8184,101.61743333333334,151.5525
2075,2438.2143,101.5922625,131.95260000000002
3722,2438.2082,101.59200833333334,157.4676
1872,2437.1944000000003,101.54976666666668,148.528
5188,2435.6267,101.48444583333333,154.87619999999998
6421,2433.1585,101.38160416666666,156.5819
9539,2432.9216,101.37173333333334,134.1022
5941,2432.642,101.36008333333332,155.1556
3818,2432.2275,101.3428125,143.82150000000001
4987,2430.6835,101.27847916666667,202.18200000000002
6321,2430.4545,101.26893749999999,158.269
6221,2430.4545,101.26893749999999,158.269
6320,2430.4545,101.26893749999999,158.269
6322,2430.4545,101.26893749999999,158.269
3822,2430.2122,101.25884166666667,142.40009999999998
2171,2428.7731,101.19887916666666,133.7542
3248,2427.1692,101.13204999999999,176.4932
3247,2427.1692,101.13204999999999,176.4932
1871,2426.3852,101.09938333333334,148.8649
6929,2426.1336,101.08890000000001,164.91049999999998
1775,2425.0443,101.0435125,205.1698
1675,2425.0443,101.0435125,205.1698
1876,2424.6038,101.02515833333332,202.05980000000002
3315,2423.2576,100.96906666666666,138.5612
664,2422.8699,100.95291250000001,181.476
6414,2421.9095,100.91289583333334,151.4955
2846,2420.8049,100.86687083333334,186.49880000000002
6408,2418.2191000000003,100.75912916666668,166.9754
6508,2417.6073,100.7336375,166.6402
6308,2417.6073,100.7336375,166.6402
6207,2417.6073,100.7336375,166.6402
6206,2417.6073,100.7336375,166.6402
6307,2417.6073,100.7336375,166.6402
6306,2415.8251999999998,100.65938333333332,166.4672
6699,2414.8257,100.61773749999999,137.2646
1673,2412.8291,100.53454583333333,147.7319
6234,2411.9392000000003,100.49746666666668,190.1995
1335,2411.7486,100.489525,220.3799
6208,2408.4951,100.35396250000001,161.1818
5086,2408.2712,100.34463333333333,271.5902
6004,2407.161,100.29837500000001,141.319
2235,2407.1275,100.29697916666667,232.0532
2282,2406.464,100.26933333333334,254.488
1639,2405.5909,100.23295416666667,171.42719999999997
2905,2405.3427,100.22261250000001,142.9744
2808,2403.59,100.14958333333334,149.9172
5724,2401.7612,100.07338333333333,293.4874
1672,2399.7873,99.9911375,145.6876
1971,2399.5423,99.98092916666667,145.5585
5197,2399.1573,99.96488749999999,168.8737
2709,2397.0632,99.87763333333334,149.96880000000002
2079,2396.8385,99.86827083333333,184.6589
6407,2396.4079,99.85032916666667,164.701
399,2393.4159,99.7256625,223.49899999999997
1773,2390.8874,99.62030833333334,144.6746
1676,2389.666,99.56941666666667,202.6998
1678,2389.666,99.56941666666667,202.6998
1677,2389.666,99.56941666666667,202.6998
1477,2389.666,99.56941666666667,202.6998
1576,2389.666,99.56941666666667,202.6998
1578,2389.666,99.56941666666667,202.6998
1577,2389.666,99.56941666666667,202.6998
1776,2389.666,99.56941666666667,202.6998
1777,2388.8972,99.53738333333332,202.66989999999998
8664,2387.9309,99.49712083333333,148.3761
4808,2386.9662,99.456925,132.9517
4591,2386.1957,99.42482083333334,213.75580000000002
372,2385.0075,99.3753125,167.723
536,2384.2644,99.34435,224.99290000000002
1774,2383.754,99.32308333333333,173.4603
2040,2383.5822000000003,99.31592500000001,164.3489
1779,2382.7888,99.28286666666666,202.4327
1060,2382.7335,99.28056249999999,146.1888
7397,2381.8725,99.2446875,144.8779
1778,2381.0699999999997,99.21124999999999,202.366
2066,2380.4957,99.18732083333333,133.6244
1780,2380.3636,99.18181666666668,202.3
863,2379.9045,99.1626875,145.6069
2078,2376.6199,99.02582916666667,181.79989999999998
1771,2371.0632,98.7943,146.4287
6309,2370.8206999999998,98.78419583333333,138.7507
6714,2370.4989,98.7707875,145.0467
5638,2370.0487,98.75202916666666,143.4951
50,2369.5683,98.7320125,129.6877
7215,2368.3959,98.6831625,197.9726
7315,2368.3959,98.6831625,197.9726
7216,2367.6269,98.65112083333334,195.5093
565,2366.0110999999997,98.58379583333333,162.4792
2408,2364.7425,98.5309375,144.86970000000002
2609,2362.6029,98.44178749999999,147.5214
7115,2360.3916999999997,98.34965416666665,197.35089999999997
2135,2359.6137,98.31723749999999,229.59109999999998
7924,2359.563,98.31512500000001,300.90959999999995
2472,2357.3942,98.22475833333334,132.40980000000002
3587,2355.9753,98.1656375,164.1871
5696,2355.4728,98.1447,178.48449999999997
4612,2355.2631,98.1359625,131.71310000000003
4511,2355.2631,98.1359625,131.71310000000003
4513,2355.2631,98.1359625,131.71310000000003
4313,2355.2631,98.1359625,131.71310000000003
4312,2355.2631,98.1359625,131.71310000000003
343,2355.052,98.12716666666667,229.37109999999998
4611,2354.8702000000003,98.11959166666668,131.68630000000002
1679,2354.8351000000002,98.11812916666668,199.1801
4411,2354.1471,98.08946250000001,131.66680000000002
4512,2354.0583,98.0857625,131.66310000000001
4311,2353.8298,98.07624166666666,131.6536
2907,2353.6384,98.06826666666666,146.6727
7208,2353.3151,98.05479583333333,190.59049999999996
4711,2352.6417,98.02673750000001,131.60320000000002
4412,2351.6449000000002,97.98520416666668,131.5627
4413,2351.6449000000002,97.98520416666668,131.5627
3614,2350.2869,97.92862083333334,149.1009
2509,2348.5563,97.85651250000001,146.0597
2308,2347.9665,97.8319375,144.169
9513,2347.5682,97.81534166666667,143.5052
4707,2344.4923,97.68717916666667,130.7077
9941,2344.4288,97.68453333333333,163.0735
1476,2343.5665,97.64860416666666,195.91209999999998
5741,2342.4831,97.60346249999999,194.7019
5185,2340.8232,97.53429999999999,317.2743
2945,2339.8913,97.49547083333333,173.61759999999998
2870,2338.6058000000003,97.44190833333334,132.22140000000002
4410,2337.4375,97.39322916666667,130.97260000000003
8427,2337.4139,97.39224583333333,137.0706
6829,2337.1032999999998,97.37930416666666,144.8379
2962,2335.4393,97.30997083333334,138.16209999999998
4710,2334.2416,97.26006666666666,130.2806
6909,2333.0591,97.21079583333334,173.9176
4499,2330.7396,97.11415,135.9809
2175,2330.1181,97.08825416666667,126.773
1670,2329.9514,97.08130833333333,144.54659999999998
1573,2329.4723,97.06134583333333,188.4355
2334,2329.0102,97.04209166666668,228.0334
9188,2326.3399,96.93082916666667,156.25349999999997
2946,2323.2727,96.80302916666666,172.846
3146,2322.8583,96.78576249999999,172.8274
2948,2322.8373,96.78488750000001,172.8258
2947,2322.8373,96.78488750000001,172.8258
3147,2322.8373,96.78488750000001,172.8258
3148,2322.8373,96.78488750000001,172.8258
3048,2322.8373,96.78488750000001,172.8258
3047,2322.8373,96.78488750000001,172.8258
3046,2322.8373,96.78488750000001,172.8258
7009,2321.0098,96.70874166666665,188.8889
2847,2319.3169,96.63820416666665,173.82389999999998
4809,2319.3161,96.63817083333333,129.7439
3888,2318.1182,96.58825833333333,162.09369999999998
7088,2317.2886,96.55369166666667,144.9683
2275,2315.7431,96.48929583333334,125.8628
4290,2314.9019,96.45424583333333,131.797
4510,2314.0697,96.41957083333334,129.2441
9911,2313.5566,96.39819166666666,178.78329999999997
561,2309.5968,96.2332,143.8425
2134,2309.5786000000003,96.23244166666667,226.8255
8526,2308.8257,96.20107083333333,128.15480000000002
2848,2307.3473,96.13947083333333,172.6082
6507,2306.9206,96.12169166666666,156.0327
2071,2304.0301,96.00125416666667,127.0786
1671,2302.2239,95.92599583333333,141.9415
1972,2302.2007,95.92502916666666,129.67059999999998
8680,2300.8429,95.86845416666667,193.93130000000002
4594,2300.3631,95.8484625,128.7906
4596,2298.4138000000003,95.76724166666668,126.28020000000001
1579,2294.584,95.60766666666666,192.99220000000003
1484,2294.2861,95.59525416666666,173.0224
6302,2292.2263,95.50942916666666,134.517
1572,2291.9525,95.49802083333333,174.7894
1371,2291.6327,95.48469583333333,199.2712
4089,2291.4357,95.4764875,145.39960000000002
814,2286.1731999999997,95.25721666666665,138.3915
2880,2285.4364,95.22651666666667,154.2117
1575,2284.5863,95.19109583333334,183.83050000000003
1474,2282.4894,95.103725,201.04700000000003
6422,2279.6499,94.9854125,143.4449
2208,2278.5051,94.93771249999999,139.91850000000002
6629,2277.493,94.89554166666666,158.684
1970,2276.6675,94.86114583333334,142.27179999999998
1870,2276.1632,94.84013333333333,142.2498
1782,2273.4293,94.72622083333333,182.8568
1640,2273.3592,94.7233,199.6314
9332,2271.2058,94.63357500000001,162.9465
4385,2269.6057,94.56690416666667,171.611
1574,2262.2825,94.26177083333333,190.70869999999996
4708,2261.0299,94.20957916666667,125.8964
6038,2259.1124,94.12968333333333,184.3899
3014,2258.8406999999997,94.11836249999999,123.18430000000001
2234,2258.4989,94.10412083333334,223.6498
2164,2258.2502,94.09375833333333,124.009
1976,2258.1291,94.0887125,177.6928
7209,2257.5647,94.06519583333333,183.99110000000002
1770,2255.8853,93.99522083333333,141.3567
1287,2254.7606,93.94835833333333,243.8095
7110,2252.6956,93.86231666666667,184.0823
7109,2252.6956,93.86231666666667,184.0823
2070,2251.2662,93.80275833333333,136.6966
171,2250.8481,93.78533750000001,141.688
1263,2248.983,93.70762500000001,150.2444
2067,2247.2372,93.63488333333333,139.84879999999998
6889,2247.0134,93.62555833333333,118.7755
8579,2246.4554,93.60230833333333,192.9593
6591,2244.8208,93.5342,234.5077
3989,2242.0942,93.42059166666667,125.1678
4595,2241.0176,93.37573333333334,124.126
781,2240.698,93.36241666666666,136.4717
6521,2240.3972,93.34988333333332,171.2276
1642,2237.2084,93.21701666666667,205.5145
1868,2235.441,93.14337499999999,140.4565
1968,2235.441,93.14337499999999,140.4565
1967,2235.441,93.14337499999999,140.4565
1869,2235.441,93.14337499999999,140.4565
2068,2235.441,93.14337499999999,140.4565
1969,2235.441,93.14337499999999,140.4565
1767,2234.9478,93.12282499999999,140.3927
1867,2234.1832,93.09096666666666,140.2937
1667,2234.1632,93.09013333333333,140.32549999999998
1769,2233.6902,93.070425,140.2299
5841,2232.3056,93.01273333333334,145.7512
1768,2231.5641,92.9818375,140.19799999999998
7314,2229.5171,92.89654583333333,187.92039999999997
2069,2229.3963,92.89151249999999,139.9797
8400,2228.9365,92.87235416666665,266.7883
167,2228.9199,92.8716625,153.5456
2404,2228.2468,92.84361666666666,135.6431
3413,2227.2026,92.80010833333334,122.6852
174,2225.2198000000003,92.71749166666667,155.68490000000003
9614,2224.728,92.697,125.4616
782,2224.4473,92.68530416666665,134.02530000000002
4689,2224.3748,92.68228333333333,150.2932
4118,2223.766,92.65691666666667,124.97930000000001
272,2223.0084,92.62535000000001,155.96390000000002
2511,2220.2738,92.51140833333334,139.4825
2773,2220.2527,92.51052916666667,145.4518
4494,2219.3146,92.47144166666668,125.84049999999999
67,2217.9163,92.41317916666667,151.9484
2780,2216.7143,92.36309583333333,151.9516
4189,2216.5299,92.3554125,142.1318
7631,2215.3768,92.30736666666667,260.83480000000003
5000,2215.1107,92.29627916666668,122.8087
337,2213.005,92.20854166666668,194.31789999999998
4414,2211.2483,92.13534583333335,123.65629999999999
2518,2211.1081,92.12950416666666,137.34609999999998
267,2209.7014,92.07089166666667,149.0688
7011,2209.6199,92.06749583333334,179.68830000000003
2014,2207.7011,91.98754583333334,133.8768
1261,2207.3822,91.97425833333334,127.6732
239,2207.062,91.96091666666666,206.1626
2462,2205.0591,91.8774625,143.1719
373,2204.1905,91.84127083333334,154.5937
78,2204.0988,91.83745,154.59560000000002
76,2204.0988,91.83745,154.59560000000002
77,2204.0988,91.83745,154.59560000000002
178,2204.0988,91.83745,154.59560000000002
176,2204.0988,91.83745,154.59560000000002
177,2204.0988,91.83745,154.59560000000002
378,2204.0988,91.83745,154.59560000000002
274,2204.0988,91.83745,154.59560000000002
279,2204.0988,91.83745,154.59560000000002
79,2204.0988,91.83745,154.59560000000002
179,2204.0988,91.83745,154.59560000000002
278,2204.0988,91.83745,154.59560000000002
275,2204.0988,91.83745,154.59560000000002
276,2204.0988,91.83745,154.59560000000002
75,2204.0988,91.83745,154.59560000000002
175,2204.0988,91.83745,154.59560000000002
375,2204.0988,91.83745,154.59560000000002
374,2204.0988,91.83745,154.59560000000002
273,2204.0972,91.83738333333334,154.59560000000002
376,2203.9665,91.8319375,154.58520000000001
74,2203.1113,91.79630416666667,154.5164
173,2202.7522,91.78134166666666,154.48770000000002
172,2201.8593,91.74413750000001,154.416
4090,2199.8522,91.66050833333333,123.03190000000001
4484,2199.7463,91.65609583333332,139.65979999999996
4091,2199.253,91.63554166666667,124.9845
5483,2196.6672,91.5278,169.09139999999996
7116,2195.5294,91.48039166666666,161.75300000000001
4509,2194.0742,91.41975833333333,123.49629999999999
73,2193.8823,91.41176250000001,153.4704
2823,2193.3958,91.39149166666665,202.62490000000003
883,2192.4907,91.35377916666665,128.7153
564,2191.4061,91.3085875,148.19989999999999
1736,2186.3779,91.09907916666667,159.4128
379,2186.1656000000003,91.09023333333334,153.0892
1478,2185.8351,91.07646249999999,187.7518
2411,2185.5469,91.06445416666666,136.9198
6406,2185.3631,91.05679583333334,144.0958
8580,2184.6528,91.0272,189.4403
7330,2183.8199,90.99249583333334,236.3378
2381,2182.9532,90.95638333333333,173.10170000000002
4310,2182.2113,90.92547083333334,122.1384
7630,2181.929,90.91370833333333,261.778
7200,2181.9162,90.91317500000001,122.74249999999999
277,2177.3828,90.72428333333333,152.69570000000002
2579,2175.1563,90.6315125,166.5699
5213,2173.759,90.57329166666666,263.6011
3062,2172.2406,90.510025,127.81899999999999
4314,2171.7225,90.48843749999999,121.0968
2510,2171.3191,90.47162916666667,136.3247
242,2170.5707,90.44044583333334,223.3801
4692,2170.1266,90.42194166666667,284.4405
3246,2169.7262,90.40525833333334,152.5038
566,2166.296,90.26233333333333,155.57850000000002
6205,2164.8988,90.20411666666666,142.1187
4285,2163.0879,90.1286625,202.99879999999996
5937,2162.2672000000002,90.09446666666668,168.7127
1668,2160.8445,90.0351875,135.5437
7010,2158.694,89.94558333333333,175.2936
1766,2153.6488,89.73536666666666,134.6834
1966,2153.6488,89.73536666666666,134.6834
1866,2153.6488,89.73536666666666,134.6834
2710,2152.4959,89.68732916666666,134.8363
1666,2151.1633,89.63180416666667,134.2838
3045,2149.7934,89.574725,154.5488
2015,2148.7511,89.53129583333333,128.5214
1874,2148.7455,89.5310625,139.829
7015,2143.5413,89.31422083333332,172.51940000000002
471,2142.7448,89.28103333333333,136.6214
2809,2142.3437,89.26432083333333,133.2797
8328,2141.4045,89.2251875,125.6237
3821,2139.9354,89.163975,131.26659999999998
7212,2137.753,89.07304166666667,158.07330000000002
2906,2135.8035999999997,88.99181666666665,127.2693
3920,2134.3819,88.93257916666666,130.5584
4810,2134.2342,88.926425,118.37749999999998
7118,2131.4008,88.80836666666666,155.4806
194,2130.7869,88.7827875,205.0197
367,2129.9376,88.74740000000001,140.4794
1473,2126.6693,88.61122083333333,192.6034
6825,2126.6025999999997,88.60844166666665,186.2121
2035,2126.2933,88.59555416666666,196.50889999999998
2703,2125.8271,88.57612916666666,129.839
1873,2125.4289,88.55953749999999,123.939
6924,2123.9605,88.49835416666667,218.56359999999998
5840,2121.9035,88.41264583333333,132.3947
2267,2121.4896,88.3954,117.5027
762,2120.6347,88.35977916666667,130.6438
2944,2118.9031,88.28762916666666,118.2576
3990,2110.2329,87.92637083333334,122.27170000000001
1987,2109.7277,87.90532083333333,138.1578
1986,2109.7277,87.90532083333333,138.1578
2086,2109.7277,87.90532083333333,138.1578
2087,2109.7277,87.90532083333333,138.1578
1814,2109.3847,87.89102916666667,128.2211
461,2107.2851,87.80354583333333,120.4051
1372,2102.754,87.61475,191.0244
65,2102.6578,87.61074166666667,142.8166
8864,2102.3496,87.5979,159.8536
66,2101.0001,87.54167083333334,144.7496
1472,2099.7345,87.4889375,191.0923
5098,2099.5217,87.48007083333333,175.1694
4693,2098.9171,87.45487916666667,273.9079
9927,2098.8982,87.45409166666667,133.54899999999998
3493,2098.7505,87.44793750000001,122.98400000000001
4409,2094.826,87.28441666666667,115.21340000000001
3513,2092.5655,87.19022916666667,119.9835
882,2091.9391,87.16412916666667,133.3804
2676,2090.9612,87.12338333333334,129.1454
2650,2088.5634,87.023475,123.45960000000001
1373,2088.073,87.00304166666666,190.21450000000002
7825,2081.5657,86.73190416666667,199.9014
7214,2080.467,86.686125,177.13119999999998
3890,2079.2279,86.63449583333333,122.0249
3993,2077.3519,86.55632916666667,113.06830000000001
4390,2076.9998,86.54165833333333,120.5902
1382,2075.7499000000003,86.48957916666667,127.24310000000001
1262,2075.5109,86.47962083333334,123.15270000000001
1383,2073.4620999999997,86.39425416666666,118.5367
1272,2070.2578,86.26074166666666,188.5404
7114,2069.8416,86.24340000000001,176.36180000000002
55,2068.1525,86.17302083333334,111.78289999999998
56,2067.5184,86.14659999999999,116.60520000000001
4514,2064.6693,86.0278875,117.7205
5792,2064.3774,86.01572499999999,151.6116
5842,2064.0831,86.0034625,122.4565
2108,2064.0061,86.00025416666666,126.6521
7014,2063.4667,85.97777916666666,176.2244
460,2062.7958,85.94982499999999,119.2486
54,2062.4675,85.93614583333334,113.87190000000001
3025,2061.6501,85.9020875,191.3601
2121,2059.2677,85.80282083333333,126.0833
474,2057.3899,85.72457916666667,139.3828
4807,2056.649,85.69370833333333,117.14940000000001
9915,2054.4881,85.60367083333334,116.8012
465,2053.797,85.574875,128.35950000000003
960,2052.4504,85.51876666666668,131.0002
3491,2052.2128000000002,85.50886666666668,120.25450000000001
3690,2052.2128000000002,85.50886666666668,120.25450000000001
3593,2052.2128000000002,85.50886666666668,120.25450000000001
3691,2052.2128000000002,85.50886666666668,120.25450000000001
3590,2052.2128000000002,85.50886666666668,120.25450000000001
3492,2052.2128000000002,85.50886666666668,120.25450000000001
3791,2052.2128000000002,85.50886666666668,120.25450000000001
3790,2052.2128000000002,85.50886666666668,120.25450000000001
2811,2052.1499,85.50624583333332,120.93109999999999
3591,2052.0567,85.5023625,120.2472
3592,2051.2798000000003,85.46999166666667,120.21130000000001
8679,2051.1131,85.46304583333334,182.5187
3692,2050.1843,85.42434583333333,120.1606
1442,2048.2382,85.34325833333332,139.75369999999998
3693,2043.885,85.161875,119.865
4887,2041.5906,85.066275,121.9208
2412,2040.9193,85.03830416666666,127.7978
8500,2040.7187,85.02994583333333,264.78520000000003
8600,2040.2437,85.01015416666667,264.7491
6192,2039.3568,84.9732,126.0874
467,2038.575,84.940625,152.9928
1680,2037.6092999999998,84.9003875,165.80519999999999
896,2037.4747,84.89477916666667,186.74239999999998
4909,2037.0892000000001,84.87871666666668,115.297
1374,2036.1206,84.83835833333333,185.93079999999998
1490,2034.0033,84.75013750000001,130.19060000000002
5621,2033.4464,84.72693333333333,139.5839
2662,2030.5396,84.60581666666667,127.61070000000001
4490,2027.4176,84.47573333333334,128.51690000000002
9938,2027.1069,84.4627875,136.3998
6718,2023.0289,84.29287083333334,177.4856
6222,2021.5422,84.230925,130.0745
1740,2021.2432,84.21846666666666,151.51139999999998
6621,2019.3787,84.14077916666666,165.89569999999998
5087,2018.1983,84.09159583333333,162.7156
466,2015.972,83.99883333333334,146.4502
9305,2012.8336,83.86806666666666,116.23400000000001
4610,2009.7715,83.74047916666667,117.9657
400,2008.0627,83.66927916666667,179.7225
4592,2007.8368,83.65986666666667,222.2168
3891,2007.1143,83.6297625,117.0786
3988,2006.9233,83.62180416666666,126.1158
459,2006.8002999999999,83.61667916666666,114.27619999999999
3721,2006.7277,83.61365416666666,120.5042
1376,2006.017,83.58404166666666,153.06080000000003
9308,2005.625,83.56770833333333,130.0369
7201,2005.4541,83.5605875,127.41760000000001
2034,2003.3845000000001,83.47435416666667,185.4959
2712,2002.5849,83.44103750000001,117.15140000000002
4788,2002.2026,83.42510833333334,119.42060000000001
712,2001.9562999999998,83.41484583333333,128.88660000000002
1464,2001.8505,83.4104375,121.6618
2610,1998.6004,83.27501666666667,125.51999999999998
9404,1998.2075,83.25864583333333,117.99060000000001
2077,1997.3309,83.22212083333334,135.0238
3893,1995.7903,83.15792916666666,108.887
5430,1995.611,83.15045833333333,114.93570000000001
1538,1994.7344,83.11393333333334,149.0276
8778,1993.9306,83.08044166666666,172.9946
4613,1991.9688,82.9987,117.4452
7002,1990.7812000000001,82.94921666666667,148.113
1898,1990.65,82.94375000000001,136.0624
4492,1990.2413,82.92672083333333,123.6666
52,1985.4002,82.72500833333334,109.2187
2319,1981.808,82.57533333333333,123.4592
180,1977.996,82.4165,128.7368
2512,1976.7350000000001,82.36395833333334,123.8303
1395,1975.9919,82.33299583333333,116.6256
5889,1970.9503,82.12292916666667,116.24440000000001
570,1969.1491,82.04787916666668,129.1126
2810,1969.0542,82.043925,122.51750000000001
468,1966.0283,81.91784583333333,131.9575
783,1964.4760999999999,81.85317083333332,100.90490000000001
667,1964.1345,81.8389375,135.7386
6824,1963.4989,81.81245416666667,213.42249999999999
6106,1962.03,81.75125,123.8981
475,1961.9378000000002,81.74740833333334,134.2551
1475,1961.0221999999999,81.70925833333332,173.5292
1816,1960.7376,81.6974,120.2204
3792,1959.6977,81.65407083333334,113.6588
1460,1958.7318,81.613825,139.7991
464,1956.3646999999999,81.51519583333332,124.6972
7527,1956.247,81.51029166666667,236.0922
7528,1956.247,81.51029166666667,236.09109999999998
4712,1954.1174,81.42155833333334,116.2089
72,1953.862,81.41091666666667,119.4919
344,1952.8169,81.36737083333334,209.26690000000002
2612,1952.6055000000001,81.3585625,122.2999
3409,1950.9707,81.29044583333334,108.2892
4017,1950.1263000000001,81.2552625,117.93280000000001
6823,1949.8365999999999,81.24319166666666,211.18849999999998
3820,1949.7018,81.237575,118.9148
3619,1948.6261,81.19275416666666,118.8854
5284,1946.2939000000001,81.09557916666667,313.73409999999996
3793,1944.8830999999998,81.03679583333333,109.5547
6209,1944.0203000000001,81.00084583333334,111.7265
360,1939.1565,80.7981875,111.28829999999999
5701,1938.592,80.77466666666668,112.7706
1483,1934.8251,80.6177125,123.8081
9812,1933.4071,80.55862916666666,145.60019999999997
9930,1933.2202,80.55084166666667,122.90209999999999
2711,1931.7778,80.49074166666666,120.88319999999999
2321,1931.0672,80.46113333333334,139.1658
9928,1930.3469,80.43112083333334,122.7439
9929,1930.3469,80.43112083333334,122.7439
2611,1929.5693,80.39872083333334,121.23140000000001
4088,1922.8383,80.1182625,133.66649999999998
53,1912.1416,79.67256666666667,105.08449999999999
51,1911.5040999999999,79.64600416666666,105.0409
6616,1909.7568,79.5732,129.3843
2281,1902.5377,79.27240416666667,184.87210000000002
2418,1902.2905,79.26210416666667,111.6788
6814,1901.4006,79.225025,129.8796
860,1900.7542,79.19809166666667,119.92410000000001
3992,1900.4516,79.18548333333334,109.5676
4117,1899.0248,79.12603333333333,110.5008
2556,1898.3206,79.09669166666667,126.9163
4516,1897.541,79.06420833333333,110.3155
4718,1897.5402,79.06417499999999,110.315
4216,1897.5402,79.06417499999999,110.315
4315,1897.5402,79.06417499999999,110.315
4617,1897.5402,79.06417499999999,110.315
4317,1897.5402,79.06417499999999,110.315
4719,1897.5402,79.06417499999999,110.315
4316,1897.5402,79.06417499999999,110.315
4416,1897.5402,79.06417499999999,110.315
4417,1897.5402,79.06417499999999,110.315
4618,1897.5402,79.06417499999999,110.315
4517,1897.5402,79.06417499999999,110.315
4518,1897.5402,79.06417499999999,110.315
4217,1897.5402,79.06417499999999,110.315
4415,1897.5402,79.06417499999999,110.315
4619,1897.5402,79.06417499999999,110.315
9538,1896.7978,79.03324166666667,117.40350000000001
9828,1896.353,79.01470833333333,116.9517
567,1896.227,79.00945833333334,135.5715
763,1895.826,78.99275,110.06479999999999
5893,1895.765,78.99020833333334,127.6913
668,1894.5072,78.9378,130.40609999999998
5827,1893.8899000000001,78.91207916666667,113.2754
5828,1892.8178,78.86740833333333,113.19909999999999
4616,1892.1209000000001,78.83837083333334,110.3965
6607,1891.2359,78.80149583333333,114.9755
6105,1890.9076,78.78781666666667,116.99799999999999
4515,1890.3637,78.76515416666668,110.5091
2163,1889.2939000000001,78.72057916666667,114.2068
5823,1887.6970999999999,78.65404583333333,225.41769999999997
4211,1886.965,78.62354166666667,101.58760000000001
9411,1886.5657999999999,78.60690833333332,138.9091
4717,1886.3577,78.5982375,110.0509
5890,1886.2759,78.59482916666667,113.03000000000002
2168,1885.9868999999999,78.5827875,108.98509999999999
5891,1882.4895999999999,78.43706666666667,112.8063
2012,1881.3062,78.38775833333334,115.01689999999999
2010,1881.3062,78.38775833333334,115.01689999999999
2110,1881.3062,78.38775833333334,115.01689999999999
1912,1881.3062,78.38775833333334,115.01689999999999
2212,1881.3062,78.38775833333334,115.01689999999999
7628,1881.2347,78.38477916666666,219.63210000000004
6499,1881.0676,78.37781666666667,140.9282
7428,1879.1332,78.29721666666667,242.41830000000002
2013,1878.7122,78.279675,114.8532
9830,1877.9725,78.24885416666667,119.95080000000002
4493,1877.83,78.24291666666666,112.71669999999999
1360,1877.7624,78.2401,134.2735
9931,1876.6871999999998,78.19529999999999,119.8865
5116,1876.563,78.19012500000001,126.407
6803,1876.338,78.18075,139.8847
6804,1876.338,78.18075,139.8847
6903,1876.338,78.18075,139.8847
6703,1875.9197000000001,78.16332083333334,139.83780000000002
6902,1875.7404,78.15585,139.7972
3521,1874.4672,78.1028,117.14710000000001
5722,1873.5625,78.06510416666667,175.5615
1537,1872.3351,78.0139625,138.4201
6035,1871.8519,77.99382916666666,119.587
2112,1871.515,77.97979166666667,114.468
2398,1870.4671,77.93612916666667,102.12870000000001
9829,1868.2662,77.844425,118.9701
5727,1868.2579,77.84407916666667,111.2105
2111,1868.2312,77.84296666666667,114.28370000000001
3712,1867.3291,77.80537916666667,112.97279999999999
4116,1866.7634,77.78180833333333,105.0814
4087,1865.7767,77.74069583333333,131.468
6599,1864.8944,77.70393333333332,140.2199
5928,1864.3533,77.6813875,111.2923
6333,1864.1000000000001,77.67083333333333,141.6952
2211,1863.7045,77.65435416666666,114.0299
3621,1858.9004,77.45418333333333,116.4349
361,1858.4047,77.43352916666667,106.4847
3720,1858.1591,77.42329583333334,116.41460000000001
2271,1857.971,77.41545833333333,110.04310000000001
3719,1857.8426,77.41010833333333,116.4058
3520,1857.8426,77.41010833333333,116.4058
3620,1857.8426,77.41010833333333,116.4058
3819,1857.8426,77.41010833333333,116.4058
2009,1857.8425,77.41010416666667,113.637
70,1857.7649000000001,77.40687083333334,103.8123
6802,1856.8478,77.36865833333333,138.2285
2162,1856.6371,77.35987916666666,118.533
6704,1856.4225000000001,77.3509375,136.4344
6211,1852.042,77.16841666666666,105.4178
3892,1851.5426,77.14760833333334,106.03370000000001
2011,1851.4495,77.14372916666666,113.3426
1781,1850.9478,77.12282499999999,128.691
1645,1850.5045,77.10435416666667,131.6919
58,1846.0509,76.9187875,106.2583
6590,1844.837,76.86820833333333,196.85460000000003
80,1837.9863,76.5827625,123.84370000000001
2109,1837.9486,76.58119166666667,112.5855
584,1837.4434,76.56014166666667,90.25019999999999
2312,1837.2146,76.55060833333333,112.21320000000001
1096,1836.0588,76.50245,198.81189999999998
6930,1835.1028000000001,76.46261666666668,116.7404
2772,1833.7693,76.40705416666667,106.72
683,1830.0208,76.25086666666667,89.1112
2410,1826.8044,76.11685,113.10979999999999
859,1826.3359,76.09732916666667,119.3418
4709,1826.0832,76.0868,112.2347
4215,1825.0299,76.0429125,101.806
6931,1824.4729,76.01970416666667,116.11330000000001
6830,1824.4196,76.01748333333333,116.1104
4694,1824.0993,76.0041375,123.0754
479,1822.8381,75.9515875,122.5712
2409,1821.4234000000001,75.89264166666668,111.6988
1959,1818.1832,75.75763333333333,132.3682
6500,1818.0974,75.75405833333333,134.4444
6831,1817.7665,75.74027083333333,117.83959999999999
1273,1817.1644999999999,75.7151875,170.33389999999997
2617,1817.0515,75.71047916666667,105.9257
1072,1816.8733,75.70305416666666,150.76409999999998
1911,1816.3617,75.6817375,110.9496
1375,1813.186,75.54941666666666,169.82729999999998
6104,1812.5638999999999,75.52349583333333,101.80019999999999
5101,1811.2404,75.46835,111.4221
2422,1809.2667999999999,75.38611666666667,132.5179
7012,1808.9654,75.37355833333334,168.828
473,1808.954,75.37308333333333,121.148
4886,1808.5075,75.35447916666666,109.8347
2961,1807.088,75.29533333333333,107.7153
569,1806.5727,75.27386249999999,122.84509999999999
57,1806.3184999999999,75.26327083333332,107.12100000000001
5712,1805.076,75.2115,99.3982
2106,1803.9706999999999,75.16544583333332,106.9674
476,1803.6468,75.15195,120.9594
2414,1803.3475,75.13947916666667,105.55270000000002
2218,1803.1118999999999,75.1296625,105.3469
2113,1802.9672999999998,75.12363749999999,109.93669999999999
1173,1802.1236,75.08848333333333,167.20510000000002
2115,1801.7392,75.07246666666667,105.29790000000001
2017,1801.7392,75.07246666666667,105.29790000000001
2216,1801.7392,75.07246666666667,105.29790000000001
2116,1801.7392,75.07246666666667,105.29790000000001
2215,1801.7392,75.07246666666667,105.29790000000001
2214,1801.7392,75.07246666666667,105.29790000000001
2317,1801.7392,75.07246666666667,105.29790000000001
2315,1801.7392,75.07246666666667,105.29790000000001
2318,1801.7392,75.07246666666667,105.29790000000001
2314,1801.7392,75.07246666666667,105.29790000000001
2316,1801.7392,75.07246666666667,105.29790000000001
2416,1801.7392,75.07246666666667,105.29790000000001
2516,1801.4386,75.05994166666666,105.2816
2210,1801.1107,75.04627916666666,110.5199
6800,1800.3089,75.01287083333334,122.70309999999999
2133,1799.9974,74.99989166666667,159.2124
2417,1799.2954,74.97064166666667,105.1643
2517,1798.9086,74.954525,105.14309999999999
2513,1798.3938,74.933075,106.1238
568,1796.9282,74.87200833333334,124.55909999999999
5989,1796.5971,74.8582125,106.78130000000002
900,1794.7152999999998,74.77980416666666,166.828
5818,1794.6634,74.77764166666667,112.46410000000002
158,1793.991,74.749625,103.0219
2313,1793.9906,74.74960833333334,105.5738
1033,1793.2003,74.71667916666667,156.578
2217,1792.9914,74.707975,104.80100000000002
2233,1792.8484,74.70201666666667,176.9025
5834,1791.6397,74.65165416666666,106.2081
1174,1791.4844,74.64518333333334,166.74970000000002
1172,1788.9504,74.5396,167.7449
5584,1786.1187,74.4216125,137.45100000000002
2616,1782.972,74.2905,104.3324
3919,1782.8568,74.2857,110.9214
2310,1780.8272,74.20113333333333,109.3964
2912,1780.4714,74.18630833333333,105.88929999999999
484,1779.3339,74.1389125,86.0994
4018,1778.4545,74.10227083333334,105.9582
1389,1776.9297000000001,74.03873750000001,159.6207
59,1776.2767999999999,74.01153333333333,104.1021
2433,1775.6742,73.986425,210.88469999999998
2909,1775.0384000000001,73.95993333333334,105.7185
5601,1774.2955,73.92897916666666,105.4956
5501,1774.2955,73.92897916666666,105.4956
5502,1774.2955,73.92897916666666,105.4956
5602,1774.2955,73.92897916666666,105.4956
5402,1774.2955,73.92897916666666,105.4956
71,1773.8093,73.90872083333333,98.93799999999999
2515,1772.9644,73.87351666666667,103.72670000000001
5803,1772.7617,73.86507083333333,103.4998
2311,1772.4952,73.85396666666666,108.95649999999999
2213,1772.0734,73.83639166666667,106.48259999999999
2209,1770.6957,73.7789875,108.8142
2119,1770.5873,73.77447083333333,104.01400000000001
2018,1767.9077,73.66282083333333,103.56020000000001
8326,1767.1735999999999,73.63223333333333,101.4334
2415,1765.9361,73.58067083333333,103.34049999999999
2118,1765.7993999999999,73.574975,102.9648
462,1765.1833,73.54930416666666,101.0735
2309,1764.8445,73.53518749999999,108.48610000000001
2615,1764.3836000000001,73.51598333333334,102.6978
305,1763.9724,73.49885,105.8682
6989,1762.7768,73.44903333333333,109.9296
2613,1762.6846,73.44519166666667,104.2892
6107,1762.0323,73.4180125,117.04939999999999
7016,1758.8186,73.28410833333334,138.6079
385,1757.3215,73.22172916666666,86.7017
9932,1756.9308,73.20545,112.3106
1391,1756.2658999999999,73.17774583333333,116.1138
7726,1755.9370000000001,73.16404166666668,152.7678
6913,1755.5943,73.1497625,151.1707
304,1754.495,73.10395833333332,105.4357
306,1752.2797,73.01165416666667,105.3395
9601,1751.992,72.99966666666667,104.84709999999998
6900,1751.5203,72.9800125,119.1424
366,1750.8853000000001,72.95355416666668,140.8596
6111,1748.1143,72.83809583333333,101.08940000000001
5728,1745.0163,72.7090125,102.6754
5397,1744.6958,72.69565833333333,125.4691
359,1743.8366,72.65985833333333,101.3387
307,1743.3971999999999,72.64155,104.9687
7122,1741.5785,72.56577083333333,114.737
6705,1740.7286,72.53035833333333,121.7213
1275,1740.6521,72.52717083333333,164.80190000000002
308,1740.4803,72.52001249999999,104.8647
205,1739.8147000000001,72.49227916666668,104.77879999999999
203,1739.7341999999999,72.488925,104.77519999999998
9,1739.7185,72.48827083333333,104.77449999999999
7,1739.7185,72.48827083333333,104.77449999999999
109,1739.7185,72.48827083333333,104.77449999999999
6,1739.7185,72.48827083333333,104.77449999999999
8,1739.7185,72.48827083333333,104.77449999999999
309,1739.7185,72.48827083333333,104.77449999999999
108,1739.7185,72.48827083333333,104.77449999999999
105,1739.7185,72.48827083333333,104.77449999999999
209,1739.7185,72.48827083333333,104.77449999999999
208,1739.7185,72.48827083333333,104.77449999999999
204,1739.7185,72.48827083333333,104.77449999999999
206,1739.7185,72.48827083333333,104.77449999999999
207,1739.7185,72.48827083333333,104.77449999999999
103,1739.7185,72.48827083333333,104.77449999999999
107,1739.7185,72.48827083333333,104.77449999999999
106,1739.7185,72.48827083333333,104.77449999999999
3,1739.7185,72.48827083333333,104.77449999999999
104,1739.7185,72.48827083333333,104.77449999999999
6305,1738.2242,72.42600833333334,101.1372
9736,1736.9053999999999,72.37105833333332,105.0325
358,1736.5249,72.35520416666667,98.0805
1274,1736.3033,72.34597083333334,164.48830000000004
6988,1735.5006,72.31252500000001,105.35159999999999
1175,1735.1345000000001,72.29727083333334,164.33810000000003
201,1734.0526,72.25219166666666,104.43260000000001
2375,1733.6191,72.23412916666666,106.1539
959,1732.7418,72.197575,114.3982
1913,1731.5773,72.14905416666666,105.7594
1196,1731.4274,72.14280833333333,187.0845
2,1730.0673000000002,72.0861375,104.2243
1390,1729.0243,72.04267916666667,114.8228
2114,1727.5934,71.98305833333333,102.11840000000001
4485,1727.2413999999999,71.96839166666666,101.9532
245,1726.8504,71.9521,193.1366
101,1726.2437,71.92682083333334,103.95160000000001
5201,1725.9482,71.91450833333333,102.627
6923,1725.9269,71.91362083333333,161.2302
1392,1724.8597,71.86915416666666,114.23819999999999
5826,1724.517,71.854875,103.4893
166,1723.2899,71.80374583333334,142.63649999999998
1291,1723.1269,71.79695416666667,114.1349
6600,1721.4973,71.72905416666667,117.24969999999999
1,1720.997,71.70820833333333,103.7075
365,1720.825,71.70104166666667,142.4544
266,1720.825,71.70104166666667,142.4544
265,1720.825,71.70104166666667,142.4544
2727,1720.7193,71.6966375,178.44379999999998
583,1719.2435,71.63514583333334,84.7293
2904,1717.8525,71.5771875,94.4859
2861,1716.3158,71.51315833333334,103.26930000000002
7100,1714.848,71.452,99.02709999999999
1714,1714.0876,71.42031666666666,103.9785
2219,1711.7729,71.32387083333333,101.5899
4400,1711.613,71.31720833333334,94.7475
8029,1711.5477,71.3144875,97.07519999999998
2514,1708.0002,71.166675,100.22190000000002
2626,1707.3671,71.14029583333333,178.5066
5211,1706.1001,71.08750416666668,286.9134
4508,1705.5967,71.06652916666667,99.2372
2726,1705.1494,71.04789166666667,177.03099999999998
9637,1705.1480999999999,71.0478375,110.3198
4589,1703.4288,70.97619999999999,104.7423
1377,1701.691,70.90379166666666,153.30719999999997
165,1701.5205999999998,70.89669166666665,137.4637
2413,1700.433,70.851375,99.5656
1292,1697.8216,70.74256666666666,112.6233
2424,1697.1041,70.71267083333333,177.0485
303,1694.9287,70.62202916666666,102.1575
4,1694.7354,70.613975,102.2106
5401,1691.4384,70.4766,100.692
2614,1691.3542,70.47309166666666,99.5188
5927,1690.2544,70.42726666666667,100.02279999999999
3145,1688.8537,70.36890416666667,105.4367
6134,1688.6644,70.36101666666666,106.8452
258,1688.3076999999998,70.34615416666666,98.97829999999999
2525,1687.8932,70.32888333333334,173.07529999999997
8779,1685.3441,70.22267083333334,155.6975
1482,1684.7323,70.19717916666666,150.53609999999998
7721,1683.3943,70.14142916666667,131.842
684,1683.3165000000001,70.1381875,86.36440000000002
9933,1683.1996,70.13331666666666,106.31249999999999
5824,1681.5298,70.06374166666667,183.69459999999998
280,1680.9524000000001,70.03968333333334,110.6534
4706,1680.6933,70.0288875,90.5619
6091,1678.48,69.93666666666667,107.01650000000001
1580,1676.9559,69.87316249999999,152.66899999999998
7112,1675.9875,69.8328125,151.3039
682,1673.9177,69.74657083333334,84.29899999999999
6210,1673.7412,69.73921666666666,98.856
1074,1673.1841,69.71600416666666,151.95770000000002
202,1672.5071,69.68779583333334,100.62979999999999
7629,1671.0865,69.62860416666666,222.3777
681,1670.5394999999999,69.6058125,103.9124
362,1670.1809,69.59087083333334,95.2434
7627,1667.7021,69.4875875,174.80339999999998
4593,1666.4171999999999,69.43405,148.3074
157,1665.7818,69.407575,99.1471
975,1665.2606999999998,69.38586249999999,165.88359999999997
2304,1664.583,69.357625,101.2394
6721,1663.4216999999999,69.3092375,122.3561
1813,1660.0798,69.16999166666666,101.15729999999999
9537,1659.8676,69.16115,103.0221
4489,1658.2064,69.09193333333333,98.98400000000001
4212,1656.7411,69.03087916666667,91.2612
260,1656.3866,69.01610833333334,99.7962
159,1656.1468,69.00611666666667,99.7629
4775,1654.6599,68.9441625,94.61080000000001
160,1653.4515000000001,68.89381250000001,99.5276
5990,1653.248,68.88533333333334,97.52199999999999
1393,1650.3096,68.7629,109.9354
7001,1648.7046,68.696025,128.6726
4305,1647.5226,68.646775,94.74780000000001
5302,1647.4315000000001,68.64297916666668,95.5961
669,1646.8192999999999,68.61747083333333,110.4868
478,1646.6312,68.60963333333333,107.7706
477,1646.4043000000001,68.60017916666668,109.24360000000001
2771,1646.2092,68.59205,98.99489999999999
2826,1646.0385,68.58493750000001,163.48049999999998
472,1645.6019,68.56674583333333,107.2588
259,1644.7042,68.52934166666667,98.1947
4488,1644.3306,68.513775,98.0822
4187,1644.2022,68.508425,120.7935
4787,1642.8065,68.45027083333333,98.6289
2333,1642.1623,68.42342916666666,196.8417
4309,1641.9883,68.41617916666667,93.05440000000002
4205,1640.4303,68.3512625,93.0163
3991,1639.7939,68.32474583333332,90.3223
2423,1639.2202,68.30084166666667,169.79119999999998
5935,1638.3108,68.26295,101.67509999999999
563,1638.1490000000001,68.25620833333333,100.9338
142,1638.1317999999999,68.25549166666666,188.79340000000002
244,1638.1317999999999,68.25549166666666,188.79340000000002
6731,1638.0485,68.25202083333333,110.3066
310,1637.2748000000001,68.21978333333334,98.6273
257,1636.7634,68.198475,96.7184
1945,1635.9935,68.16639583333334,142.73870000000002
143,1634.6665,68.11110416666666,188.0951
9629,1631.7628,67.99011666666667,114.5069
5993,1631.167,67.96529166666666,100.6659
302,1629.8689,67.91120416666666,98.3587
4487,1629.7382,67.90575833333334,97.2222
2908,1629.0421000000001,67.87675416666667,99.4333
8401,1628.9054,67.87105833333334,105.10360000000001
5301,1628.3172,67.84655,96.72319999999999
3043,1627.8532,67.82721666666667,82.56479999999999
1073,1627.8304,67.82626666666667,142.8945
2117,1626.6384,67.7766,95.3531
8426,1626.1249,67.75520416666667,90.0784
9529,1625.0868,67.71195,110.4474
795,1623.9551,67.66479583333333,108.7106
4188,1623.4105,67.64210416666667,119.0152
2571,1623.2224,67.63426666666668,107.41680000000001
3708,1622.9156,67.62148333333333,83.2533
4389,1621.9654,67.58189166666666,96.166
7113,1620.9051,67.5377125,142.5172
7213,1619.8431,67.4934625,142.17430000000002
895,1618.8506,67.45210833333333,108.15379999999999
7013,1617.8957,67.41232083333334,143.6482
4105,1617.5212999999999,67.39672083333333,91.54059999999998
834,1617.1715,67.38214583333333,133.9273
261,1614.9048,67.2877,95.94019999999999
9729,1613.9051,67.24604583333333,101.7553
571,1611.8062,67.15859166666667,108.1576
5017,1610.9532,67.12304999999999,124.3707
5432,1610.3832,67.0993,91.2888
663,1608.4167,67.0173625,99.42099999999999
5829,1607.9576,66.99823333333333,92.9165
4306,1607.7686999999999,66.99036249999999,91.2133
6723,1606.8156999999999,66.95065416666667,126.7733
4206,1606.2556,66.92731666666667,91.00019999999999
6901,1606.14,66.9225,119.48490000000001
6432,1604.7038,66.86265833333333,107.8982
9831,1604.651,66.86045833333334,100.7065
776,1604.2496,66.84373333333333,161.79760000000002
4407,1602.7233999999999,66.78014166666667,90.89399999999998
4186,1602.0135,66.7505625,118.58260000000001
4204,1601.9271999999999,66.74696666666667,90.9096
60,1601.6417,66.73507083333332,94.7059
9287,1598.0291,66.58454583333334,110.85119999999999
6506,1597.8691999999999,66.57788333333333,93.38389999999998
4106,1594.9585,66.45660416666666,90.27169999999998
6724,1594.1538,66.423075,127.21300000000001
4486,1591.5809,66.31587083333334,95.1184
5529,1590.9551000000001,66.28979583333334,90.8966
6011,1590.7028,66.27928333333334,96.61410000000001
9934,1590.4024000000002,66.26676666666667,100.31780000000002
141,1589.2425,66.21843750000001,164.127
3114,1587.8236000000002,66.15931666666667,88.6085
42,1586.8587,66.1191125,177.6002
6529,1583.9265,65.9969375,103.9723
931,1583.3562,65.973175,105.6422
6108,1582.6615,65.94422916666666,105.9486
1711,1581.5884,65.89951666666667,90.53630000000001
4108,1581.3618,65.890075,90.11710000000001
9913,1578.4206000000001,65.767525,124.20530000000001
4005,1578.3413,65.76422083333334,90.68270000000001
4210,1577.599,65.73329166666666,89.2652
1363,1574.8082,65.61700833333333,101.6969
4107,1573.8785,65.57827083333333,89.0055
4104,1573.8033,65.5751375,89.0486
2748,1573.5623,65.56509583333333,112.1233
4386,1572.4950999999999,65.52062916666667,93.4854
2008,1572.1336,65.50556666666667,95.52769999999998
3808,1571.2203,65.4675125,88.38510000000001
4408,1570.3315,65.43047916666667,88.7122
3909,1569.612,65.40050000000001,85.89959999999999
5892,1568.1842,65.34100833333333,95.07339999999999
4605,1567.7268,65.32195,88.98620000000001
5830,1567.1139,65.2964125,90.2784
4404,1566.8342,65.28475833333333,88.9879
4304,1566.8342,65.28475833333333,88.9879
3807,1566.8342,65.28475833333333,88.9879
3707,1566.8342,65.28475833333333,88.9879
3806,1566.8342,65.28475833333333,88.9879
4505,1566.8342,65.28475833333333,88.9879
4405,1566.8342,65.28475833333333,88.9879
4504,1566.8342,65.28475833333333,88.9879
3908,1566.5505,65.2729375,88.8574
4008,1566.0007,65.25002916666666,88.5072
4109,1565.9224,65.24676666666666,88.84849999999999
3026,1565.433,65.226375,104.799
93,1565.3943,65.2247625,139.0723
3906,1565.2209,65.2175375,88.8889
4209,1564.8236,65.20098333333333,88.7219
6715,1564.642,65.19341666666666,108.56379999999999
3905,1563.8359,65.15982916666667,88.81769999999999
3907,1563.1684,65.13201666666667,88.6986
4007,1562.2435,65.09347916666667,88.2545
5711,1562.2151999999999,65.0923,95.53829999999999
4387,1559.3048,64.97103333333332,93.2169
2480,1558.5853,64.94105416666666,133.5206
798,1558.5319,64.93882916666666,140.7409
670,1557.4063,64.89192916666667,104.8171
4006,1557.2703,64.8862625,87.7287
102,1556.7344,64.86393333333334,93.1198
6617,1555.6664,64.81943333333334,105.4967
3557,1555.437,64.80987499999999,96.6887
4388,1555.0589,64.79412083333334,95.7567
3542,1554.3169,64.76320416666667,82.33340000000001
4203,1552.6142,64.69225833333333,87.9701
2749,1552.3916,64.68298333333333,113.67150000000001
243,1552.389,64.682875,182.30519999999999
2603,1549.4054,64.55855833333334,94.72
2562,1549.2872,64.55363333333334,92.73559999999999
5588,1548.8957,64.53732083333334,113.77159999999998
4688,1547.9895,64.4995625,92.7168
5,1547.6672999999998,64.4861375,92.78889999999998
6423,1547.4071999999999,64.47529999999999,97.17890000000001
4208,1547.1394,64.46414166666666,87.7127
4308,1546.7926,64.44969166666667,87.6984
3809,1546.4987,64.43744583333334,91.3121
4307,1545.8137,64.40890416666666,87.6356
3008,1545.3255,64.38856249999999,91.7021
8879,1544.5545,64.3564375,139.45600000000002
3608,1544.1039,64.33766250000001,98.01679999999999
5929,1543.9821,64.3325875,91.4643
4588,1543.7211,64.3217125,92.6411
4606,1541.8378,64.24324166666666,87.90520000000001
1812,1540.6838,64.19515833333334,94.632
6204,1538.4271,64.10112916666667,89.7679
4685,1537.7398,64.07249166666666,92.32260000000001
4786,1537.7398,64.07249166666666,92.32260000000001
4785,1537.7398,64.07249166666666,92.32260000000001
4684,1537.7398,64.07249166666666,92.32260000000001
4587,1537.7398,64.07249166666666,92.32260000000001
4687,1537.7398,64.07249166666666,92.32260000000001
4586,1537.7398,64.07249166666666,92.32260000000001
4584,1537.7398,64.07249166666666,92.32260000000001
4686,1537.7398,64.07249166666666,92.32260000000001
4585,1537.7398,64.07249166666666,92.32260000000001
662,1536.3226,64.01344166666667,95.71969999999999
2723,1536.193,64.00804166666667,121.1636
9839,1535.8944,63.995599999999996,101.79020000000001
4110,1535.3258,63.97190833333334,87.8426
4303,1534.5117,63.9379875,86.4618
4009,1533.4974,63.895725,86.9729
463,1530.7591,63.78162916666667,93.86259999999999
5926,1529.7474,63.739475,90.56410000000001
5494,1527.5892000000001,63.649550000000005,119.35060000000001
2926,1526.057,63.585708333333336,133.8294
9288,1525.0044,63.541850000000004,103.9491
4406,1524.1589,63.50662083333333,87.3287
6604,1522.8207,63.4508625,90.4547
7119,1522.776,63.449000000000005,125.2718
6716,1519.8363,63.3265125,108.5111
562,1519.1847,63.2993625,93.8954
33,1517.6293,63.23455416666667,96.738
286,1517.416,63.22566666666666,81.3531
1581,1517.2154,63.217308333333335,163.71359999999999
933,1516.0704,63.1696,100.4202
5594,1515.6386,63.151608333333336,119.8837
5991,1514.2819,63.095079166666665,89.57480000000001
380,1513.8437,63.07682083333333,97.5804
2770,1513.3719,63.057162500000004,94.8468
4207,1512.315,63.013125,85.9059
5532,1512.0722,63.003008333333334,86.0892
5730,1512.0722,63.003008333333334,86.0892
5729,1512.0722,63.003008333333334,86.0892
5631,1512.0722,63.003008333333334,86.0892
5632,1512.0722,63.003008333333334,86.0892
5530,1512.0722,63.003008333333334,86.0892
5630,1512.0722,63.003008333333334,86.0892
5629,1512.0722,63.003008333333334,86.0892
5531,1512.0722,63.003008333333334,86.0892
5731,1512.0722,63.003008333333334,86.0892
4608,1509.9126,62.913025000000005,99.79109999999999
9737,1507.9605,62.831687499999994,99.6196
4289,1507.9257,62.8302375,110.2646
6606,1507.89,62.82875000000001,88.485
6304,1507.3383000000001,62.80576250000001,88.4965
6605,1506.9252000000001,62.78855000000001,88.5051
6404,1506.9252000000001,62.78855000000001,88.5051
6503,1506.9252000000001,62.78855000000001,88.5051
6505,1506.9252000000001,62.78855000000001,88.5051
6504,1506.9252000000001,62.78855000000001,88.5051
6109,1506.2497,62.76040416666667,94.2627
5187,1506.0368,62.751533333333334,107.0864
5619,1505.9282,62.74700833333333,92.8906
9914,1505.3410999999999,62.72254583333333,113.95899999999999
6303,1504.5751,62.69062916666667,88.2201
6425,1502.9398,62.62249166666667,94.3117
4506,1502.7667,62.61527916666666,86.30850000000001
6403,1502.4454,62.60189166666667,87.981
497,1502.3412,62.597550000000005,122.6336
4288,1502.0816,62.586733333333335,113.68690000000001
5431,1502.0232,62.584300000000006,85.5976
6110,1501.4234,62.55930833333333,93.7065
3706,1500.6367,62.52652916666667,84.2553
677,1498.3858,62.432741666666665,101.1955
2431,1497.9705000000001,62.4154375,209.9916
2232,1497.9705000000001,62.4154375,209.9916
2331,1497.9705000000001,62.4154375,209.9916
2332,1497.9705000000001,62.4154375,209.9916
2432,1497.9705000000001,62.4154375,209.9916
9636,1497.9324000000001,62.413850000000004,97.3187
1681,1497.8962000000001,62.41234166666667,162.6792
6405,1497.8100000000002,62.408750000000005,87.6897
6010,1497.5707,62.398779166666664,93.9662
301,1496.8349,62.368120833333336,89.6311
5910,1496.4116,62.35048333333333,94.0037
5911,1496.4116,62.35048333333333,94.0037
1627,1496.08,62.336666666666666,87.8544
2161,1493.2662,62.219425,93.97
6005,1492.8273,62.201137499999994,86.6765
6603,1492.2308,62.17628333333334,90.92020000000001
6522,1491.8611,62.16087916666667,92.9644
983,1491.8541,62.1605875,119.6283
3805,1489.644,62.0685,83.4628
5811,1489.1898,62.049575000000004,94.23729999999999
9940,1489.0210000000002,62.04254166666667,98.5918
9939,1489.0210000000002,62.04254166666667,98.5918
9738,1489.0210000000002,62.04254166666667,98.5918
9838,1489.0210000000002,62.04254166666667,98.5918
6490,1487.8214,61.992558333333335,201.996
5618,1487.6661,61.9860875,92.3184
2523,1487.1892,61.96621666666667,123.78460000000001
1076,1486.2314999999999,61.926312499999995,120.6625
2625,1486.1066,61.921108333333336,126.8186
1192,1486.06,61.91916666666666,100.65090000000001
9837,1484.8102,61.86709166666666,98.2038
5439,1481.19,61.71625,92.44999999999999
6725,1480.7192,61.69663333333333,90.4673
2548,1480.4429,61.685120833333336,112.735
2549,1480.4373,61.6848875,112.7329
2649,1480.4373,61.6848875,112.7329
2648,1480.4373,61.6848875,112.7329
2675,1479.5785999999998,61.649108333333324,112.5302
496,1479.5331,61.6472125,124.1219
7000,1479.1342,61.63059166666667,95.98360000000001
576,1478.0697,61.5862375,99.14110000000001
572,1477.426,61.559416666666664,101.76419999999999
578,1476.7098,61.529575,98.6243
4908,1476.3281,61.51367083333333,84.8774
671,1476.2894,61.51205833333333,101.79499999999999
4004,1475.0793,61.4616375,82.2925
577,1472.9397000000001,61.372487500000005,98.66260000000001
4604,1472.8188,61.36745,81.80499999999999
1582,1472.4815,61.35339583333334,161.22750000000002
1284,1469.5132,61.22971666666667,148.1013
5585,1469.2421,61.21842083333333,107.3527
4674,1468.96,61.20666666666667,79.59819999999999
6391,1466.8391000000001,61.11829583333334,202.5047
6491,1466.7378,61.11407500000001,202.46950000000004
1910,1466.2974,61.095724999999995,90.37539999999998
364,1466.2499,61.09374583333334,112.82809999999999
1682,1466.0549,61.08562083333334,160.9714
881,1465.7893,61.074554166666665,118.83529999999998
64,1465.7727,61.0738625,88.8724
1539,1465.5215,61.06339583333334,122.0695
6424,1465.3292999999999,61.055387499999995,92.14780000000002
406,1464.6127000000001,61.02552916666667,87.36950000000002
144,1463.4054,60.975225,153.58689999999999
6426,1462.9605,60.956687499999994,90.0221
4812,1461.9756,60.91565,102.3476
1479,1461.897,60.912375,134.6626
6700,1461.7672,60.90696666666667,85.3257
579,1460.3013,60.8458875,96.8279
9817,1460.1737,60.84057083333334,85.4834
678,1460.0439999999999,60.83516666666666,98.1111
6390,1457.8334,60.74305833333333,200.1227
7101,1453.1174,60.54655833333334,114.1966
5285,1451.0339,60.45974583333333,138.0251
676,1450.731,60.447125,129.1052
9333,1449.5221000000001,60.396754166666675,106.7848
1434,1449.3688,60.390366666666665,100.9612
6717,1447.254,60.302249999999994,112.13870000000001
5587,1442.8564000000001,60.119016666666674,108.23060000000001
3007,1442.5809,60.1075375,84.99489999999999
4287,1440.4448,60.01853333333333,110.68969999999999
4286,1440.4448,60.01853333333333,110.68969999999999
575,1440.3993,60.0166375,129.4761
5288,1439.7177,59.9882375,101.4795
573,1436.1607,59.84002916666666,144.084
6523,1435.5783,59.8157625,90.3534
6914,1433.7930000000001,59.741375000000005,133.8342
4893,1430.4917,59.60382083333334,116.1334
6524,1429.9873,59.58280416666667,89.99350000000001
5384,1429.015,59.54229166666667,92.5025
2220,1428.6425000000002,59.52677083333334,89.36000000000001
873,1428.6341,59.52642083333333,159.1147
875,1428.6341,59.52642083333333,159.1147
674,1428.6341,59.52642083333333,159.1147
675,1428.6341,59.52642083333333,159.1147
672,1428.6341,59.52642083333333,159.1147
772,1428.6341,59.52642083333333,159.1147
773,1428.6341,59.52642083333333,159.1147
774,1428.6341,59.52642083333333,159.1147
775,1428.6341,59.52642083333333,159.1147
673,1428.6341,59.52642083333333,159.1147
973,1428.6341,59.52642083333333,159.1147
974,1428.6341,59.52642083333333,159.1147
874,1428.6341,59.52642083333333,159.1147
872,1428.6341,59.52642083333333,159.1147
972,1428.209,59.50870833333334,159.078
6526,1427.3911,59.474629166666666,90.2849
784,1425.6961000000001,59.404004166666674,79.85539999999999
9430,1425.2591,59.38579583333333,103.5755
6006,1424.952,59.373,82.2131
2169,1424.5194,59.354974999999996,89.9245
574,1419.9643,59.16517916666667,158.33509999999998
6622,1418.8247999999999,59.11769999999999,88.2859
635,1418.2707,59.094612500000004,113.77659999999999
1276,1418.1995,59.09164583333333,116.85739999999998
5920,1418.1462999999999,59.08942916666666,99.11409999999998
5720,1416.7759,59.03232916666667,89.7124
6525,1415.9956,58.99981666666667,89.51509999999999
5515,1415.5941,58.9830875,81.69819999999999
7701,1414.573,58.94054166666667,80.3093
485,1413.5482000000002,58.89784166666667,79.54860000000002
5484,1412.3414,58.84755833333333,105.74960000000002
407,1411.9692,58.83205,83.8271
2524,1411.4132,58.808883333333334,110.36350000000002
3541,1410.8853000000001,58.786887500000006,73.421
7120,1408.9805000000001,58.70752083333334,119.6271
2910,1408.9283,58.70534583333333,83.31660000000001
5713,1408.3249,58.68020416666667,81.23249999999999
6625,1407.7238,58.65515833333333,89.3372
6624,1407.7238,58.65515833333333,89.3372
6626,1407.7238,58.65515833333333,89.3372
6623,1406.9735,58.623895833333336,89.29390000000001
9638,1406.9544,58.6231,92.2396
5732,1405.7929,58.57470416666666,80.1821
1283,1405.0285,58.542854166666665,119.53750000000001
4573,1404.8746,58.53644166666667,79.7096
5617,1403.36,58.47333333333333,89.7475
41,1403.35,58.47291666666666,101.9587
6402,1403.0235,58.4593125,82.0702
8327,1402.6045,58.441854166666666,83.985
3006,1400.8623,58.3692625,81.70179999999999
2019,1400.0428,58.335116666666664,84.72619999999999
5202,1399.1284,58.29701666666667,83.5923
6631,1397.0846999999999,58.211862499999995,92.1487
2170,1396.5041,58.187670833333335,92.8574
2526,1395.5885,58.149520833333334,141.517
2627,1394.7667000000001,58.115279166666674,142.7286
6034,1394.7254,58.11355833333334,91.1486
8764,1394.6543,58.11059583333333,97.8052
2430,1394.6390000000001,58.10995833333334,163.161
7828,1393.0989,58.045787499999996,115.4689
4599,1390.6248,57.9427,77.5485
6815,1389.5404,57.89751666666667,113.4965
1917,1386.5061,57.7710875,84.1819
9730,1386.324,57.7635,96.5726
5611,1382.2962,57.595675,81.35589999999999
4615,1381.7413999999999,57.572558333333326,92.64880000000001
4716,1380.8775,57.5365625,92.49470000000001
1334,1379.1245999999999,57.463525,91.6018
3314,1379.0735,57.461395833333334,83.5446
1743,1378.7834,57.449308333333335,128.8746
5719,1376.9581,57.37325416666667,88.6712
3410,1375.9265,57.33027083333334,89.8708
5820,1374.1124,57.25468333333333,88.29159999999999
4817,1374.0835,57.253479166666665,92.1992
5919,1368.7372,57.03071666666667,94.11449999999999
5616,1365.7138,56.904741666666666,78.0465
1481,1364.3221,56.84675416666667,132.0259
5396,1364.27,56.84458333333333,109.6302
2065,1363.7374,56.82239166666667,74.4965
498,1359.3854,56.641058333333326,113.4527
408,1359.1632,56.6318,82.241
5113,1358.4624000000001,56.6026,101.0747
4403,1357.5264,56.5636,75.12870000000001
5925,1357.4363,56.559845833333334,82.5355
2669,1355.0159,56.45899583333334,88.596
1362,1354.813,56.45054166666667,80.88
5939,1354.4412,56.43505,99.7634
4910,1352.847,56.368625,86.16499999999999
6915,1352.5328,56.355533333333334,116.1759
5485,1350.6805,56.27835416666667,101.9305
6009,1348.6426999999999,56.19344583333333,86.5153
2578,1348.103,56.17095833333334,122.2813
2180,1346.5429,56.10595416666666,116.7447
6429,1344.3709,56.015454166666665,85.08680000000001
32,1344.2902,56.01209166666666,87.03439999999999
3512,1342.9077,55.9544875,96.7354
4103,1342.5824,55.940933333333334,74.3722
9504,1341.2836,55.88681666666667,83.1869
6816,1341.1663,55.88192916666667,115.3473
5497,1340.6482,55.86034166666667,110.31360000000001
6819,1340.0087,55.83369583333334,111.5274
7331,1339.8708000000001,55.82795000000001,250.8479
794,1339.514,55.81308333333333,95.5787
6730,1339.2488,55.802033333333334,85.88210000000001
6028,1338.7172,55.77988333333334,78.4701
6918,1337.2901,55.72042083333333,115.4956
6917,1337.2901,55.72042083333333,115.4956
6916,1337.2901,55.72042083333333,115.4956
6817,1337.2901,55.72042083333333,115.4956
6818,1336.3676,55.681983333333335,115.3901
238,1335.9291,55.6637125,135.38649999999998
5716,1335.6416,55.65173333333333,87.5458
5718,1334.865,55.619375,87.5532
9832,1330.8771,55.4532125,95.59540000000001
2060,1330.7242,55.44684166666667,81.92049999999999
145,1330.474,55.436416666666666,126.802
2925,1329.8333,55.40972083333333,106.3261
5821,1329.6425,55.40177083333333,91.4394
2277,1328.5202,55.35500833333333,77.5574
2623,1328.4041,55.35017083333333,107.43379999999999
2261,1327.9492,55.33121666666667,84.3295
210,1327.3218,55.305074999999995,81.2315
140,1326.9021,55.2875875,133.2862
9431,1326.7482,55.281175,96.10740000000001
9602,1324.4675,55.186145833333335,81.98479999999999
7018,1324.4052,55.18355,114.424
9935,1323.9103,55.162929166666665,79.0058
5488,1323.7866000000001,55.15777500000001,100.58070000000001
3211,1323.3619,55.14007916666667,77.2532
7017,1322.4382,55.10159166666667,114.08340000000001
43,1322.3511,55.0979625,125.16539999999999
3607,1321.7681,55.07367083333333,70.6492
2371,1321.417,55.059041666666666,90.3065
6919,1320.7371,55.0307125,109.7628
6722,1320.586,55.02441666666667,80.80239999999999
5394,1319.8288,54.992866666666664,107.8202
2911,1319.5525,54.98135416666667,78.2353
264,1319.3667,54.9736125,94.9739
9536,1319.3292000000001,54.97205,85.75900000000001
9814,1319.1468,54.96445,97.3192
2725,1319.1243,54.9635125,104.947
4676,1316.0003,54.83334583333333,117.1544
436,1313.1571,54.71487916666666,98.4894
634,1312.9002,54.704175,92.16890000000001
699,1312.8045,54.7001875,113.21759999999999
598,1312.8045,54.7001875,113.21759999999999
799,1312.8045,54.7001875,113.21759999999999
698,1312.8045,54.7001875,113.21759999999999
599,1312.3165999999999,54.67985833333333,113.2178
5114,1311.6985,54.65410416666666,98.2261
7728,1310.4562,54.60234166666667,120.1679
5597,1309.7348,54.57228333333333,108.96869999999998
5717,1309.696,54.57066666666666,86.77199999999999
700,1309.5351,54.5639625,112.99589999999999
600,1309.2396,54.55165,113.19839999999999
4713,1308.8832,54.5368,95.9893
6090,1307.7274,54.488641666666666,75.6632
499,1306.9165,54.45485416666667,113.2202
5612,1305.9179,54.41324583333333,76.4285
500,1305.9123,54.4130125,113.22049999999999
800,1305.8569,54.41070416666667,112.7465
5620,1305.6925,54.40385416666667,80.2294
894,1303.7425,54.32260416666667,90.4075
2177,1302.2693,54.26122083333333,76.6779
534,1302.1416,54.2559,91.45750000000001
2629,1301.8318,54.24299166666666,77.5652
5819,1300.1397,54.172487499999995,86.06099999999999
5938,1299.3571,54.13987916666667,100.86540000000001
5296,1298.1484,54.08951666666667,108.37620000000001
6822,1297.5811999999999,54.065883333333325,109.5311
5595,1297.4886999999999,54.06202916666666,108.5613
5496,1296.3039,54.012662500000005,108.48530000000001
5596,1296.3039,54.012662500000005,108.48530000000001
5395,1296.3039,54.012662500000005,108.48530000000001
5495,1296.3039,54.012662500000005,108.48530000000001
5112,1296.1424,54.00593333333333,97.6181
5487,1295.7165,53.9881875,99.10230000000001
4609,1292.9173,53.87155416666667,95.4879
5014,1292.9173,53.87155416666667,95.4879
3310,1292.3758,53.84899166666667,75.0432
5839,1291.2952,53.80396666666667,97.05319999999999
9410,1291.0892,53.79538333333333,87.25919999999999
1846,1290.1908,53.75795,101.3558
3215,1290.1200999999999,53.75500416666666,76.2447
2176,1289.4676,53.72781666666666,75.1608
6702,1288.6341,53.6930875,90.3294
8125,1286.4928,53.60386666666667,80.1288
232,1286.3247,53.59686249999999,89.82520000000001
7529,1286.1652,53.59021666666666,245.99720000000002
4607,1285.0877,53.545320833333335,86.42479999999999
2624,1285.0720000000001,53.54466666666667,102.94850000000001
131,1283.3961,53.4748375,85.694
5822,1283.2552,53.46896666666667,125.40759999999999
4813,1283.1692,53.465383333333335,94.58829999999999
2803,1280.4258,53.351075,74.14249999999998
3309,1279.2876,53.303650000000005,75.2702
3109,1279.212,53.3005,75.2714
3210,1279.212,53.3005,75.2714
3208,1279.212,53.3005,75.2714
3108,1279.212,53.3005,75.2714
3107,1279.212,53.3005,75.2714
3308,1279.212,53.3005,75.2714
3110,1279.212,53.3005,75.2714
3009,1279.212,53.3005,75.2714
3010,1279.212,53.3005,75.2714
3011,1279.212,53.3005,75.2714
3209,1279.212,53.3005,75.2714
3111,1279.1323,53.297179166666666,75.2676
377,1276.9881,53.207837500000004,88.65090000000001
5016,1275.8644,53.16101666666666,104.6987
3012,1274.8448,53.11853333333334,75.1378
777,1274.7373,53.11405416666667,95.79719999999999
7151,1274.3879,53.09949583333333,96.11080000000001
9435,1274.1317,53.08882083333333,94.9187
3112,1273.7186,53.07160833333333,75.0949
3214,1273.6564,53.06901666666667,75.0038
9937,1273.4096,53.05873333333333,82.3753
1282,1272.8798,53.03665833333333,116.5194
6428,1270.8853000000001,52.95355416666667,80.05799999999999
2825,1269.0167000000001,52.87569583333334,101.9292
3213,1268.8046,52.86685833333333,74.8939
4705,1268.6809,52.86170416666667,70.0615
5586,1268.2622999999999,52.84426249999999,96.2138
2724,1267.8977,52.82907083333333,102.0307
4917,1267.3805,52.807520833333335,100.90359999999998
6431,1267.0552,52.79396666666667,82.59909999999999
4213,1266.9454,52.78939166666667,89.8487
1535,1266.619,52.77579166666666,78.3335
9731,1264.7854,52.69939166666666,94.3579
9630,1264.7854,52.69939166666666,94.3579
9530,1264.7854,52.69939166666666,94.3579
9533,1264.7854,52.69939166666666,94.3579
9633,1264.7854,52.69939166666666,94.3579
9732,1264.7854,52.69939166666666,94.3579
9834,1264.7854,52.69939166666666,94.3579
9734,1264.7854,52.69939166666666,94.3579
9733,1264.7854,52.69939166666666,94.3579
9833,1264.7854,52.69939166666666,94.3579
9632,1264.7854,52.69939166666666,94.3579
3408,1264.6866,52.695275,70.471
9531,1264.5711,52.690462499999995,94.3386
2659,1264.5701,52.69042083333333,81.4453
5013,1264.225,52.67604166666666,94.0467
9334,1264.1965,52.67485416666667,94.3044
9631,1264.1965,52.67485416666667,94.3044
9432,1262.9154,52.621475000000004,94.18180000000001
9532,1262.6856,52.6119,94.16470000000001
9433,1262.3781999999999,52.59909166666666,94.1391
3212,1262.0509,52.585454166666665,74.5841
9634,1261.8646999999999,52.57769583333333,94.0924
9434,1261.5391,52.56412916666667,94.065
3113,1261.4375,52.559895833333336,74.72749999999999
5934,1260.6267,52.5261125,82.9822
5738,1260.5032,52.52096666666667,77.256
34,1260.1156,52.50481666666667,107.2524
9735,1259.3805,52.4741875,93.8666
3013,1258.842,52.451750000000004,74.6481
3345,1258.2398,52.426658333333336,68.8613
1909,1257.0196,52.37581666666667,78.3072
9534,1256.6855,52.361895833333335,93.6252
9635,1255.3886,52.307858333333336,93.4994
5721,1254.5888,52.27453333333333,82.6889
780,1253.5465,52.23110416666666,108.7328
533,1249.8844,52.078516666666665,87.923
3207,1249.2729,52.053037499999995,73.38669999999999
6820,1249.0557000000001,52.04398750000001,95.2429
831,1247.0754,51.961475,78.0169
39,1247.0045,51.95852083333333,127.7697
5186,1246.6115,51.942145833333335,92.9024
6089,1245.8421,51.9100875,73.7114
132,1245.4522,51.89384166666667,82.7674
3916,1244.6737,51.86140416666667,89.2491
404,1244.2608,51.8442,72.74189999999999
3044,1244.0595,51.8358125,66.16669999999999
1811,1243.1213,51.79672083333333,77.60499999999999
4913,1242.6347,51.776445833333334,92.3247
7121,1241.8669,51.744454166666664,92.00590000000001
5414,1241.282,51.72008333333333,73.63589999999999
6328,1240.9876,51.707816666666666,80.4266
2076,1239.8475,51.6603125,72.7154
480,1238.8195,51.61747916666667,82.20410000000001
9510,1238.6095,51.60872916666667,73.9778
1636,1238.4288,51.6012,97.5313
5295,1238.0762,51.586508333333335,102.6251
5905,1236.8355999999999,51.534816666666664,71.49059999999999
3709,1235.0104999999999,51.458770833333325,96.9272
2059,1233.1285,51.38035416666667,76.02879999999999
7019,1232.4088,51.350366666666666,102.36789999999999
40,1230.463,51.26929166666667,125.30870000000002
2824,1230.3547,51.26477916666667,99.07159999999999
403,1229.9848,51.24936666666667,71.8858
4214,1228.8397,51.201654166666664,93.56110000000001
9535,1227.959,51.16495833333334,91.2563
5714,1227.0228,51.125949999999996,71.93260000000001
4010,1226.4655,51.10272916666667,76.86059999999999
2377,1225.5564,51.06485,72.229
1333,1222.7229,50.9467875,81.0092
4698,1222.5013000000001,50.93755416666667,108.63730000000001
1716,1221.0138,50.875575,77.2447
9917,1220.1498000000001,50.839575,75.375
9910,1219.2983,50.80409583333333,83.266
3142,1219.1235,50.796812499999994,68.7267
1176,1217.1921,50.7163375,104.0734
9835,1216.8738,50.703075000000005,87.5182
4016,1215.716,50.65483333333333,94.6742
1212,1215.6342,50.651424999999996,94.3249
6630,1212.1193,50.50497083333334,77.8373
6920,1210.7499,50.4479125,87.9979
2479,1209.8094,50.408725000000004,116.1633
5286,1205.4667,50.227779166666664,91.8005
5387,1205.4667,50.227779166666664,91.8005
6821,1203.1288,50.13036666666667,85.8962
1191,1201.932,50.0805,89.0704
6427,1201.326,50.05525,79.9891
5115,1200.9021,50.0375875,94.94380000000001
5102,1199.5653,49.9818875,70.6962
5386,1199.317,49.97154166666667,91.4828
5831,1198.6649,49.94437083333333,70.2636
5111,1195.9525,49.83135416666667,113.3537
5486,1194.8268,49.78445,91.67980000000001
6020,1194.6254999999999,49.776062499999995,97.4139
433,1194.1705,49.757104166666664,83.86849999999998
6531,1192.8812,49.703383333333335,77.739
1713,1192.5464,49.689433333333334,74.5943
2471,1192.4167,49.68402916666667,85.7998
2470,1192.4167,49.68402916666667,85.7998
2370,1192.4167,49.68402916666667,85.7998
2270,1192.4167,49.68402916666667,85.7998
4811,1190.422,49.60091666666667,75.749
5838,1190.3303,49.597095833333334,92.34900000000002
7251,1189.4712,49.561299999999996,93.9812
6128,1188.8376,49.5349,78.41890000000001
5287,1188.4079,49.51699583333333,90.3856
5810,1186.7921000000001,49.449670833333336,78.9257
6430,1186.6842,49.445175,76.8846
5385,1185.0936,49.378899999999994,91.1284
5196,1184.3063,49.34609583333333,107.85270000000001
734,1183.6582,49.31909166666667,83.7554
9705,1180.9944,49.2081,72.46199999999999
2570,1180.8220000000001,49.20091666666667,84.60979999999999
830,1179.0009,49.1250375,83.12740000000001
9407,1177.1415,49.0475625,76.0319
6330,1177.0037,49.04182083333333,77.33539999999999
928,1177.0025,49.04177083333334,82.9761
623,1176.4497000000001,49.01873750000001,83.08500000000001
922,1176.4497000000001,49.01873750000001,83.08500000000001
622,1176.4497000000001,49.01873750000001,83.08500000000001
624,1176.4497000000001,49.01873750000001,83.08500000000001
625,1176.4497000000001,49.01873750000001,83.08500000000001
626,1176.4497000000001,49.01873750000001,83.08500000000001
921,1176.4497000000001,49.01873750000001,83.08500000000001
722,1176.4497000000001,49.01873750000001,83.08500000000001
724,1176.4497000000001,49.01873750000001,83.08500000000001
723,1176.4497000000001,49.01873750000001,83.08500000000001
721,1176.4497000000001,49.01873750000001,83.08500000000001
727,1176.4497000000001,49.01873750000001,83.08500000000001
821,1176.4497000000001,49.01873750000001,83.08500000000001
822,1176.4497000000001,49.01873750000001,83.08500000000001
829,1176.4497000000001,49.01873750000001,83.08500000000001
823,1176.4497000000001,49.01873750000001,83.08500000000001
824,1176.4243,49.01767916666666,83.0827
930,1176.4229,49.01762083333333,83.0819
1935,1176.4022,49.016758333333335,89.6617
932,1176.3883,49.01617916666667,83.06810000000002
730,1176.3733,49.01555416666667,83.07790000000001
524,1176.3669,49.0152875,83.0774
728,1176.3215,49.013395833333334,83.07300000000001
828,1176.2932,49.01221666666667,83.0545
725,1176.2717,49.011320833333336,83.05930000000001
726,1176.2666,49.01110833333333,83.05380000000001
731,1176.259,49.01079166666667,83.04660000000001
2276,1176.1208,49.00503333333333,69.5748
825,1176.0855,49.003562499999994,82.992
627,1175.9554,48.99814166666667,83.0389
729,1175.9239,48.996829166666664,83.03590000000001
832,1175.8662,48.994425,82.92420000000001
827,1175.8402,48.99334166666667,82.9976
525,1175.8372,48.99321666666666,83.02790000000002
231,1175.7795,48.990812500000004,82.99130000000001
923,1175.7433,48.98930416666667,83.0292
820,1175.6267,48.98444583333333,83.02919999999999
526,1175.5733,48.982220833333336,83.0031
732,1175.4773,48.97822083333333,82.83670000000001
633,1175.4704,48.97793333333333,82.84660000000001
630,1175.4539,48.977245833333335,82.99210000000001
833,1175.4515000000001,48.97714583333334,82.80980000000001
733,1175.4515000000001,48.97714583333334,82.80980000000001
532,1175.4253,48.97605416666667,82.85770000000001
632,1175.4245,48.97602083333334,82.8452
631,1175.4017000000001,48.97507083333334,82.93570000000001
826,1175.3961,48.9748375,82.93700000000001
628,1175.3941,48.97475416666666,82.9865
331,1175.3514,48.972975,82.96780000000001
531,1175.326,48.971916666666665,82.9732
527,1175.3248,48.97186666666667,82.98
431,1175.323,48.97179166666667,82.97660000000002
528,1175.321,48.97170833333333,82.97970000000001
529,1175.321,48.97170833333333,82.97970000000001
31,1175.321,48.97170833333333,82.97970000000001
129,1175.321,48.97170833333333,82.97970000000001
429,1175.321,48.97170833333333,82.97970000000001
228,1175.321,48.97170833333333,82.97970000000001
327,1175.321,48.97170833333333,82.97970000000001
329,1175.321,48.97170833333333,82.97970000000001
427,1175.321,48.97170833333333,82.97970000000001
130,1175.321,48.97170833333333,82.97970000000001
229,1175.321,48.97170833333333,82.97970000000001
230,1175.321,48.97170833333333,82.97970000000001
629,1175.321,48.97170833333333,82.97970000000001
330,1175.321,48.97170833333333,82.97970000000001
428,1175.321,48.97170833333333,82.97970000000001
430,1175.321,48.97170833333333,82.97970000000001
426,1175.321,48.97170833333333,82.97970000000001
530,1175.321,48.97170833333333,82.97970000000001
328,1175.321,48.97170833333333,82.97970000000001
425,1175.321,48.97170833333333,82.97970000000001
435,1175.2494,48.968725,82.9698
332,1175.1722,48.96550833333333,82.91800000000002
235,1175.0993,48.962470833333334,82.9631
335,1174.9346,48.95560833333334,82.9265
336,1174.7152,48.94646666666667,82.89630000000001
234,1174.4587,48.93577916666666,82.8469
334,1174.3611,48.9317125,82.83970000000001
434,1174.2688,48.92786666666667,82.8349
233,1174.166,48.92358333333333,82.82080000000002
333,1174.086,48.92025,82.80980000000001
7429,1173.7666,48.90694166666666,243.7763
326,1173.3347,48.88894583333334,82.8448
128,1172.5021000000002,48.85425416666667,82.7882
927,1172.2289,48.842870833333336,82.66449999999999
925,1171.79,48.82458333333333,82.39170000000001
4115,1170.7407,48.780862500000005,94.56420000000001
405,1170.7345,48.78060416666667,68.53190000000001
926,1170.5853,48.774387499999996,82.38440000000001
1463,1170.2681,48.76117083333333,69.47
924,1169.7322,48.738841666666666,82.4505
1133,1168.7909,48.699620833333334,107.51480000000002
4914,1167.6102,48.650425000000006,87.6052
929,1167.4215,48.6425625,82.40299999999999
30,1167.0371,48.62654583333333,82.417
2568,1165.6598,48.56915833333333,79.443
920,1165.6143,48.5672625,82.2621
7531,1165.5612,48.56505000000001,242.9374
236,1165.0277,48.54282083333334,95.27040000000001
7431,1165.0034,48.541808333333336,242.92450000000002
7430,1165.0034,48.541808333333336,242.92450000000002
7530,1165.0034,48.541808333333336,242.92450000000002
797,1164.933,48.538875,103.93279999999999
227,1164.2005,48.50835416666666,82.2241
1183,1163.4742,48.47809166666667,115.66550000000001
4695,1162.256,48.42733333333334,128.1729
6228,1162.1486,48.42285833333333,76.68950000000001
7021,1162.0064,48.41693333333333,82.6314
2860,1161.6615000000002,48.40256250000001,75.3259
6530,1157.9379999999999,48.24741666666666,75.9791
6921,1157.731,48.238791666666664,81.41029999999999
7022,1157.6385,48.2349375,82.56179999999999
4500,1157.5811999999999,48.232549999999996,64.35
523,1157.2777,48.21990416666667,81.7822
1280,1156.2337,48.176404166666664,115.89059999999999
4507,1155.3346,48.13894166666666,78.8315
3411,1155.1325,48.13052083333333,77.87379999999999
135,1155.1152,48.129799999999996,102.4273
2425,1155.0126,48.125525,113.16670000000002
4614,1154.9296,48.12206666666666,86.16159999999999
597,1154.6253,48.1093875,98.76899999999999
1184,1154.1533,48.08972083333333,115.1037
3711,1153.8527,48.07719583333333,94.48599999999999
5837,1152.7965,48.0331875,90.8871
3904,1152.2148,48.00895,64.07079999999999
5413,1151.6135,47.98389583333333,69.4291
5514,1151.6133,47.9838875,69.4289
6922,1150.8482,47.95200833333333,81.87
1435,1150.468,47.93616666666667,73.6307
3313,1150.3601,47.931670833333335,68.1555
5512,1150.0961,47.92067083333333,69.3408
237,1149.9558,47.914825,118.1243
5513,1149.5316,47.89715,69.3079
136,1147.8655,47.82772916666667,121.4928
139,1147.8509999999999,47.827124999999995,121.63149999999999
38,1147.8509999999999,47.827124999999995,121.63149999999999
35,1147.8509999999999,47.827124999999995,121.63149999999999
36,1147.8509999999999,47.827124999999995,121.63149999999999
37,1147.8509999999999,47.827124999999995,121.63149999999999
138,1147.7776,47.82406666666666,121.62119999999999
137,1147.3094,47.80455833333334,121.5569
1185,1147.0299,47.7929125,118.16080000000001
3714,1146.4363,47.76817916666667,100.6942
3245,1145.8514,47.743808333333334,65.4464
7727,1145.4349,47.72645416666666,116.1898
3910,1143.9941,47.666420833333326,94.58789999999999
2500,1143.2727,47.6363625,64.4877
5388,1142.9959,47.624829166666665,85.7682
1182,1141.078,47.544916666666666,114.50319999999999
5613,1140.939,47.539125000000006,68.8073
7928,1140.8877,47.5369875,69.6291
8228,1140.8874,47.536975000000005,69.99980000000001
1480,1140.6484,47.52701666666667,106.5055
2231,1138.7377,47.447404166666665,149.20819999999998
1810,1137.7581,47.4065875,71.576
1712,1137.7581,47.4065875,71.576
1710,1137.4983,47.3957625,71.554
2269,1137.1857,47.3827375,82.04929999999999
2221,1136.9645,47.37352083333334,75.72460000000001
5615,1136.9234999999999,47.3718125,68.4005
5614,1135.5735,47.3155625,68.4777
2478,1135.0487,47.29369583333334,111.0558
424,1134.9948,47.29145,80.24959999999999
720,1134.0684,47.25285,79.9044
3444,1133.5531,47.23137916666667,66.0628
679,1131.3919,47.14132916666667,99.028
133,1130.9388,47.12244999999999,77.9936
2674,1130.0472,47.0853,95.93119999999999
7827,1129.6437,47.0684875,105.1523
2367,1129.0133,47.04222083333334,76.7412
982,1128.4106,47.01710833333333,112.51010000000001
29,1126.8719,46.95299583333334,79.6875
1378,1126.239,46.926625,111.1069
6331,1126.1124,46.92135,75.19
9905,1124.8991,46.87079583333334,70.227
5412,1124.4096,46.8504,67.8663
4912,1124.1593,46.83997083333333,85.6586
2278,1124.0671,46.836129166666666,111.0413
2380,1123.4750999999999,46.8114625,111.33699999999999
2379,1122.9983,46.79159583333333,111.2945
2280,1122.9983,46.79159583333333,111.2945
4600,1121.7131,46.73804583333333,62.6148
4800,1121.6975,46.73739583333333,62.6137
4900,1121.4878,46.728658333333335,62.6175
4700,1121.3856,46.7244,62.5919
4794,1121.374,46.72391666666667,120.14479999999999
4699,1120.987,46.70779166666667,62.5768
3143,1120.4061,46.683587499999994,65.9819
3243,1120.4061,46.683587499999994,65.9819
3242,1120.4061,46.683587499999994,65.9819
3344,1120.4061,46.683587499999994,65.9819
3342,1120.4061,46.683587499999994,65.9819
3443,1120.4061,46.683587499999994,65.9819
3442,1120.4061,46.683587499999994,65.9819
3343,1120.4061,46.683587499999994,65.9819
3144,1120.4061,46.683587499999994,65.9819
3244,1120.4061,46.683587499999994,65.9819
2178,1120.2518,46.67715833333333,111.1486
2179,1120.1391,46.6724625,110.6875
2279,1120.1249,46.67187083333334,111.1418
9904,1120.0124,46.667183333333334,70.5616
9805,1119.8751,46.6614625,70.2877
294,1119.6083,46.65034583333334,95.949
2378,1119.4154,46.64230833333334,107.7225
9804,1118.6548,46.610616666666665,70.6545
9803,1118.4628,46.60261666666667,70.6676
9702,1118.4628,46.60261666666667,70.6676
9903,1118.4396,46.60165,70.662
9802,1118.2988,46.59578333333334,70.64249999999998
1083,1118.2019,46.591745833333334,113.3159
1281,1115.3499,46.4729125,113.14229999999999
884,1115.2219,46.46757916666667,73.27199999999999
7020,1114.8016,46.450066666666665,78.3931
4111,1114.4771,46.436545833333334,88.916
9902,1113.7424,46.40593333333334,69.9873
9836,1113.1126,46.379691666666666,67.1138
6229,1110.4571,46.26904583333334,74.1855
713,1110.0018,46.250075,66.6594
1032,1109.517,46.229875,77.79270000000001
4916,1109.2379,46.218245833333334,85.62419999999999
2670,1108.0766,46.16985833333334,77.8157
4714,1107.8207,46.159195833333335,83.844
4814,1107.8207,46.159195833333335,83.844
4697,1107.4652,46.14438333333334,129.85989999999998
4696,1107.4652,46.14438333333334,129.85989999999998
4799,1104.1386,46.005775,61.363600000000005
2298,1103.7556,45.98981666666666,63.1693
409,1103.5387,45.98077916666667,67.3155
621,1103.2665,45.9694375,77.13969999999999
8127,1102.6132,45.94221666666667,67.3148
2499,1102.5099,45.9379125,65.4979
8128,1102.1618,45.923408333333334,67.4596
3509,1102.0935,45.920562499999996,93.2164
8028,1101.9662,45.915258333333334,67.3865
6233,1100.6905,45.86210416666666,74.4596
8126,1100.08,45.836666666666666,66.7441
8027,1099.5582,45.814924999999995,67.3021
2672,1099.5471,45.8144625,81.8933
3815,1098.5611,45.773379166666665,91.9939
1809,1097.3721,45.7238375,68.1613
2572,1097.2072,45.71696666666667,84.3099
9603,1096.5906,45.691275,68.4632
432,1095.6304,45.651266666666665,76.7269
3814,1095.4602,45.644175,96.2064
9409,1095.2587,45.63577916666667,71.3715
8227,1095.1239,45.630162500000004,66.57780000000001
134,1094.9234999999999,45.6218125,77.0449
9604,1094.5398,45.605825,68.491
5715,1094.0782,45.58659166666666,65.4613
6129,1094.0741,45.586420833333335,73.5127
6323,1093.7063,45.57109583333334,66.2048
9901,1093.6827,45.5701125,68.5154
2369,1093.4093,45.55872083333333,79.09609999999999
1082,1093.2814,45.55339166666667,112.02260000000001
3511,1092.2884,45.51201666666666,93.1202
1181,1092.0951,45.5039625,111.96090000000001
1277,1091.4587,45.47744583333333,111.928
1278,1091.4587,45.47744583333333,111.928
1180,1091.4587,45.47744583333333,111.928
1279,1091.4587,45.47744583333333,111.928
981,1091.4587,45.47744583333333,111.928
1081,1091.4587,45.47744583333333,111.928
1179,1091.4587,45.47744583333333,111.928
1080,1091.4497000000001,45.477070833333336,111.9274
5212,1091.2586999999999,45.469112499999994,73.066
1178,1090.8987,45.4541125,111.8894
695,1090.6892,45.44538333333333,79.9667
8226,1090.6779000000001,45.44491250000001,66.1754
1079,1090.3253,45.43022083333333,111.85
395,1090.2839000000001,45.428495833333336,93.3193
8025,1090.1131,45.42137916666667,107.6903
3412,1089.9656,45.41523333333333,71.3967
325,1089.7154,45.404808333333335,77.16259999999998
127,1087.4707,45.31127916666667,77.0137
1379,1087.4609,45.31087083333333,108.60349999999998
161,1086.7551,45.2814625,65.0189
6230,1085.6746,45.23644166666667,72.96770000000001
1380,1085.6723,45.23634583333333,108.44389999999999
6329,1084.7314,45.19714166666666,69.9335
9704,1084.375,45.182291666666664,67.96780000000001
9408,1083.8177,45.15907083333334,68.8192
4899,1082.9618,45.12340833333334,86.26150000000001
1381,1081.8799,45.07832916666666,108.7254
880,1080.515,45.021458333333335,110.3724
10,1079.6304,44.9846,67.2871
980,1079.2666,44.96944166666666,111.0884
2120,1078.4821,44.93675416666667,70.42869999999999
5511,1078.4048,44.93353333333334,64.7048
2160,1078.3945,44.93310416666667,66.3952
697,1075.9342,44.83059166666666,91.8837
110,1074.8691,44.7862125,67.019
3710,1073.5213,44.73005416666667,96.3735
522,1071.3946,44.64144166666667,75.9462
164,1070.496,44.604000000000006,71.0719
1078,1070.078,44.58658333333333,109.4196
979,1069.0356,44.54315,110.32130000000001
1177,1068.9787000000001,44.540779166666674,108.1534
9703,1068.4289,44.51787083333334,67.5316
3510,1068.3593,44.51497083333334,93.60919999999999
5012,1066.1195,44.421645833333336,82.1689
4704,1065.9929,44.41637083333333,61.097500000000004
4816,1065.7942,44.40809166666667,81.2002
4715,1065.7942,44.40809166666667,81.2002
4815,1065.7942,44.40809166666667,81.2002
4915,1063.8294,44.326225,81.17569999999999
1031,1061.7466,44.239441666666664,73.98979999999999
6121,1060.2259,44.17607916666666,63.801899999999996
226,1058.3896,44.09956666666667,75.034
7927,1056.5993,44.024970833333334,64.8536
778,1055.7544,43.98976666666667,101.7189
2569,1055.0912,43.962133333333334,75.1827
2204,1053.9436,43.91431666666667,64.6663
1899,1052.6416,43.86006666666666,62.2758
879,1050.8386,43.78494166666667,105.49270000000001
5930,1049.8445,43.74352083333333,66.5299
81,1049.4747,43.7281125,70.1357
1230,1049.431,43.72629166666667,63.0988
3915,1049.1038,43.71265833333334,92.9713
3609,1048.4137,43.68390416666667,94.62970000000001
9801,1046.5792,43.60746666666666,65.7927
1411,1046.2246,43.59269166666667,61.248099999999994
2469,1045.3628,43.556783333333335,75.8429
978,1044.593,43.524708333333336,104.0972
1084,1043.5018,43.47924166666667,105.631
1633,1043.4954,43.478975,73.81899999999999
423,1043.4243,43.476012499999996,74.0453
7925,1040.7002,43.36250833333333,85.8036
483,1039.8092,43.32538333333333,58.8802
877,1039.7129,43.32137083333333,102.1615
2022,1039.6363000000001,43.318179166666674,70.10480000000001
5097,1039.4388,43.30994999999999,131.8091
1077,1039.4238,43.309325,102.94279999999999
582,1039.3187,43.304945833333335,55.33359999999999
6326,1037.7241,43.238504166666665,64.06110000000001
779,1036.8033,43.200137500000004,102.35810000000001
977,1036.8033,43.200137500000004,102.35810000000001
878,1036.8033,43.200137500000004,102.35810000000001
3311,1036.5371,43.18904583333333,57.713
535,1036.3246,43.180191666666666,72.1899
2322,1035.4187,43.14244583333333,67.3994
1612,1035.3298,43.13874166666667,62.915499999999994
323,1035.2853,43.1368875,73.4829
324,1035.249,43.135375,73.4615
225,1034.5374,43.105725,73.413
819,1034.4804,43.10335,69.31920000000001
3106,1033.8408,43.076699999999995,59.856899999999996
422,1033.708,43.07116666666667,73.2725
1934,1033.3588,43.05661666666666,64.0604
1918,1031.9935,42.99972916666667,66.62780000000001
2671,1030.319,42.92995833333333,78.2065
28,1029.4886,42.89535833333333,73.2636
1908,1028.9854,42.87439166666667,60.9674
9405,1027.8455000000001,42.82689583333334,62.621900000000004
6027,1027.4695,42.811229166666664,60.4294
4998,1026.328,42.763666666666666,131.1246
4795,1026.2686,42.76119166666667,131.1131
4895,1026.2686,42.76119166666667,131.1131
4996,1026.2686,42.76119166666667,131.1131
4997,1026.2686,42.76119166666667,131.1131
5096,1026.2686,42.76119166666667,131.1131
4796,1026.2686,42.76119166666667,131.1131
4896,1026.2686,42.76119166666667,131.1131
4897,1026.2297,42.759570833333335,131.1116
4898,1026.1946,42.75810833333333,131.1102
4797,1026.1304,42.755433333333336,131.1075
4798,1025.3937,42.7247375,130.9826
2376,1023.673,42.65304166666667,66.94839999999999
6133,1023.1326,42.630525,68.5194
1311,1022.5015,42.60422916666666,61.128
680,1020.2338,42.50974166666666,101.1305
3610,1018.1137,42.42140416666667,94.24059999999999
3611,1018.0015,42.41672916666666,94.2238
1718,1014.3148,42.26311666666667,64.858
6033,1012.3395,42.1808125,67.8622
224,1010.8637,42.11932083333333,71.98780000000001
919,1010.8002,42.116675,67.316
5313,1010.0388,42.08495,61.2953
1506,1009.4189,42.05912083333333,64.8583
4114,1008.7108999999999,42.02962083333333,92.8193
4015,1008.7108999999999,42.02962083333333,92.8193
4014,1008.6919,42.02882916666667,92.81899999999999
2061,1007.9905,41.999604166666664,63.671899999999994
5411,1007.2974,41.970725,60.8787
126,1007.2668,41.96945,71.7713
4113,1007.2244,41.96768333333333,92.9452
3914,1006.0415,41.918395833333335,92.732
3713,1002.6379,41.776579166666664,92.96
6189,1002.2953,41.76230416666667,60.6102
3911,1002.2149,41.75895416666666,93.23339999999999
384,1001.0322,41.709675,57.64410000000001
262,999.1904,41.632933333333334,62.988200000000006
9605,998.8381,41.61825416666667,60.475300000000004
6291,998.1365999999999,41.589025,79.4175
1394,996.2338,41.50974166666666,72.5215
3810,995.5305,41.4804375,92.2621
4112,994.3235,41.430145833333334,92.93509999999999
1511,994.0263,41.4177625,58.399
4011,993.5967,41.399862500000005,92.9007
2020,992.9233,41.37180416666667,64.0415
4013,992.8796,41.36998333333333,92.58759999999998
1293,991.1804,41.29918333333333,72.6288
2268,990.0693,41.2528875,70.93520000000001
4012,989.7823999999999,41.24093333333333,92.54229999999998
1560,989.303,41.220958333333336,71.7009
6502,988.1068,41.17111666666667,61.2191
3612,987.9844,41.16601666666667,91.4844
4995,987.4601,41.144170833333334,124.15220000000001
2257,987.2969,41.137370833333335,61.61
2467,986.5703,41.10709583333333,71.09119999999999
9701,985.7388000000001,41.07245,62.1122
612,984.2672,41.01113333333333,55.879000000000005
402,984.0360000000001,41.0015,57.2351
9716,983.6702,40.98625833333333,57.3789
6029,982.8143,40.95059583333333,67.4999
2577,977.0143,40.70892916666667,84.7266
3912,975.5932,40.64971666666667,91.0144
5909,975.2522,40.635508333333334,67.8572
1462,973.4261,40.559420833333334,62.134100000000004
8026,971.2043,40.46684583333333,65.9042
181,970.279,40.42829166666667,60.128600000000006
2761,968.7783000000001,40.3657625,62.5249
1233,967.6301,40.31792083333333,62.3964
1361,964.4358,40.184825,64.08749999999999
193,960.9154,40.03814166666667,81.7186
2007,959.3804,39.974183333333336,55.634100000000004
1008,957.905,39.912708333333335,59.401700000000005
6290,957.8042,39.90850833333334,68.7976
223,957.7134,39.904725,66.58109999999999
1919,957.1726,39.882191666666664,64.0123
1819,957.1726,39.882191666666664,64.0123
1818,957.1726,39.882191666666664,64.0123
1817,957.1726,39.882191666666664,64.0123
1719,957.1726,39.882191666666664,64.0123
1616,957.1726,39.882191666666664,64.0123
1619,957.1726,39.882191666666664,64.0123
1518,957.1726,39.882191666666664,64.0123
6127,956.9403,39.8725125,59.287699999999994
1844,956.4507,39.8521125,96.9965
1617,956.356,39.848166666666664,64.0264
984,956.0158,39.83399166666667,83.57329999999999
1618,954.9554,39.78980833333333,64.05170000000001
2468,954.6198,39.775825000000005,69.6987
2368,954.6198,39.775825000000005,69.6987
9715,954.3091,39.762879166666664,54.1271
363,954.27,39.76125,62.468799999999995
1517,953.9902,39.74959166666667,63.8106
1536,952.2536,39.677233333333334,72.7852
6327,952.0179,39.667412500000005,59.6576
192,951.2863,39.63692916666667,80.855
293,951.2863,39.63692916666667,80.855
92,951.2863,39.63692916666667,80.855
1542,951.1708,39.63211666666667,95.8281
620,951.1507,39.631279166666666,61.9619
1799,950.6596,39.610816666666665,65.1083
191,949.8368,39.57653333333334,80.72
292,949.7151,39.5714625,80.771
4894,949.3914,39.557975,116.15780000000001
3613,946.9827,39.4576125,87.6514
521,946.7148,39.44645,62.3263
125,945.833,39.409708333333334,68.0726
2474,944.7489,39.364537500000004,85.8544
2105,944.3805,39.3491875,54.5624
1611,943.4937,39.3122375,56.794700000000006
1709,942.2042,39.25850833333333,55.0415
5312,941.0028,39.20845,57.3292
1418,940.9609,39.20670416666667,62.9854
393,940.568,39.190333333333335,80.28309999999999
9505,940.4047,39.183529166666666,56.9284
2132,939.1695000000001,39.1320625,115.44050000000001
1613,938.9001,39.1208375,54.7622
6325,938.0448,39.0852,56.264
6332,937.788,39.0745,64.8806
1907,937.5586,39.06494166666666,56.5891
3812,937.2955,39.053979166666664,87.49119999999999
2122,936.8515,39.03547916666667,62.9328
1610,935.7328,38.98886666666667,54.4944
3913,934.7977,38.94990416666666,86.9186
1507,933.7089000000001,38.9045375,55.961400000000005
4911,932.7473,38.864470833333336,74.3952
3705,932.1785,38.84077083333333,53.8274
27,932.109,38.837875000000004,67.2463
394,931.374,38.80725,79.7311
6227,929.3082,38.721175,58.6414
4503,929.0094,38.708725,50.407199999999996
44,928.3506,38.681275,68.4055
45,928.3506,38.681275,68.4055
46,928.3506,38.681275,68.4055
4302,927.3329,38.638870833333335,50.476299999999995
6231,924.5147,38.52144583333333,64.1624
5015,923.1828,38.46595,76.7292
6026,922.5748,38.44061666666666,54.907300000000006
5832,918.7587,38.2816125,63.769400000000005
6801,918.3072,38.2628,58.014599999999994
6226,918.0176,38.250733333333336,57.882999999999996
389,917.6043999999999,38.23351666666667,79.9098
2361,916.7338,38.19724166666666,57.0285
1717,915.7455,38.1560625,62.3628
596,915.6356,38.15148333333333,72.68769999999999
1543,915.4938,38.145575,92.4636
63,914.324,38.09683333333333,61.866
4675,910.0009,37.91670416666667,62.40260000000001
1564,906.9507,37.7896125,58.6246
2477,906.7859,37.78274583333333,71.2582
5933,905.9965,37.749854166666665,62.8941
1825,904.8853,37.70355416666667,57.5561
1519,904.6872000000001,37.6953,61.098000000000006
3307,904.5075,37.6878125,52.279599999999995
3813,900.6928,37.528866666666666,83.8364
322,897.4659,37.3944125,56.4701
1516,896.0488,37.335366666666665,60.100899999999996
1614,895.7909,37.324620833333334,53.304500000000004
6130,895.1235,37.2968125,62.6655
3508,894.3594,37.264975,66.30250000000001
6031,894.1414,37.25589166666666,62.5018
6131,894.1414,37.25589166666666,62.5018
5931,894.1414,37.25589166666666,62.5018
6030,894.1414,37.25589166666666,62.5018
5833,894.1414,37.25589166666666,62.5018
6132,894.1414,37.25589166666666,62.5018
5932,894.1414,37.25589166666666,62.5018
6032,894.1414,37.25589166666666,62.5018
6232,894.1414,37.25589166666666,62.5018
1643,883.6046,36.816858333333336,91.5048
2198,882.7846,36.782691666666665,52.3432
2330,882.133,36.755541666666666,105.8001
1290,881.1709,36.71545416666667,74.5419
263,880.3722,36.682175,60.2329
62,880.3722,36.682175,60.2329
163,880.3722,36.682175,60.2329
162,880.3722,36.682175,60.2329
61,880.3722,36.682175,60.2329
25,879.265,36.636041666666664,64.0649
26,879.265,36.636041666666664,64.0649
2323,878.4732,36.60305,75.4296
188,877.5098,36.56290833333333,65.984
4202,875.4677,36.47782083333333,50.9524
3312,875.2368,36.4682,51.5293
124,875.1848,36.466033333333336,63.3179
24,871.9897,36.332904166666665,63.1507
1211,870.6323,36.27634583333333,52.461800000000004
1644,870.5813,36.27422083333334,90.652
1515,870.5206000000001,36.27169166666667,51.1827
1745,870.4127,36.26719583333333,90.64590000000001
1744,869.8836,36.24515,90.6267
1845,869.8836,36.24515,90.6267
1419,869.3867,36.224445833333334,58.7635
1835,867.1536,36.1314,65.3804
9916,855.4148,35.64228333333333,51.4266
7826,854.1745,35.590604166666665,70.39320000000001
9909,853.8512000000001,35.577133333333336,53.9246
1808,849.9147,35.413112500000004,50.2281
6126,849.638,35.401583333333335,51.5633
6191,849.2189,35.384120833333334,57.4338
311,848.5182,35.354925,54.0241
6190,844.7917,35.19965416666667,57.4317
5906,841.0391999999999,35.043299999999995,58.008799999999994
1205,839.9442,34.997675,50.828
9406,838.1703,34.9237625,50.5347
5195,837.6901,34.903754166666666,61.5102
1415,837.013,34.87554166666667,50.5591
421,835.7272,34.82196666666667,50.9869
2503,834.6858,34.778575,51.4383
5921,832.5845,34.69102083333333,58.26559999999999
2324,830.0556,34.58565,72.9731
5095,829.4243,34.55934583333333,96.2724
719,827.1301,34.46375416666667,50.2244
2673,826.2685,34.42785416666667,82.8293
1708,825.9462,34.414425,50.436099999999996
1410,825.9462,34.414425,50.436099999999996
1409,825.9462,34.414425,50.436099999999996
1412,825.9462,34.414425,50.436099999999996
1413,825.9462,34.414425,50.436099999999996
1602,825.9462,34.414425,50.436099999999996
1408,825.9462,34.414425,50.436099999999996
1314,825.9462,34.414425,50.436099999999996
1312,825.9462,34.414425,50.436099999999996
1603,825.9462,34.414425,50.436099999999996
1608,825.9462,34.414425,50.436099999999996
1609,825.9462,34.414425,50.436099999999996
1604,825.9462,34.414425,50.436099999999996
1113,825.9462,34.414425,50.436099999999996
1214,825.9462,34.414425,50.436099999999996
1213,825.9462,34.414425,50.436099999999996
1209,825.9462,34.414425,50.436099999999996
1505,825.9462,34.414425,50.436099999999996
1509,825.9462,34.414425,50.436099999999996
1508,825.9462,34.414425,50.436099999999996
1512,825.9462,34.414425,50.436099999999996
1502,825.9462,34.414425,50.436099999999996
1305,825.9462,34.414425,50.436099999999996
1513,825.9462,34.414425,50.436099999999996
1510,825.9462,34.414425,50.436099999999996
1313,825.9462,34.414425,50.436099999999996
1405,825.9462,34.414425,50.436099999999996
1315,825.9462,34.414425,50.436099999999996
1309,825.9462,34.414425,50.436099999999996
1707,824.9676000000001,34.373650000000005,50.3905
1112,824.5301,34.35542083333333,50.3672
1304,824.3411,34.347545833333335,50.35940000000001
1706,823.6962,34.320675,50.331100000000006
3005,822.5917999999999,34.27465833333333,47.2512
4806,821.7827,34.240945833333335,47.1083
1288,819.7376,34.15573333333334,84.3635
1660,819.5027,34.145945833333336,58.37960000000001
1296,819.4704,34.144600000000004,82.1178
1806,819.1196,34.129983333333335,50.1176
410,818.8602999999999,34.11917916666666,50.5462
1704,818.4599999999999,34.1025,50.0999
1210,817.4846,34.06185833333333,49.4901
2573,817.4347,34.059779166666665,82.3198
7926,816.8031,34.0334625,72.64869999999999
187,816.1897,34.00790416666667,61.1121
9908,816.0453,34.0018875,52.1362
6025,814.5837,33.9409875,48.9747
2576,814.5202999999999,33.93834583333333,83.0325
1514,813.86,33.910833333333336,46.3471
1114,813.8064,33.9086,48.6167
2476,813.564,33.8985,82.3123
1111,813.3466999999999,33.88944583333333,49.823699999999995
1605,811.8309,33.8262875,49.777100000000004
1727,811.1674,33.79864166666667,50.1218
1702,810.9851,33.791045833333335,49.7104
1110,810.8643000000001,33.786012500000005,49.703100000000006
1215,810.5503,33.772929166666664,48.4163
2475,809.5983,33.7332625,82.843
2574,809.5983,33.7332625,82.843
2575,809.5983,33.7332625,82.843
1601,808.9696,33.70706666666667,49.6248
1021,807.7719000000001,33.657162500000005,54.871
5804,806.9995,33.62497916666667,47.104699999999994
9608,806.8705,33.61960416666667,50.8289
1404,805.6446,33.568525,49.2013
2033,804.4225,33.517604166666665,65.5155
495,801.511,33.39629166666666,72.53099999999999
5924,801.1681,33.38200416666667,59.7869
5923,801.1681,33.38200416666667,59.7869
1735,799.2872,33.30363333333333,59.1558
1402,798.5919,33.2746625,48.69559999999999
1414,798.162,33.256750000000004,45.3743
1013,797.8288,33.242866666666664,47.6388
1109,797.7714000000001,33.240475,49.066500000000005
818,796.4601,33.1858375,45.21
1029,795.367,33.14029166666666,50.317499999999995
5922,795.0377,33.12657083333333,58.9889
1204,793.9628,33.081783333333334,47.4112
1504,793.5312,33.0638,48.6149
1998,793.4422,33.060091666666665,49.11059999999999
1705,793.2083,33.05034583333333,48.908
1607,793.1695,33.04872916666667,48.6708
2062,792.6676,33.027816666666666,56.3621
1329,790.2922,32.92884166666666,45.3157
1012,789.7583,32.906595833333334,47.405
1620,789.604,32.90016666666667,54.3815
918,789.5155,32.896479166666666,45.7636
3606,789.3743,32.89059583333333,47.7977
1115,782.5966999999999,32.60819583333333,46.6956
1303,782.048,32.58533333333333,46.72
386,780.9109,32.537954166666665,64.6003
7821,780.3596,32.51498333333333,117.4614
1802,780.0053,32.50022083333334,48.1467
1030,779.4893,32.478720833333334,54.4997
1014,778.7616,32.4484,46.459500000000006
1703,778.3539000000001,32.4314125,48.1841
6007,775.5477999999999,32.31449166666666,55.88459999999999
1116,774.8867,32.286945833333334,46.237899999999996
1015,774.4672,32.269466666666666,46.219100000000005
494,773.9493,32.2478875,70.8873
5710,773.7637,32.24015416666666,58.0018
3811,772.9567,32.20652916666666,71.6468
1805,770.8463,32.11859583333334,47.864200000000004
1216,769.4819,32.06174583333333,46.092099999999995
1606,765.3141,31.8880875,47.339400000000005
914,764.2448,31.843533333333337,45.691900000000004
1417,763.8042,31.825175,51.7658
907,763.6985999999999,31.820774999999998,45.006
1803,763.4518,31.810491666666667,47.625099999999996
1501,761.9041,31.746004166666665,46.9623
595,761.1682999999999,31.71534583333333,68.5231
9816,760.7581,31.69825416666667,45.2903
1104,760.3965,31.6831875,44.6712
915,759.4698,31.644575,45.447399999999995
1807,756.7677,31.5319875,46.2809
585,756.3787,31.515779166666665,64.2201
1520,755.8485,31.493687499999997,51.8682
893,754.6404,31.44335,63.78159999999999
6324,753.9182,31.41325833333333,45.057199999999995
1920,752.2448,31.343533333333337,53.4705
1406,751.7035,31.320979166666664,48.8368
2064,750.9782,31.290758333333333,54.7614
1011,750.4408999999999,31.268370833333332,45.7497
520,749.3832,31.2243,47.2299
285,748.0704000000001,31.169600000000003,51.9023
9506,747.9901,31.166254166666665,48.3923
1503,746.58,31.1075,45.735
908,746.2037,31.091820833333333,44.7368
1308,745.6131,31.0672125,45.505199999999995
1820,744.5908000000001,31.02461666666667,53.0733
1004,744.1998,31.008325,43.5703
186,741.3399,30.889162499999998,53.894299999999994
718,740.0934,30.837225,46.8658
419,738.187,30.757791666666666,47.0047
618,738.187,30.757791666666666,47.0047
518,738.187,30.757791666666666,47.0047
420,738.187,30.757791666666666,47.0047
619,738.187,30.757791666666666,47.0047
519,738.187,30.757791666666666,47.0047
1203,737.8494000000001,30.743725,43.398700000000005
5294,737.5891,30.732879166666667,55.06219999999999
1903,736.6554,30.693975,46.1947
1804,736.5275,30.688645833333336,46.383799999999994
1904,736.2189000000001,30.675787500000002,46.381
906,735.26,30.635833333333334,43.055800000000005
9906,734.378,30.599083333333336,48.8113
1020,734.2651000000001,30.59437916666667,49.5005
1010,734.063,30.585958333333334,45.2282
2004,733.1875,30.549479166666668,46.0202
808,732.2556,30.51065,43.39809999999999
91,730.5109,30.437954166666668,60.257000000000005
517,730.3095,30.4295625,46.6391
321,728.6731,30.361379166666666,46.627399999999994
1563,726.2327,30.259695833333335,54.069700000000005
1665,726.0027,30.2501125,54.0634
1960,725.7021,30.2375875,54.1701
2005,724.7279,30.196995833333332,45.7868
411,724.4905,30.187104166666668,43.821200000000005
1202,723.9087,30.1628625,42.4152
1720,723.0159,30.1256625,51.817099999999996
401,722.841,30.118375,42.3641
1701,722.4518,30.102158333333335,44.3592
1461,721.7364,30.07235,54.1606
801,721.5182,30.063258333333334,42.3697
1022,721.4851,30.061879166666667,47.111200000000004
1561,720.9854,30.041058333333336,54.1294
1760,720.9402,30.039175,54.1055
1860,720.8275,30.034479166666667,54.046200000000006
1661,720.7377,30.0307375,53.9983
1562,720.6153,30.025637500000002,53.9336
1761,720.592,30.024666666666665,53.9213
1764,720.5791,30.02412916666667,53.9149
1763,720.5791,30.02412916666667,53.9149
1963,720.5791,30.02412916666667,53.9149
1965,720.5791,30.02412916666667,53.9149
1962,720.5791,30.02412916666667,53.9149
1961,720.5791,30.02412916666667,53.9149
1964,720.5791,30.02412916666667,53.9149
1863,720.5791,30.02412916666667,53.9149
1862,720.5791,30.02412916666667,53.9149
1864,720.5791,30.02412916666667,53.9149
1762,720.5791,30.02412916666667,53.9149
1664,720.5791,30.02412916666667,53.9149
1662,720.5791,30.02412916666667,53.9149
1663,720.5791,30.02412916666667,53.9149
2063,720.5791,30.02412916666667,53.9149
1861,720.5791,30.02412916666667,53.9149
1865,720.4221,30.0175875,53.9132
1765,720.3765,30.0156875,53.9127
807,720.2158000000001,30.00899166666667,42.2068
904,718.717,29.946541666666665,42.12220000000001
1622,718.6429,29.94345416666667,51.7889
1102,718.3162,29.929841666666665,41.43899999999999
702,718.0674,29.919475000000002,42.0856
9809,717.8694,29.911225,47.4922
617,717.4561,29.894004166666665,45.194
905,717.2529,29.885537499999998,42.0396
418,716.8836,29.87015,46.1601
1521,716.3172000000001,29.846550000000004,49.198100000000004
1117,716.2173,29.8423875,43.882999999999996
4994,716.1452,29.839383333333334,76.3927
1009,715.8194,29.82580833333333,43.586999999999996
1905,715.7639,29.823495833333336,45.3301
1103,714.5897,29.774570833333332,41.889300000000006
806,714.4843,29.770179166666665,41.88340000000001
607,714.4487,29.768695833333336,41.881299999999996
392,714.3987,29.766612499999997,68.21029999999999
1101,713.6326,29.734691666666667,41.838699999999996
3206,713.6155,29.733979166666668,41.5035
1401,712.0656,29.6694,42.236900000000006
4003,711.9195,29.6633125,42.41010000000001
903,711.6034,29.650141666666666,41.720600000000005
694,711.3673,29.640304166666667,65.6979
289,711.2556,29.63565,68.2629
707,710.7935,29.616395833333332,41.675000000000004
6024,710.7301,29.613754166666666,49.10080000000001
803,710.6422,29.610091666666666,41.6664
804,710.556,29.6065,41.661500000000004
5603,710.547,29.606125000000002,41.02000000000001
1316,710.4924,29.603849999999998,44.2017
901,710.1066,29.587774999999997,41.6362
504,710.1066,29.587774999999997,41.6362
703,710.1066,29.587774999999997,41.6362
606,710.1066,29.587774999999997,41.6362
601,710.1066,29.587774999999997,41.6362
705,710.1066,29.587774999999997,41.6362
805,710.1066,29.587774999999997,41.6362
502,710.1066,29.587774999999997,41.6362
603,710.1066,29.587774999999997,41.6362
706,710.1066,29.587774999999997,41.6362
602,710.1066,29.587774999999997,41.6362
605,710.1066,29.587774999999997,41.6362
503,710.1066,29.587774999999997,41.6362
506,710.1066,29.587774999999997,41.6362
701,710.1066,29.587774999999997,41.6362
1201,710.1066,29.587774999999997,41.6362
704,710.1066,29.587774999999997,41.6362
1301,710.1066,29.587774999999997,41.6362
604,710.1066,29.587774999999997,41.6362
501,710.1066,29.587774999999997,41.6362
505,710.1066,29.587774999999997,41.6362
902,710.1066,29.587774999999997,41.6362
1001,710.1066,29.587774999999997,41.6362
5703,710.0269,29.584454166666664,40.60679999999999
1906,709.4839,29.561829166666666,45.0001
512,707.5607,29.481695833333333,41.9981
123,706.5688,29.440366666666666,45.832600000000006
1302,706.5033,29.437637499999997,41.846000000000004
2104,706.398,29.43325,43.0246
1092,706.3674,29.431974999999998,61.722300000000004
802,706.3342,29.43059166666667,41.5416
507,706.1806,29.42419166666667,41.5003
717,704.9341,29.372254166666664,41.766200000000005
1002,704.3687,29.348695833333334,41.2086
1421,704.3100000000001,29.34625,48.1116
312,703.5725,29.315520833333334,44.8252
291,703.3595,29.306645833333334,67.6212
1108,703.3283,29.305345833333334,42.93549999999999
817,702.7106,29.279608333333332,42.1513
912,701.3643,29.2235125,42.4657
913,701.2931,29.220545833333333,42.4621
1018,701.0337999999999,29.209741666666662,42.4541
1319,699.0891,29.128712500000002,47.403000000000006
281,697.9591,29.08162916666667,54.5891
708,696.5662,29.023591666666665,41.2212
9808,695.1576,28.9649,46.5292
1403,692.7912,28.8663,43.1122
6602,691.5351,28.813962500000002,47.1272
1003,691.3448,28.806033333333332,40.650099999999995
608,690.3374,28.764058333333335,40.998599999999996
1320,688.0854,28.670225000000002,46.6447
1220,687.9729,28.6655375,46.628
1321,687.1514000000001,28.631308333333337,46.563
508,686.0946,28.587275,40.8004
1028,685.7269,28.571954166666668,43.029799999999994
513,685.2356,28.551483333333334,40.7391
1120,685.1639,28.548495833333334,46.20980000000001
1119,684.9886,28.541191666666666,46.183800000000005
1019,684.9886,28.541191666666666,46.183800000000005
509,684.6595,28.527479166666666,40.755700000000004
510,684.6595,28.527479166666666,40.755700000000004
609,684.6595,28.527479166666666,40.755700000000004
610,684.6595,28.527479166666666,40.755700000000004
6122,684.1671,28.5069625,40.8825
709,683.6188000000001,28.48411666666667,40.7569
611,683.1560999999999,28.464837499999998,40.7573
511,682.5103,28.437929166666667,40.6286
1407,682.1631,28.4234625,41.3797
1219,681.1958999999999,28.383162499999997,46.2313
313,681.0934,28.378891666666664,40.7086
6008,681.078,28.378249999999998,53.0788
211,680.9518,28.372991666666667,44.61110000000001
613,679.0641,28.2943375,40.2154
1186,678.3886,28.266191666666668,67.4739
710,676.8578,28.202408333333334,40.7641
412,676.3639000000001,28.18182916666667,40.2651
413,676.3639000000001,28.18182916666667,40.2651
414,676.288,28.17866666666667,40.260400000000004
1105,674.976,28.124,39.9812
514,674.4776,28.103233333333336,40.279199999999996
1221,673.7839,28.07432916666667,45.3089
6023,673.6342,28.068091666666664,44.717600000000004
813,673.2678,28.052825,41.0243
222,673.186,28.04941666666667,44.101800000000004
5806,673.1168,28.046533333333333,52.3467
715,672.7417,28.03090416666667,40.965599999999995
809,671.5919,27.982995833333334,40.769299999999994
9806,671.3317,27.972154166666666,45.9014
320,670.9244,27.955183333333334,44.337900000000005
5311,669.8496,27.9104,41.558
711,669.6586,27.902441666666665,40.7715
9712,668.8007,27.866695833333335,45.6181
714,668.6933,27.862220833333335,40.7868
910,668.5943,27.858095833333334,40.7869
911,668.4826,27.85344166666667,40.780100000000004
1725,668.442,27.85175,42.3592
909,668.3707999999999,27.84878333333333,40.7731
812,668.3707999999999,27.84878333333333,40.7731
811,668.3707999999999,27.84878333333333,40.7731
810,668.3707999999999,27.84878333333333,40.7731
1621,667.8675,27.827812499999997,47.6673
1017,667.0858,27.795241666666666,40.7149
917,665.7209,27.738370833333335,40.6131
916,663.8264,27.659433333333336,40.547200000000004
5002,663.5737,27.648904166666668,40.94160000000001
816,663.3352,27.638966666666665,40.522600000000004
5809,662.7858,27.616075,52.3501
614,662.7662,27.615258333333333,40.3928
716,662.7302999999999,27.613762499999996,40.4916
111,662.7129,27.6130375,43.2337
4575,662.4322999999999,27.60134583333333,45.6327
1016,661.4694,27.561224999999997,40.083
515,661.1048,27.54603333333333,40.091100000000004
615,660.2774,27.51155833333333,40.299099999999996
1217,659.5766,27.482358333333334,43.77629999999999
796,659.0731,27.461379166666664,56.852000000000004
6223,658.7641,27.448504166666666,39.6496
9815,658.4465,27.435270833333334,37.2982
5338,657.6445,27.401854166666666,55.366699999999994
5709,655.5754,27.315641666666664,52.028099999999995
5708,655.2776,27.303233333333335,51.9381
5908,654.6786999999999,27.278279166666664,51.757
5238,653.6678999999999,27.236162499999995,49.83149999999999
1420,653.3741,27.223920833333334,45.781200000000005
2006,651.8321,27.159670833333333,41.0068
5807,649.8941,27.07892083333333,51.4346
1208,649.4054,27.058558333333334,39.2449
1416,645.7754,26.907308333333333,44.422399999999996
5503,645.1154,26.879808333333333,38.370599999999996
1318,643.9079,26.829495833333336,44.675
5610,643.4118,26.808825,51.01689999999999
2098,642.1685,26.757020833333332,40.5544
2400,642.1685,26.757020833333332,40.5544
2399,642.1685,26.757020833333332,40.5544
2299,642.1685,26.757020833333332,40.5544
5907,642.1423,26.755929166666665,50.91159999999999
417,640.1392,26.672466666666665,43.1175
6225,639.3883,26.641179166666664,39.2179
1317,639.0742,26.628091666666666,44.392900000000004
6401,638.7108,26.612949999999998,44.88000000000001
2199,638.2828,26.595116666666666,40.3352
9811,634.5734,26.440558333333332,43.5505
5808,633.4568,26.394033333333336,50.362
616,630.1458,26.256075,38.4692
287,628.4967,26.187362500000003,61.784499999999994
1218,626.6928,26.1122,43.6669
319,625.7225999999999,26.071775,42.545899999999996
314,620.7113,25.862970833333335,37.0543
5609,620.5355,25.85564583333333,49.565
415,618.4745,25.769770833333336,37.4644
2661,617.89,25.745416666666667,43.8528
23,617.0398,25.709991666666667,41.3929
2223,612.6672,25.5278,48.5326
6022,612.4279,25.51782916666667,37.4854
190,612.3139,25.513079166666667,56.7927
2222,611.6998,25.487491666666667,47.3826
6224,611.2118,25.467158333333334,37.3417
6123,611.2118,25.467158333333334,37.3417
6125,611.2118,25.467158333333334,37.3417
6124,611.2118,25.467158333333334,37.3417
6021,610.5109,25.437954166666668,37.3417
388,609.3129,25.3880375,62.806799999999996
1306,608.855,25.368958333333335,36.1872
5011,608.6251,25.359379166666667,56.964800000000004
1533,607.351,25.306291666666667,42.2465
5707,607.3474,25.306141666666665,48.2817
9512,606.7853,25.282720833333332,41.0045
2099,606.4374,25.268225,38.538
1006,605.806,25.24191666666667,35.7671
9509,604.723,25.196791666666666,42.9508
1728,604.1965,25.174854166666666,37.9346
221,601.0783,25.044929166666666,41.568799999999996
5805,600.1351999999999,25.005633333333332,45.319799999999994
1118,599.7832,24.990966666666665,41.365899999999996
5010,598.9564,24.95651666666667,56.3094
3105,596.9966000000001,24.874858333333336,37.419
2300,596.5678,24.85699166666667,37.9808
1023,595.9821000000001,24.832587500000002,37.1877
9706,595.4811,24.8117125,42.0241
516,595.2223,24.800929166666666,39.6623
315,594.6621,24.7775875,40.4283
318,594.5227,24.771779166666665,41.3088
6701,594.2835,24.7618125,42.7832
6501,594.2835,24.7618125,42.7832
6601,594.2835,24.7618125,42.7832
9609,594.0501,24.752087500000002,41.630900000000004
2003,591.5074999999999,24.646145833333332,36.506699999999995
1729,591.4538,24.643908333333332,37.2008
1827,591.4538,24.643908333333332,37.2008
1828,591.4538,24.643908333333332,37.2008
1927,591.4538,24.643908333333332,37.2008
2027,591.4538,24.643908333333332,37.2008
2028,591.4538,24.643908333333332,37.2008
1926,591.4538,24.643908333333332,37.2008
1928,591.4538,24.643908333333332,37.2008
2128,591.4538,24.643908333333332,37.2008
1829,591.4538,24.643908333333332,37.2008
1121,590.7509,24.614620833333333,37.9272
11,590.7277,24.613654166666667,38.8392
416,590.3761,24.599004166666663,40.036100000000005
1721,590.0352,24.5848,45.648700000000005
1929,588.722,24.530083333333334,37.4691
2123,588.0246999999999,24.501029166666665,44.6582
2025,586.9788,24.457449999999998,36.9166
1189,585.4441,24.39350416666667,61.7663
2023,584.526,24.355249999999998,41.9204
9713,583.8403,24.326679166666665,39.8497
316,583.0725,24.2946875,40.7088
117,582.9141999999999,24.288091666666663,40.8487
118,582.9141999999999,24.288091666666663,40.8487
120,582.9141999999999,24.288091666666663,40.8487
218,582.9141999999999,24.288091666666663,40.8487
119,582.9141999999999,24.288091666666663,40.8487
220,582.9141999999999,24.288091666666663,40.8487
217,582.9141999999999,24.288091666666663,40.8487
219,582.9141999999999,24.288091666666663,40.8487
317,582.9141999999999,24.288091666666663,40.8487
18,582.9051,24.287712499999998,40.8477
121,582.8871,24.2869625,40.844699999999996
17,582.6867,24.278612499999998,40.8268
19,582.5948999999999,24.2747875,40.8133
1522,582.5648,24.273533333333333,37.7239
216,582.5353,24.272304166666668,40.8123
20,582.4612999999999,24.269220833333332,40.798500000000004
21,582.2728999999999,24.26137083333333,40.758900000000004
122,581.933,24.247208333333333,40.7053
22,581.786,24.241083333333332,40.683800000000005
1289,579.9572,24.164883333333332,61.471900000000005
696,578.9169,24.121537500000002,50.6285
1730,578.6117,24.108820833333336,38.1706
2021,578.4704,24.102933333333336,45.65809999999999
5510,577.2362,24.051508333333334,44.150400000000005
1826,577.0899000000001,24.0454125,36.0852
2127,576.9952,24.041466666666665,36.829
1005,576.6168,24.0257,33.053200000000004
1187,576.1655,24.00689583333333,61.1702
116,574.9751,23.957295833333333,40.0364
5009,574.1755,23.92397916666667,38.369800000000005
288,573.8348,23.909783333333333,59.9247
89,573.8022,23.908424999999998,47.4228
88,573.8022,23.908424999999998,47.4228
90,573.8022,23.908424999999998,47.4228
2029,573.5431,23.897629166666665,38.550799999999995
493,570.738,23.78075,60.1961
9508,570.5625,23.7734375,39.547399999999996
685,570.4988,23.77078333333333,60.6799
1999,568.6295,23.692895833333335,36.4041
9610,568.6153,23.69230416666667,40.2024
5339,567.0752,23.628133333333334,45.9752
1830,566.6714000000001,23.611308333333337,39.539500000000004
215,566.2245,23.5926875,37.5684
1089,565.4154,23.558975,60.6171
1130,564.7496,23.531233333333333,35.764399999999995
1087,564.5288,23.522033333333336,60.5662
688,564.5288,23.522033333333336,60.5662
987,564.5288,23.522033333333336,60.5662
988,564.5288,23.522033333333336,60.5662
986,564.5288,23.522033333333336,60.5662
1088,564.5288,23.522033333333336,60.5662
889,564.5288,23.522033333333336,60.5662
489,564.5288,23.522033333333336,60.5662
1188,564.5288,23.522033333333336,60.5662
886,564.5288,23.522033333333336,60.5662
687,564.5288,23.522033333333336,60.5662
686,564.5288,23.522033333333336,60.5662
885,564.5288,23.522033333333336,60.5662
989,564.5288,23.522033333333336,60.5662
785,564.5288,23.522033333333336,60.5662
587,564.5288,23.522033333333336,60.5662
586,564.5288,23.522033333333336,60.5662
589,564.5288,23.522033333333336,60.5662
588,564.5288,23.522033333333336,60.5662
590,564.5288,23.522033333333336,60.5662
690,564.5288,23.522033333333336,60.5662
490,564.5288,23.522033333333336,60.5662
486,564.5288,23.522033333333336,60.5662
789,564.5288,23.522033333333336,60.5662
786,564.5288,23.522033333333336,60.5662
488,564.5288,23.522033333333336,60.5662
689,564.5288,23.522033333333336,60.5662
487,564.5288,23.522033333333336,60.5662
1086,564.5231,23.521795833333332,60.563599999999994
1085,564.5225,23.521770833333335,60.328599999999994
491,564.492,23.5205,60.563599999999994
790,564.3144,23.513099999999998,60.5524
387,563.787,23.491125,60.5086
788,563.4836,23.478483333333333,60.492900000000006
2426,563.294,23.470583333333334,43.4368
9606,563.1876,23.46615,39.9013
787,563.0504,23.46043333333333,60.4626
9511,562.5108,23.43795,40.4305
985,562.3718,23.432158333333334,60.4152
3804,562.2917,23.428820833333333,37.813
9708,561.3681,23.3903375,40.2481
9709,561.1496,23.38123333333333,40.1466
189,560.0267,23.334445833333334,51.5733
9607,559.887,23.328625,40.0295
9611,559.407,23.308625000000003,40.0025
9710,559.2493,23.302054166666665,39.9896
9907,559.224,23.301000000000002,39.987500000000004
9612,559.224,23.301000000000002,39.987500000000004
9810,559.224,23.301000000000002,39.987500000000004
9711,559.224,23.301000000000002,39.987500000000004
390,558.3552999999999,23.264804166666664,60.0158
1925,557.9274,23.246975000000003,34.5969
888,557.033,23.209708333333335,60.0411
887,556.6322,23.193008333333335,60.013099999999994
2461,555.994,23.166416666666667,38.6693
9707,554.6456000000001,23.110233333333337,40.0643
890,553.6659999999999,23.069416666666665,59.8925
9807,553.2729,23.053037500000002,39.92190000000001
1921,551.3344,22.972266666666666,44.25
5001,550.3557,22.9314875,34.5007
4907,549.3851999999999,22.891049999999996,31.479100000000003
391,548.0325,22.8346875,59.43600000000001
1422,546.6727999999999,22.77803333333333,34.294000000000004
2129,545.5716,22.73215,37.6678
381,544.0432,22.668466666666664,46.8723
591,543.7829,22.657620833333336,59.391799999999996
290,542.2214,22.592558333333333,59.01219999999999
9507,542.0315,22.584645833333337,38.510099999999994
1629,540.3102,22.512925,33.124700000000004
2557,536.648,22.360333333333333,38.2081
2702,536.5092999999999,22.354554166666663,33.5415
1310,536.0253,22.334387500000002,32.1873
87,535.0254,22.292725,43.567699999999995
2224,531.9176,22.163233333333334,38.6884
1821,531.8533,22.160554166666667,43.2389
2802,531.3242,22.138508333333334,31.848300000000002
1722,529.8928,22.078866666666666,38.4666
1726,529.7455,22.072729166666665,32.4081
1027,527.0676,21.96115,31.4429
2660,526.2625,21.92760416666667,37.4187
2628,524.9467,21.872779166666664,43.1356
990,523.9924,21.833016666666666,58.1767
5239,523.9725,21.8321875,43.6254
2456,520.5404,21.689183333333332,37.6383
1731,518.0966,21.58735833333333,38.0455
1930,517.65,21.568749999999998,37.787600000000005
2561,517.3246,21.55519166666667,37.6279
1902,517.0448,21.543533333333333,32.363
1922,515.7379,21.489079166666667,41.952600000000004
2760,514.6092,21.44205,37.234700000000004
5094,514.2537,21.4272375,41.4929
2026,513.4215,21.3925625,32.1717
2260,509.173,21.215541666666667,36.2804
5403,507.6024,21.1501,30.8325
1831,507.5171,21.146545833333334,37.232299999999995
1801,506.1187,21.088279166666666,31.778999999999996
5194,506.0028,21.08345,38.326
2229,502.3867,20.932779166666666,35.6476
1228,501.0327,20.8763625,30.218400000000003
492,499.64,20.81833333333333,56.8036
16,497.9371,20.747379166666665,32.3528
1630,495.8104,20.65876666666667,29.5226
594,495.2989,20.637454166666668,56.121300000000005
212,492.8929,20.537204166666665,31.745700000000003
1626,491.8318,20.492991666666665,29.8149
213,490.4327,20.434695833333333,30.0628
2125,490.152,20.423,33.9852
2227,489.4294,20.392891666666667,34.5768
383,488.4388,20.35161666666667,43.5566
2225,487.73900000000003,20.322458333333334,34.5333
2326,487.73900000000003,20.322458333333334,34.5333
2325,487.73900000000003,20.322458333333334,34.5333
2226,487.73900000000003,20.322458333333334,34.5333
2126,487.6968,20.3207,32.2762
2527,487.6702,20.319591666666668,37.072100000000006
2228,486.3435,20.2643125,33.5529
1524,486.1175,20.254895833333332,29.455900000000003
1526,486.1175,20.254895833333332,29.455900000000003
1523,486.1175,20.254895833333332,29.455900000000003
1624,486.1175,20.254895833333332,29.455900000000003
1723,486.1175,20.254895833333332,29.455900000000003
1525,486.1175,20.254895833333332,29.455900000000003
1623,486.1175,20.254895833333332,29.455900000000003
1625,486.1175,20.254895833333332,29.455900000000003
2403,486.1058,20.254408333333334,30.6013
1527,485.8288,20.242866666666668,29.464300000000005
1528,483.6157,20.150654166666666,29.527500000000003
1007,483.4545,20.1439375,28.4561
1530,483.02180000000004,20.125908333333335,29.544400000000003
1529,483.02180000000004,20.125908333333335,29.544400000000003
1328,483.0125,20.125520833333333,29.543400000000002
1427,482.5061,20.104420833333332,29.410099999999996
82,481.8033,20.0751375,42.991499999999995
1090,481.1117,20.046320833333333,55.773
1428,479.3298,19.972075,29.0844
1724,478.5446,19.939358333333335,28.540999999999997
3504,477.1518,19.881325,32.9296
1327,476.6243,19.859345833333332,28.7475
3407,476.18399999999997,19.840999999999998,32.7685
1322,476.0981,19.837420833333333,28.829300000000003
1425,474.1531,19.756379166666665,28.102800000000002
581,473.2182,19.717425000000002,42.6117
691,473.1954,19.716475,55.334300000000006
5293,472.7585,19.698270833333336,35.3115
2558,472.3508,19.681283333333333,34.413
9613,472.0364,19.668183333333335,32.4381
1430,471.0557,19.627320833333332,28.053599999999996
1132,470.79580000000004,19.61649166666667,28.5329
1424,470.4761,19.603170833333333,28.0689
1634,470.4439,19.601829166666665,33.360499999999995
1423,470.1376,19.589066666666668,28.065600000000003
1822,470.1239,19.588495833333333,36.489900000000006
2103,469.3383,19.5557625,30.2902
1429,469.2984,19.554100000000002,27.856900000000003
1426,468.9456,19.5394,28.0304
2230,468.23990000000003,19.509995833333335,35.7577
115,467.5458,19.481075,30.1021
2030,464.9976,19.3749,33.2008
1431,464.769,19.365375,28.0934
1229,463.8474,19.326975,28.234199999999998
1531,463.3753,19.307304166666665,30.489800000000002
1227,462.121,19.255041666666667,27.798499999999997
86,460.3993,19.183304166666666,41.7567
2327,459.921,19.163375,32.5393
1127,459.3743,19.140595833333332,27.9428
2159,458.9343,19.1222625,33.8087
1190,458.2255,19.09272916666667,54.4831
1026,457.81370000000004,19.075570833333334,27.952
1323,457.81370000000004,19.075570833333334,27.952
1025,457.81370000000004,19.075570833333334,27.952
1324,457.4846,19.061858333333333,27.9276
83,457.0062,19.041925,42.5554
282,457.0062,19.041925,42.5554
482,457.0062,19.041925,42.5554
284,457.0062,19.041925,42.5554
283,457.0062,19.041925,42.5554
84,457.0062,19.041925,42.5554
85,457.0062,19.041925,42.5554
382,457.0062,19.041925,42.5554
184,457.0062,19.041925,42.5554
185,457.0062,19.041925,42.5554
183,457.0062,19.041925,42.5554
481,456.976,19.040666666666667,42.5529
182,456.76959999999997,19.032066666666665,42.41799999999999
1933,456.4495,19.018729166666667,33.1386
1325,456.26480000000004,19.011033333333334,27.8372
1222,456.2466,19.010275,27.7541
1128,456.2429,19.010120833333335,27.4197
1126,456.1981,19.008254166666667,27.8323
1125,455.351,18.972958333333334,27.7694
1326,455.0516,18.960483333333332,27.7473
1223,454.89840000000004,18.9541,27.7359
1224,454.73830000000004,18.94742916666667,27.7241
1124,454.72790000000003,18.946995833333336,27.7232
1123,454.7166,18.946525,27.7224
1232,454.7166,18.946525,27.7224
1231,454.7166,18.946525,27.7224
1122,454.7166,18.946525,27.7224
1226,454.7166,18.946525,27.7224
1225,454.7166,18.946525,27.7224
1331,454.7166,18.946525,27.7224
1330,454.6892,18.945383333333336,27.7213
1832,454.5898,18.941241666666667,33.0447
1332,454.09310000000005,18.920545833333335,27.6666
2203,453.98879999999997,18.9162,29.352700000000002
1924,451.3169,18.804870833333332,27.8816
2131,450.8323,18.784679166666667,32.8122
2032,450.16020000000003,18.756675,32.6987
2031,450.16020000000003,18.756675,32.6987
1932,450.16020000000003,18.756675,32.6987
1931,450.16020000000003,18.756675,32.6987
2130,449.3899,18.72457916666667,32.6026
1628,448.476,18.6865,28.2168
1631,447.3977,18.641570833333333,32.0598
1833,447.0836,18.62848333333333,32.408899999999996
5706,446.3216,18.596733333333333,31.438200000000002
1432,446.0745,18.5864375,31.822000000000003
1732,446.0521,18.585504166666666,32.3117
995,445.9652,18.581883333333334,41.7704
3104,445.5251,18.563545833333333,32.519600000000004
1733,445.4306,18.559608333333333,32.2532
1834,445.4306,18.559608333333333,32.2532
1734,445.4306,18.559608333333333,32.2532
1632,445.4306,18.559608333333333,32.2532
1635,445.4306,18.559608333333333,32.2532
1433,445.4306,18.559608333333333,32.2532
1532,445.4306,18.559608333333333,32.2532
5092,444.501,18.520875,34.0288
4993,444.501,18.520875,34.0288
5192,444.501,18.520875,34.0288
5193,444.501,18.520875,34.0288
5093,444.501,18.520875,34.0288
2158,443.4027,18.475112499999998,33.024
2002,441.47339999999997,18.394724999999998,28.5745
2360,440.09979999999996,18.337491666666665,32.782399999999996
5103,439.9129,18.329704166666666,27.683300000000003
2457,439.5573,18.3148875,32.7443
2460,439.5573,18.3148875,32.7443
2459,439.5573,18.3148875,32.7443
2458,439.5573,18.3148875,32.7443
2560,439.5573,18.3148875,32.7443
2359,439.5573,18.3148875,32.7443
2358,439.5573,18.3148875,32.7443
2559,439.5573,18.3148875,32.7443
2357,439.5573,18.3148875,32.7443
2258,439.5573,18.3148875,32.7443
2259,439.5573,18.3148875,32.7443
4805,439.0025,18.291770833333334,26.5884
2001,438.88349999999997,18.2868125,28.4497
1824,438.3768,18.2657,27.098600000000005
2601,437.7291,18.238712500000002,28.3415
2102,437.7291,18.238712500000002,28.3415
2602,437.7291,18.238712500000002,28.3415
2303,437.7291,18.238712500000002,28.3415
2402,437.7291,18.238712500000002,28.3415
2501,437.7291,18.238712500000002,28.3415
2401,437.7291,18.238712500000002,28.3415
1901,437.7291,18.238712500000002,28.3415
2502,437.7291,18.238712500000002,28.3415
2200,437.6694,18.236225,29.0129
2427,437.2965,18.2206875,30.9178
9714,436.5991,18.19162916666667,25.1261
2302,436.0774,18.16989166666667,28.265400000000003
791,435.6645,18.1526875,53.1896
2201,435.0892,18.128716666666666,28.214399999999998
2301,433.8664,18.077766666666665,28.1555
815,432.0021,18.0000875,25.4274
2101,430.1304,17.9221,27.9754
2529,428.2672,17.844466666666666,36.6308
12,427.4653,17.81105416666667,28.2952
2202,425.4271,17.726129166666666,27.7488
114,425.0584,17.710766666666668,29.138799999999996
15,424.6356,17.69315,29.5714
214,423.2546,17.635608333333334,25.0873
1106,422.1083,17.587845833333333,25.2997
3205,421.3454,17.556058333333333,30.0147
2124,421.0345,17.543104166666666,32.1506
2701,418.7419,17.447579166666667,26.8257
2024,415.088,17.295333333333335,27.937600000000003
4603,410.1572,17.089883333333333,25.480000000000004
14,407.5464,16.9811,27.4423
592,404.5612,16.856716666666667,51.4858
2329,401.7512,16.739633333333334,28.563699999999997
5303,400.6661,16.694420833333332,24.6949
2429,397.2461,16.551920833333334,28.1269
1193,393.9608,16.415033333333334,38.827200000000005
891,390.6205,16.275854166666665,50.5951
1823,385.5685,16.065354166666665,25.7313
2328,385.0596,16.04415,27.1738
2100,383.9861,15.999420833333334,26.2893
2000,382.3433,15.930970833333333,26.515700000000002
2428,382.1175,15.9215625,26.9629
2528,381.5858,15.899408333333334,26.8378
5608,381.4155,15.892312500000001,29.156200000000002
1206,380.5197,15.8549875,22.6524
4102,380.2971,15.8457125,29.731899999999996
4574,377.8265,15.742770833333333,28.812999999999995
593,375.6474,15.651975,49.7705
991,373.1352,15.5473,49.6081
792,373.1352,15.5473,49.6081
892,373.1352,15.5473,49.6081
1091,373.1352,15.5473,49.6081
693,373.1352,15.5473,49.6081
692,373.1352,15.5473,49.6081
992,368.0075,15.333645833333334,47.6044
793,367.8874,15.328641666666668,46.91069999999999
1900,366.6536,15.277233333333333,25.874399999999998
5003,365.9031,15.2459625,23.5908
1129,365.1576,15.2149,22.2712
4402,361.7529,15.0730375,23.1329
2902,361.1373,15.0473875,24.757800000000003
3204,355.7118,14.821325,28.4727
3306,353.751,14.739624999999998,28.150799999999997
1800,352.224,14.676,25.481099999999998
3507,348.6439,14.526829166666666,28.0963
4703,347.7039,14.487662499999999,22.4655
5203,341.7609,14.2400375,21.8416
2903,341.3818,14.224241666666666,27.6931
993,340.4579,14.185745833333334,36.830000000000005
3604,338.1658,14.090241666666666,27.160800000000002
5604,337.5528,14.0647,20.6441
1295,337.3755,14.0573125,35.6245
1095,337.3755,14.0573125,35.6245
1093,337.3755,14.0573125,35.6245
1195,337.3755,14.0573125,35.6245
1294,337.3755,14.0573125,35.6245
1194,337.28679999999997,14.053616666666665,35.6167
994,337.122,14.046750000000001,35.6023
1094,336.9274,14.038641666666665,35.5853
3103,329.4724,13.728016666666667,27.247
3003,329.4724,13.728016666666667,27.247
3203,329.4724,13.728016666666667,27.247
3004,329.4724,13.728016666666667,27.247
3002,329.4724,13.728016666666667,27.247
3303,329.4724,13.728016666666667,27.247
3202,329.4724,13.728016666666667,27.247
3405,329.4724,13.728016666666667,27.247
3406,329.4724,13.728016666666667,27.247
3101,329.4724,13.728016666666667,27.247
3304,329.4724,13.728016666666667,27.247
3102,329.4724,13.728016666666667,27.247
3305,329.4724,13.728016666666667,27.247
3201,329.4609,13.727537499999999,27.2468
3506,329.3646,13.723525,27.2456
3404,329.2555,13.718979166666665,27.2443
3302,328.74199999999996,13.697583333333332,27.2384
3505,328.6617,13.6942375,27.2375
3001,328.4563,13.685679166666667,27.2469
9936,328.1263,13.671929166666667,19.1549
3403,327.33639999999997,13.639016666666665,27.222099999999998
3704,325.6521,13.5688375,27.310399999999998
3301,324.3576,13.514899999999999,27.1881
3903,323.38030000000003,13.474179166666667,27.117900000000002
3402,323.1847,13.466029166666667,27.174500000000002
4002,322.9997,13.458320833333334,26.7045
3902,322.3759,13.432329166666667,27.165099999999995
4101,322.3759,13.432329166666667,27.165099999999995
4001,322.3759,13.432329166666667,27.165099999999995
3803,322.3759,13.432329166666667,27.165099999999995
3602,322.3759,13.432329166666667,27.165099999999995
3901,322.3759,13.432329166666667,27.165099999999995
3503,322.3759,13.432329166666667,27.165099999999995
3801,322.3759,13.432329166666667,27.165099999999995
3802,322.3759,13.432329166666667,27.165099999999995
3603,322.3759,13.432329166666667,27.165099999999995
3703,322.3759,13.432329166666667,27.165099999999995
3502,322.3759,13.432329166666667,27.165099999999995
3601,322.3759,13.432329166666667,27.165099999999995
3702,322.3759,13.432329166666667,27.165099999999995
3605,322.3759,13.432329166666667,27.165099999999995
3701,322.3759,13.432329166666667,27.165099999999995
3401,321.25939999999997,13.385808333333332,27.106399999999997
3501,318.6684,13.27785,26.9703
1923,317.5309,13.230454166666666,24.577099999999998
4902,310.1562,12.923175,22.456999999999997
4801,302.3469,12.5977875,21.9206
4804,292.7234,12.196808333333335,19.1709
4802,292.6483,12.193679166666668,21.5096
4901,292.6483,12.193679166666668,21.5096
4903,292.5083,12.187845833333334,19.987
4701,291.1527,12.1313625,21.402099999999997
4803,288.5385,12.0224375,20.8641
4201,286.64209999999997,11.943420833333333,23.4746
5509,275.8386,11.493274999999999,18.662300000000002
1307,273.1331,11.380545833333334,16.5195
5607,271.1041,11.296004166666668,17.8516
5110,267.7897,11.157904166666667,20.6427
13,258.1405,10.755854166666666,19.0369
5104,257.5096,10.729566666666665,16.8858
5205,257.0443,10.710179166666668,16.1094
113,253.00900000000001,10.542041666666668,15.930800000000001
5105,249.3946,10.391441666666667,15.7582
4702,246.3251,10.263545833333334,18.1818
4601,243.22650000000002,10.1344375,17.976
1534,235.4984,9.812433333333333,15.582
1107,235.12619999999998,9.796925,14.289299999999999
5004,226.5902,9.441258333333334,15.586900000000002
5504,221.6308,9.234616666666666,14.7932
4301,219.1783,9.132429166666666,16.2069
4602,218.1132,9.08805,16.1552
4502,218.1132,9.08805,16.1552
4401,218.1132,9.08805,16.1552
4501,214.8781,8.953254166666666,15.9922
5705,212.9613,8.8733875,14.3754
4904,205.2756,8.55315,13.953100000000001
5704,204.1686,8.507025,13.887900000000002
5605,204.05730000000003,8.502387500000001,13.887900000000002
5606,203.9451,8.4977125,13.887900000000002
5304,203.7098,8.487908333333333,13.887900000000002
5106,203.7098,8.487908333333333,13.887900000000002
5404,203.7098,8.487908333333333,13.887900000000002
5406,203.7098,8.487908333333333,13.887900000000002
5405,203.7098,8.487908333333333,13.887900000000002
5305,203.7098,8.487908333333333,13.887900000000002
5005,203.7098,8.487908333333333,13.887900000000002
5506,203.7098,8.487908333333333,13.887900000000002
5505,203.7098,8.487908333333333,13.887900000000002
5307,203.7098,8.487908333333333,13.887900000000002
5507,203.7098,8.487908333333333,13.887900000000002
2901,203.3656,8.473566666666667,16.8719
5204,202.80349999999999,8.450145833333332,13.8371
5207,202.0761,8.4198375,13.7827
5306,199.4169,8.3090375,13.6118
5206,195.8973,8.1623875,13.385299999999999
5107,191.9847,7.9993625,13.1879
5407,189.9696,7.915400000000001,13.0042
5008,189.019,7.875791666666667,12.9875
5408,188.638,7.859916666666667,12.9188
5208,185.105,7.712708333333333,12.7774
5006,177.5808,7.3992,12.3283
5508,175.7698,7.323741666666667,12.091399999999998
5108,173.9599,7.248329166666667,12.3615
5109,169.5613,7.065054166666666,12.3048
4905,165.6071,6.900295833333334,11.708399999999997
5308,163.8013,6.825054166666667,11.522100000000002
5410,163.3828,6.807616666666667,11.554499999999999
5409,150.1235,6.255145833333334,10.7345
5309,145.133,6.047208333333334,10.6633
5209,139.6356,5.81815,10.556799999999999
5007,134.448,5.602,10.3268
4906,129.3575,5.389895833333333,10.1011
5210,129.1749,5.3822875,10.093
5310,129.13920000000002,5.380800000000001,10.083300000000001
1207,97.3609,4.056704166666667,6.7894
112,69.7055,2.9043958333333335,4.4971
2801,55.178999999999995,2.2991249999999996,3.6103
